"term_en","fr_rendering","source","frequency","occurrence_types","contexts","decision_needed"
"control limits",NA,NA,281,"prose","In the “Springboard” article just mentioned on , as indeed in much of my other writing, I have largely followed the guidance of Dr Donald J Wheeler by using som | - A very long while ago, I used to teach control-charting the “conventional” way, i.e. trying to interpret control limits in terms of probabilities, saying that | What do we see? All the data are contained between the Lower and Upper Control Limits (LCL and UCL). Even Ernie’s 3, just after the forthcoming performance appr",TRUE
"funnel","expérience de l'entonnoir","Établi: Minitab FR, ""Démonstration de l'expérience de l'entonnoir de Deming"", https://support.minitab.com/fr-fr/minitab/macro-library/macro-files/educational-macros/funnel/ — ""L'entonnoir représente le système des causes communes""; J.-M. Gogue (AFED) emploie aussi ""l'expérience de l'entonnoir""",271,"prose|ui","As mentioned near the end of the “Welcome” section, this is the reference list of preparatory tasks recommended for you to carry out between the different days  | **Before Day 3.** The more important task here is to prepare for the Funnel Experiment: see [Day 2 pages 43–44](../days/day-02/09-postscript.qmd#sec-page43) and | This is a very common phenomenon (no pun intended!). Even when people get to understand the concept of common-cause variation, they almost always hopelessly und",FALSE
"control chart",NA,NA,230,"prose","In the “Springboard” article just mentioned on , as indeed in much of my other writing, I have largely followed the guidance of Dr Donald J Wheeler by using som | In extract from *EST* on , I referred to the control chart (process behaviour chart) as being “a remarkable statistical technique which, to all intents and purp | But now let us return to the first paradox summarised on : the apparently strange matter of neither the all-important tool of the control chart nor its creator,",TRUE
"control charts",NA,NA,215,"prose","In the “Springboard” article just mentioned on , as indeed in much of my other writing, I have largely followed the guidance of Dr Donald J Wheeler by using som | Another great value of Don’s work is that, whereas it used to be the case that control charts were generally considered to require small *samples* of data to be | In extract from *EST* on , I referred to the control chart (process behaviour chart) as being “a remarkable statistical technique which, to all intents and purp",TRUE
"in-statistical-control","sous contrôle statistique","Établi dans la littérature francophone (Western Electric, ""Manuel du contrôle statistique de la qualité"", https://www.fr-deming.org/WECSQ.pdf; Shewhart trad. fr. ""Les fondements de la maîtrise de la qualité"", Economica, 1989). Variante: ""maîtrise statistique""",210,"prose|ui","In our context, and with our special interest in processes being in, or at least heading toward, statistical control, we might try to narrow the breadth of the  | > “Some of the earliest attempts to characterise a state of statistical control were inspired by the belief that there existed a special form of frequency funct | He was talking about the two obvious kinds of mistakes that can be made when analysing process data: i.e. concluding that a process is in statistical control wh",FALSE
"red-beads","expérience des billes rouges","J.-M. Gogue, ""L'expérience des billes rouges"", Association Française Edwards Deming, https://www.fr-deming.org/Billesrouges.pdf — ""L'expérience des billes rouges est un atelier conçu par William Edwards Deming""",185,"prose","In extract from *EST* on [Day 1 page 6](../days/day-01/02-rediscovered.qmd#sec-page6), I referred to the control chart (process behaviour chart) as being “a rem | title: ""DAY 2 — RED BEADS, CONTROL LIMITS & DAVE KERR’S WRAP-UP"" | *(Return to [Day 2 page 7](../days/day-02/02-intro-to-the-red-beads-experiment.qmd#sec-page7) or continue on [Day 2 page 8](../days/day-02/02-intro-to-the-red-b",FALSE
"system-of-profound-knowledge","Système de la Connaissance Approfondie","W. E. Deming, ""La connaissance approfondie"" (conf. Versailles, 6 juillet 1989), trad. Association Française Edwards Deming, https://www.fr-deming.org/WED_Versailles89.pdf — ""ce que je nomme la connaissance approfondie""",173,"prose|ui","I’ll prepare the ground by quoting *verbatim* from a magnificent presentation that Deming gave to an audience at the Palace of Versailles, France in 1989, trans | And, having got that far, we may as well complete the job! As we know, a large part of the ""Scientific Approach"" is based on the understanding of Shewhart's fou | But, since the links with the Joiner Triangle are not quite so all-embracing here as in the first two parts of the System of Profound Knowledge, I'll now make s",FALSE
"special-cause","causes spéciales","W. E. Deming, ""La connaissance approfondie"" (conf. Versailles, 6 juillet 1989), trad. Association Française Edwards Deming, https://www.fr-deming.org/WED_Versailles89.pdf — ""il provient réellement d'une cause spéciale""",133,"prose","> “So what shall we do? Anyone can set for himself a clean record from this hour henceforth on *one* of the two mistakes. But, if he does, he will achieve the m | Three quick notes here. Firstly, Deming’s use of the terms “common cause” and “special cause” will be described this afternoon. However, if you’d like to check  | This is a very common phenomenon (no pun intended!). Even when people get to understand the concept of common-cause variation, they almost always hopelessly und",FALSE
"Major Activity",NA,NA,124,"prose","**Before Day 6.** For some extra pages of printing for your convenience during Day 6’s Major Activity, etc: see . On this page there is also a reminder to prepa | **Before Day 8.** For some extra copies to aid you in Day 8’s Major Activity: see and . | **Before Day 9.** For just a little extra printing, mostly to aid you in Day 9’s Major Activity: see .",TRUE
"fourteen-points","les 14 points de Deming","Association Française Edwards Deming, ""Les 14 Points de Deming"", https://www.fr-deming.org/les14.html (titre exact de la page); issus de Deming, ""Hors de la crise"", trad. J.-M. Gogue, Economica",110,"prose|ui","(1) In the event that you are having difficulties here, I believe that plenty of thoughts will come to you as we work through the 14 Points and the Deadly Disea | Secondly, the more general lesson to learn from the words ""the need for"" in Point 3 is as follows. Although it may be feasible to start work on adopting some of | Too often this is the story. The management of a company, seized with a desire to improve quality and productivity, knowing not how to go about it, having not g",FALSE
"normal distribution",NA,NA,106,"prose","So the original readers, like Balaji, of the seventh article were already familiar with the previous six articles—whereas you, of course, are not. Alternatively | A useful start is a sentence from : [""If you are uncomfortable with the use of the concept of 'distribution' … , you can simply think in terms of a histogram ha | !Bell-shaped curve of the normal distribution",TRUE
"seven-deadly-diseases","les sept maladies mortelles","J.-M. Gogue, ""Le management selon Deming"", https://www.fr-deming.org/afed-F60.pdf — ""maladies mortelles qui affectent, selon Deming, la plupart des entreprises""; Deming, ""Hors de la crise"", trad. J.-M. Gogue, Economica",100,"prose|ui","**Before [Day 6](../days/day-06/01-introduction.qmd).** For some extra pages of printing for your convenience during Day 6’s Major Activity, etc: see [Day 5 pag | (1) In the event that you are having difficulties here, I believe that plenty of thoughts will come to you as we work through the 14 Points and the Deadly Disea | Secondly, the more general lesson to learn from the words ""the need for"" in Point 3 is as follows. Although it may be feasible to start work on adopting some of",FALSE
"run chart",NA,NA,79,"prose","So and . Thus the control limits at and , confirming the obvious message from the run chart that the process is trending downward. | The run chart for Simulation A's Rule 3 surprised me. I imagine it may also surprise you, assuming you had lots of fun and used games with Rule 3. In other word | Rule 3's behaviour is clearly catastrophic—though did you suspect that such would be the case when (as recalled on the previous page) we may have initially rega",TRUE
"Optional Extras",NA,NA,78,"prose","Finally, if and when you decide to venture into the **Optional Extras** but without printing that file, there are just two pages in both Parts A and B which you | Another great value of Don’s work is that, whereas it used to be the case that control charts were generally considered to require small *samples* of data to be | If, either now or subsequently, you wish to obtain more substantial help and guidance on constructing and interpreting control charts than is included in my Spr",TRUE
"standard deviation",NA,NA,77,"prose","Actually, it's a little misleading to talk of *""the""* normal distribution: there's a whole *family* of normal distributions. In particular, the ""bell-shape"" can | That question was largely addressed in the ""How do we compute those control limits—and why?"" section beginning on Day 3 page 13. There we argued how moving rang | Also as previously, we are likely to be interested in some way of measuring the *variation* of the numbers in our subgroup. On Day 3 we became familiar with the",TRUE
"Rating (0–5):",NA,NA,76,"ui","./content/days/day-10/03-activity-10a.qmd | ./content/days/day-10/05-activity-10b.qmd | ./content/days/day-11/05-activity-11a.qmd",TRUE
"Your comments.",NA,NA,76,"ui","./content/days/day-10/03-activity-10a.qmd | ./content/days/day-10/05-activity-10b.qmd | ./content/days/day-11/05-activity-11a.qmd",TRUE
"Scientific Approach",NA,NA,74,"prose","### Scientific Approach | A very strong emphasis on viewing an organisation as a system is obvious throughout the Attributes of a Leader. The relevance of the Scientific Approach to unde | This is a case where what relates to the other two corners of the Triangle is also immediately relevant here. Regarding All One Team: although quality depends i",TRUE
"Red Beads Experiment",NA,NA,72,"prose","In extract from *EST* on , I referred to the control chart (process behaviour chart) as being “a remarkable statistical technique which, to all intents and purp | But take a look back at Activity 1–e ( ) concerning the manager of the call-centre. What were your answers? The question there was in effect the same: how much  | Many years ago the late Dr Myron Tribus, a respected consultant and speaker, took around with him some randomly-generated data, displayed in a format somewhat s",TRUE
"common-cause","causes communes","W. E. Deming, ""La connaissance approfondie"" (conf. Versailles, 6 juillet 1989), trad. Association Française Edwards Deming, https://www.fr-deming.org/WED_Versailles89.pdf — ""variations aléatoires dues à des causes communes""",66,"prose|ui","> “So what shall we do? Anyone can set for himself a clean record from this hour henceforth on *one* of the two mistakes. But, if he does, he will achieve the m | Three quick notes here. Firstly, Deming’s use of the terms “common cause” and “special cause” will be described this afternoon. However, if you’d like to check  | What do we see? All the data are contained between the Lower and Upper Control Limits (LCL and UCL). Even Ernie’s 3, just after the forthcoming performance appr",FALSE
"joiner-triangle","","Aucune traduction française établie trouvée. Le ""Joiner triangle"" (Joiner Associates) n'apparaît pas avec un rendu normalisé dans la littérature Deming francophone. Rendu à décider (p. ex. ""triangle de Joiner"").",63,"prose","*(Return to [Day 4 page 4](../days/day-04/02-the-joiner-triangle.qmd#sec-page4).)* | *(Return to [Day 4 page 5](../days/day-04/02-the-joiner-triangle.qmd#sec-page5).)* | *(Return to [Day 4 page 10](../days/day-04/02-the-joiner-triangle.qmd#sec-page10) or continue on [Day 4 page 11](../days/day-04/02-the-joiner-triangle.qmd#sec-p",TRUE
"New Economics",NA,NA,62,"prose","Since there is considerable discussion on the Funnel Experiment in *DemDim* Chapter 5 and also in both *Out of the Crisis* (pages 280–284 [327–332]) and *The Ne | DEMING W Edwards, *The New Economics for Industry, Government, Education*. Massachusetts Institute of Technology, Center for Advanced Engineering Study, Cambrid | MIT Press (*Out of the Crisis* and *The New Economics*):",TRUE
"transformation","transformation","W. E. Deming, ""La connaissance approfondie"" (Versailles 1989), https://www.fr-deming.org/WED_Versailles89.pdf — ""cette transformation nous ramène à la motivation intrinsèque""; J.-M. Gogue, ""Le management selon Deming"", https://www.fr-deming.org/afed-F60.pdf — ""la transformation du Japon""",60,"prose|ui","> ""We come back to this hotel (the Copthorne Orchid in Penang) year after year, as do many more people from the four corners of the Earth. The hotel is old, run | ### 2. The supposition that solving problems, automation, gadgets, and new machinery will transform industry. | At the time of first hearing of ""six-sigma"" quality, one of my frequent battles had been (and continued to be) that of getting people to think seriously of impr",FALSE
"Second Project",NA,NA,52,"prose","As mentioned near the end of the “Welcome” section, this is the reference list of preparatory tasks recommended for you to carry out between the different days  | **Before Day 10.** For details of your preparation for the Second Project: see . | **Before Day 11.** For details of preparation for the second half of the Second Project: see .",TRUE
"flow diagram",NA,NA,51,"prose","!Medical research organisation flow diagram | My main initial task was to help set up and supervise a company-wide training scheme, mostly on some of what are often referred to as the “old tools” or “seven  | The two diagrams shown on the next page, or close variants of them, will be seen again, particularly on Days 9 and 4 respectively. Their importance is indicated",TRUE
"Gallery Furniture",NA,NA,49,"prose","Gallery Furniture: | Dr Deming touched many lives both directly and indirectly. One amongst those, as you know from Day 6, was James McIngvale of Gallery Furniture. I finished my se | As a relief from the possible gloom to do with diseases, obstacles, and the fact that many managers certainly do *not* regard the 14 Points as “Obligations”, on",TRUE
"operational-definition","définition opérationnelle","W. E. Deming, ""La connaissance approfondie"" (Versailles 1989), https://www.fr-deming.org/WED_Versailles89.pdf — ""Les définitions opérationnelles donnent une signification communicable à un concept (voir le livre Hors de la Crise, chapitre 10)""; Deming, ""Hors de la crise"", trad. J.-M. Gogue, Economica",49,"prose|ui","> “So what shall we do? Anyone can set for himself a clean record from this hour henceforth on *one* of the two mistakes. But, if he does, he will achieve the m | Three quick notes here. Firstly, Deming’s use of the terms “common cause” and “special cause” will be described this afternoon. However, if you’d like to check  | Links to the Joiner Triangle are less direct in the case of Theory of Knowledge, but nonetheless they are still there. Consider my grouping of the issues into """,FALSE
"moving ranges",NA,NA,47,"prose","As before, the moving ranges are printed in italics: | I'll move straight on to **Rule 4** since that's the one you have dealt with most recently. The clue as to what happens to the control limits here follows direc | **Rule 3**'s zig-zag effect is the complete opposite. (This is *negative* autocorrelation.) ""Zig-zag"" *means* up-down-up-down-up … : i.e. here the moving ranges",TRUE
"theory-of-knowledge","Théorie de la connaissance","W. E. Deming, ""La connaissance approfondie"" (Versailles 1989), https://www.fr-deming.org/WED_Versailles89.pdf — titre de section ""La théorie de la connaissance""",47,"prose|ui","Links to the Joiner Triangle are less direct in the case of Theory of Knowledge, but nonetheless they are still there. Consider my grouping of the issues into "" | But, since the links with the Joiner Triangle are not quite so all-embracing here as in the first two parts of the System of Profound Knowledge, I'll now make s | A. [Appreciation for a system]{.deming_quote} B. [Some knowledge of theory of variation]{.deming_quote} C. [Theory of knowledge]{.deming_quote} D. [Knowledge of",FALSE
"Central Line",NA,NA,44,"prose","Regarding the control limits, there are two influences with Rule 2 that will widen the gap between them. Firstly, there is the approximately 40% increase in var | !Control chart showing an in-control process whose distance from the Central Line to either Specification Limit is only about 4.5σ, short of six-sigma quality | The process appears to be in statistical control, but the distance from the Central Line to either Specification Limit is only around 4.5σ rather than the desir",TRUE
"psychology","Psychologie","W. E. Deming, ""La connaissance approfondie"" (Versailles 1989), https://www.fr-deming.org/WED_Versailles89.pdf — titre de section ""La connaissance de la psychologie""",42,"prose|r|ui","At the very start of the Psychology section, we observed a considerable concentration on system thinking, concerning interactions not only between people and ot | A. [Appreciation for a system]{.deming_quote} B. [Some knowledge of theory of variation]{.deming_quote} C. [Theory of knowledge]{.deming_quote} D. [Knowledge of | Where are we now? We have just mentioned matters to do with psychology. ""Knowledge of Psychology"" is the fourth and final part of the System of Profound Knowled",FALSE
"six sigma",NA,NA,42,"prose","Part E of the Optional Extras: ""Is There *Anything* Normal about Control Charts?"" is effectively a rewrite of the sixth of those short articles. That article wa | But beware! If you read Part E of the Optional Extras you will find me referring on page 60 to the famous British statistician, the late Professor George Box, s | Finally in this preamble to my revision of the seventh *SPC—Back to the Future* article, ""six-sigma"" quality is involved with judging quality in terms of confor",TRUE
"Stats level",NA,NA,42,"prose","There is a close analogy in the branch of traditional Statistics known as the Design of Experiments or Analysis of Variance (so if you're Stats-level 0 then you | Now of course, in a sense, part of this discussion has become academic: in practice, when either Rule 3 or 4 behaviour starts to become at all extreme then it w | So how can I guide you through these various possibilities? I’m going to ask you to choose which of four “Stats-levels” you feel is most suitable for you. Stats",TRUE
"understanding variation",NA,NA,41,"prose","If, either now or subsequently, you wish to obtain more substantial help and guidance on constructing and interpreting control charts than is included in my Spr | The subject of Statistics has largely been developed by mathematicians: indeed it is sometimes regarded simply (and wrongly) as merely a branch of Mathematics.  | Mathematics has, of course, contributed greatly to the development of Statistics. And, reflecting our interpretation of “Statistics” as “understanding variation",TRUE
"Type your comments here.",NA,NA,40,"ui","./content/days/day-01/07-quality-theory.qmd | ./content/days/day-01/08-attraction.qmd | ./content/days/day-02/01-run-charts.qmd",TRUE
"Technical Aid",NA,NA,38,"prose|ui","## Technical Aid 4 | Now of course, in a sense, part of this discussion has become academic: in practice, when either Rule 3 or 4 behaviour starts to become at all extreme then it w | So, what are those ""various possibilities"" of what you might do next? The most challenging approach would be to throw you in at the deep end and simply suggest ",TRUE
"loss function",NA,NA,37,"prose","There is obviously something wrong when a measured characteristic barely inside a specification is declared to be conforming; outside it is declared to be nonco | [""A better description of the world is the Taguchi loss function""] said Deming on *Out of the Crisis* page 120 *[141]*. What's that when it's at home?! Basicall | Years later, when I first came across the Taguchi Loss Function (studied on Day 7), I found rather more justification for concentrating on the variance than pur",TRUE
"performance appraisal",NA,NA,37,"prose","What do we see? All the data are contained between the Lower and Upper Control Limits (LCL and UCL). Even Ernie’s 3, just after the forthcoming performance appr | As covered in my discussion, the whole concept of judgmental performance appraisal flies in the face of the fundamental understanding of variation: where does m | On , I include what I trust are some wise words on putting theory into practice. I advise doing things gradually rather than precipitously and I spend a little ",TRUE
"Commentary",NA,NA,35,"ui","./content/days/day-01/07-quality-theory.qmd | ./content/days/day-02/01-run-charts.qmd | ./content/days/day-02/02-intro-to-the-red-beads-experiment.qmd",TRUE
"difference between",NA,NA,35,"prose","Several further “profound messages” are to be found in the references provided earlier. But I shall content myself here with just one more. And this is (or shou | The run chart for Simulation A's Rule 3 surprised me. I imagine it may also surprise you, assuming you had lots of fun and used games with Rule 3. In other word | Links to the Joiner Triangle are less direct in the case of Theory of Knowledge, but nonetheless they are still there. Consider my grouping of the issues into """,TRUE
"continual improvement",NA,NA,34,"prose","| Worker | Remark | |---|---| | Audrey’s 16 | “What a terrible start. But you’ve only just been trained—weren’t you watching?” | | John’s 9 | “That’s better.” | | You might possibly regard the first issue as somewhat ""quirky"", but some people are puzzled by it. Both phrases ""continuous improvement"" and ""continual improvem | I was delighted when, several years ago, I first heard the phrase ""six-sigma quality"", made famous through the quality programme bearing that name at Motorola, ",TRUE
"Edwards Deming",NA,NA,34,"prose","KILIAN Cecelia S, *The World of W Edwards Deming*. SPC Press, Knoxville, TN (2nd edition 1992). | WEDI (The W Edwards Deming Institute) (USA): | After Japan faced the repeated wrath of the tsunamis and earthquakes in 2011, they managed to resurrect themselves remarkably quickly. A note was sent from the ",TRUE
"top management",NA,NA,33,"prose","## Point 14. Top management commitment and action *( )* | Recall the emphasis on *innovation* in the discussion of Point 1 in *Out of the Crisis*. There (on page 24*[25]* of his book) Dr Deming states unambiguously tha | Improvement of quality and productivity, to be successful in any company, must be a learning process, year by year, top management leading the whole company.",TRUE
"cause variation",NA,NA,32,"prose","### Common-cause variation is much larger than expected | One important fact to learn and appreciate is how *large* common-cause variation (variation produced by the system) can be. With 20% of the beads being red, it  | This is a very common phenomenon (no pun intended!). Even when people get to understand the concept of common-cause variation, they almost always hopelessly und",TRUE
"Deming's teaching",NA,NA,32,"prose","But instead, let's go more directly to the Points and Deadly Diseases. In Part D you will have seen strong emphasis on matters such as dignity, self-esteem, res | Dr Deming touched many lives both directly and indirectly. One amongst those, as you know from Day 6, was James McIngvale of Gallery Furniture. I finished my se | Along with all of this knowledge, we have seen something of how the Japanese not only learned from, but also *interpreted* and *applied*, Deming's teaching. The",TRUE
"First Project",NA,NA,31,"prose","As already observed, there cannot be much that was written earlier under ""All One Team"" that does not identify directly here with [""work together""] . We have al | The style of what I have to say here is much the same as for Activity 10–a. In this case, the eye is most immediately drawn to the ""Scientific Approach"" corner  | Yet again, this pattern is quite well-reflected in what happens during this course. For example, there is often some discussion on the various requests for acti",TRUE
"Taguchi loss",NA,NA,31,"prose","There is obviously something wrong when a measured characteristic barely inside a specification is declared to be conforming; outside it is declared to be nonco | [""A better description of the world is the Taguchi loss function""] said Deming on *Out of the Crisis* page 120 *[141]*. What's that when it's at home?! Basicall | Actually, if you want to measure ""quality"", a little mathematics shows that Taguchi's study of ""loss"" leads to a very neat criterion. (For those who are interes",TRUE
"conventional Statistics",NA,NA,30,"prose","And there’s the difficulty. What kind of “terms and conditions” could possibly be specified that would apply in practice to data from processes of all the kinds | This article that Balaji Reddie has been very keen for me to show you (see his ""Contributions"" page 33) was the seventh in a series of eight short articles that | So the original readers, like Balaji, of the seventh article were already familiar with the previous six articles—whereas you, of course, are not. Alternatively",TRUE
"six-processes","","Aucune traduction française établie trouvée dans la littérature Deming francophone pour ""Six Processes"" en tant que cadre nommé. (Gogue emploie ""étude des processus"" pour un concept distinct, https://www.fr-deming.org/afed-F60.pdf.) Rendu à décider.",30,"prose","**Before Day 3.** The more important task here is to prepare for the Funnel Experiment: see [Day 2 pages 43–44](../days/day-02/09-postscript.qmd#sec-page43) and | Apart from the feature of possibly wandering off to relatively enormous distances from wherever it starts, there is another aspect of Rule 4 which is often seen | So, in both cases, compute the positions of the Central Line and control limits from the data over your chosen baseline and draw them in on your run chart. Now,",TRUE
"Willing Workers",NA,NA,30,"prose","What do we see? All the data are contained between the Lower and Upper Control Limits (LCL and UCL). Even Ernie’s 3, just after the forthcoming performance appr | That is not what the Foreman thought—he thought it was *all* due to the Willing Workers! | Practically, surely the most important conclusion of all is that, if improvement is desired (as it should surely be), it is the *system* within which the worker",TRUE
"probability distribution",NA,NA,29,"prose","No probabilities, no fancy theory, no assumptions about any particular probability distribution, etc—*experience*! Shewhart carried out a lot of experimentation | - Summarising ""raw data"" through pictures such as histograms and the calculation of ""sample statistics"" such as the sample mean *X̄* and the sample standard dev | Portrayal of the probabilities of all possible individual outcomes in the situation being considered, either as a picture like that on page 38 or just the numbe",TRUE
"zig zag",NA,NA,28,"prose","**Rule 3**'s zig-zag effect is the complete opposite. (This is *negative* autocorrelation.) ""Zig-zag"" *means* up-down-up-down-up … : i.e. here the moving ranges | Regarding the control limits, there are two influences with Rule 2 that will widen the gap between them. Firstly, there is the approximately 40% increase in var | ### Rules 2 and/or 3 (""zig-zag"")",TRUE
"Control Limit",NA,NA,27,"prose","What do we see? All the data are contained between the Lower and Upper Control Limits (LCL and UCL). Even Ernie’s 3, just after the forthcoming performance appr | Again let's look first at the short control charts of the two simulations. The second one does not appear to have anything much to tell us, but I suggest the fi | !First long Rule 2 control chart: persistent zig-zag pattern throughout all 50 points, with the run line never approaching either control limit — the hugging-th",TRUE
"normally distributed",NA,NA,27,"prose","And there’s the difficulty. What kind of “terms and conditions” could possibly be specified that would apply in practice to data from processes of all the kinds | - A very long while ago, I used to teach control-charting the “conventional” way, i.e. trying to interpret control limits in terms of probabilities, saying that | Nevertheless, the normal distribution has such appealing mathematical properties for the conventional statistician that I need to tell you a little more about i",TRUE
"process limits",NA,NA,27,"prose","In the “Springboard” article just mentioned on , as indeed in much of my other writing, I have largely followed the guidance of Dr Donald J Wheeler by using som | It is when processes are *only* being affected by such inherent causes that they fluctuate between their natural process limits. We say that processes are ""norm | Walter Shewhart referred to both types of fluctuations as ""variation"". By a process behaving ""normally"" we mean it has ""normal"" variation. (Incidentally, in cas",TRUE
"Central Limit",NA,NA,26,"prose","- A very long while ago, I used to teach control-charting the “conventional” way, i.e. trying to interpret control limits in terms of probabilities, saying that | - Introduction - Part A: Using control charts on Funnel Experiment data — an extension of Major Activity 3–h 1. Introduction 2. Rules 1 and 2 of the Funnel *(** | For example, the ""conventional"" student has been taught that both the theory and ""validity"" of control charts depend upon traditional Mathematical Statistical f",TRUE
"Central Limit Theorem",NA,NA,25,"prose","- A very long while ago, I used to teach control-charting the “conventional” way, i.e. trying to interpret control limits in terms of probabilities, saying that | - Introduction - Part A: Using control charts on Funnel Experiment data — an extension of Major Activity 3–h 1. Introduction 2. Rules 1 and 2 of the Funnel *(** | For example, the ""conventional"" student has been taught that both the theory and ""validity"" of control charts depend upon traditional Mathematical Statistical f",TRUE
"Deming philosophy",NA,NA,25,"prose","My acquaintance was, in fact, also now a member of staff in another part of the same university. This was around the time that British universities were first b | > And for the third time, here I have quoted all that Dr Deming wrote for a particular Obstacle. > > This Obstacle struck a loud chord for me. In my very early  | That note was written by Dr Deming's elder daughter, Diana. One of the most distinguishing features of the Deming philosophy is the understanding of the pros an",TRUE
"pdsa-cycle","PDSA","Contesté. Deming désavoue ""PDCA""/""roue de Deming"" et préfère ""cycle de Shewhart"" / PDSA (J.-M. Gogue, ""PDCA : méfiez-vous des imitations"", https://www.fr-deming.org/afed-F54.pdf; Roue de Deming — Wikipédia FR, https://fr.wikipedia.org/wiki/Roue_de_Deming). Aucune traduction FR normalisée du sigle PDSA (Plan-Do-Study-Act); ""Planifier-Développer-Étudier-Agir"" non confirmée.",25,"prose","## PDSA cycle (Plan-Do-Study-Act) {#pdsa-cycle} | An iterative improvement cycle: Plan, Do, Study, Act. Deming preferred ""Study"" over the simpler ""Check"" because the third step is where the real learning takes  | [First defined in context: Day 1, ""The Deming story""](../days/day-01/11-deming-story.qmd#pdsa-cycle).",TRUE
"Taguchi loss function",NA,NA,25,"prose","There is obviously something wrong when a measured characteristic barely inside a specification is declared to be conforming; outside it is declared to be nonco | [""A better description of the world is the Taguchi loss function""] said Deming on *Out of the Crisis* page 120 *[141]*. What's that when it's at home?! Basicall | Years later, when I first came across the Taguchi Loss Function (studied on Day 7), I found rather more justification for concentrating on the variance than pur",TRUE
"conventional statistician",NA,NA,24,"prose","Nevertheless, the normal distribution has such appealing mathematical properties for the conventional statistician that I need to tell you a little more about i | So, whether or not you have a background in conventional Statistics, there you have many clues as to why much of the remaining content has been included within  | Assuming you do not have much or any background in conventional Statistics, this section will (like the first section) contain some words, terms and phrases wit",TRUE
"moving range",NA,NA,24,"prose","The moving ranges add up to 18. There are nine of them and so the average moving range is = 18 ÷ 9 = 2 minutes. Then, if you recall, we compute the distance on  | But, with our knowledge of what Rule 2 is, isn't that precisely what we would expect? Rule 2's compensation mechanism virtually ensures that particularly high v | That question was largely addressed in the ""How do we compute those control limits—and why?"" section beginning on Day 3 page 13. There we argued how moving rang",TRUE
"organisation chart",NA,NA,24,"prose","> ""It all goes back to understanding a system. And that is the way I taught the Japanese top management in 1950. The aim of the system. Draw a flow diagram: wha | An organisation chart! How the organisation should be organised! As opposed to what? Well, I think you may agree that there is some rather neat implicit teachin | So what? One way of answering that question is to relate something further that I learned from Peter Scholtes; and (not by coincidence, I suggest) this is ""up-f",TRUE
"random variables",NA,NA,24,"prose","A straightforward yet vital property of expected values is that they are *additive*. If we express this property in terms of ""long-term averages"" you will soon  | But what about the expected value of the *product* of two random variables? (""Product"" is the jargon for *multiplying* two or more things together.) So is equal | But back to the original question: is the expected value of the product of two (or more) random variables equal to the product of their individual expected valu",TRUE
"true stories",NA,NA,24,"prose","## Two true stories | Let's look at a couple of true stories to illustrate these important matters. | Hopefully encouraged by that story, we return on Day 7 to many of the problematic matters that are raised in the 14 Points, etc. Day 7 includes numerous true st",TRUE
"probability distributions",NA,NA,23,"prose","My great friend Don Wheeler (from whom I've learned so much over the years) told me about a family of probability distributions that was studied by Irving W Bur | - Introduction - Part A: Using control charts on Funnel Experiment data — an extension of Major Activity 3–h 1. Introduction 2. Rules 1 and 2 of the Funnel *(** | - Summarising ""raw data"" through pictures such as histograms and the calculation of ""sample statistics"" such as the sample mean *X̄* and the sample standard dev",TRUE
"random variable",NA,NA,23,"prose","In Statistics books and courses you will often see the term ""random variable"", and I shall also use this term from time to time later in this material. A ""rando | However, before moving on to that section, let's get into just a little detail about probabilities when we have a normal distribution. So far we have establishe | On the next page there are the same three ""graphs of the normal curve"" as above but now with some ""proportions of area thereunder"" inserted. So, as an example, ",TRUE
"See Appendix",NA,NA,23,"prose","(For brief discussion see Appendix page 6.) | *(For brief but very important discussion, see Appendix page 7 one more time.)* | (For discussion see Appendix page 14.)",TRUE
"Your notes on this item.",NA,NA,23,"ui","./content/days/day-10/02-appreciation-for-a-system.qmd | ./content/days/day-10/04-theory-of-variation.qmd | ./content/days/day-11/02-theory-of-knowledge-prediction.qmd",TRUE
"crash course",NA,NA,22,"prose","This article that Balaji Reddie has been very keen for me to show you (see his ""Contributions"" page 33) was the seventh in a series of eight short articles that | So the original readers, like Balaji, of the seventh article were already familiar with the previous six articles—whereas you, of course, are not. Alternatively | - Introduction - Part A: Using control charts on Funnel Experiment data — an extension of Major Activity 3–h 1. Introduction 2. Rules 1 and 2 of the Funnel *(**",TRUE
"Deming Dimension",NA,NA,22,"prose","NEAVE, H R, *The Deming Dimension*. SPC Press, Knoxville, TN (1990). | Also in America, SPC Press Inc ( ), who published my book *The Deming Dimension* in 1990 (see pages 12–13 in the Welcome section of file A. PLEASE START HERE),  | ## The Deming Dimension",TRUE
"run charts",NA,NA,22,"prose","**Rule 2** is yet another matter. Unusually, this overcompensation problem is often quite difficult to recognise by comparing run charts alone. There is some te | If you are intending to study Part A: ""Using Control Charts on Funnel Experiment data"" then on pages 6 and 7 you will need to draw run-charts and then control c | As you'll recall, in Major Activity 3–h you summarised your data from Rules 1 and 2 of the Funnel on histograms and your data from Rules 3 and 4 on run charts. ",TRUE
"appreciation-for-a-system","Appréciation d'un système","W. E. Deming, ""La connaissance approfondie"" (Versailles 1989), https://www.fr-deming.org/WED_Versailles89.pdf (partie sur l'appréciation du système); rendu confirmé par la littérature AFED francophone",21,"prose|ui","A. [Appreciation for a system]{.deming_quote} B. [Some knowledge of theory of variation]{.deming_quote} C. [Theory of knowledge]{.deming_quote} D. [Knowledge of | ### Appreciation for a System | Deming's attempt to summarise the essence of his whole life's work. It comprises four major parts — Appreciation for a System, Theory of Variation, Theory of Kn",FALSE
"Peter Scholtes's",NA,NA,21,"prose","After writing so much on what can and does go wrong, let's return to the System of Profound Knowledge. In case you might find it helpful, I would like to give y | I liked it! Three succinctly-expressed major foundations of Dr Deming's work, and displayed in a simple diagrammatical form which also clearly broadcasts the me | It may be wise at this stage for me to remind you of my warning at the bottom of Appendix page 23 (see also my ""Obsession With Quality"" comment on about the dan",TRUE
"Quality Control",NA,NA,21,"prose","In our context, and with our special interest in processes being in, or at least heading toward, statistical control, we might try to narrow the breadth of the  | ### 8. ""Our Quality Control Department takes care of all our problems of quality."" | Unfortunately, Quality Control Departments have taken the job of quality away from the people that can contribute most to quality—management, supervisors, manag",TRUE
"SPC Press",NA,NA,21,"prose","During Day 3 you were introduced to the ancient but valuable study by Don Wheeler of ""A Japanese Control Chart"": it is examined in some detail in Part B of the  | KILIAN Cecelia S, *The World of W Edwards Deming*. SPC Press, Knoxville, TN (2nd edition 1992). | NEAVE, H R, *The Deming Dimension*. SPC Press, Knoxville, TN (1990).",TRUE
"theory-of-variation","Connaissance de la variation","W. E. Deming, ""La connaissance approfondie"" (Versailles 1989), https://www.fr-deming.org/WED_Versailles89.pdf — ""La connaissance des variations""; ""connaissance pour l'étude des variations"". Variante établie: ""théorie des variations"" (Techniques de l'Ingénieur, ""Découvrir Deming, la théorie des variations"").",21,"prose|ui","But the links are stronger still. In one of my seminars I often used a slide which simply shows the Joiner Triangle with two words inscribed in the middle: ""Red | A. [Appreciation for a system]{.deming_quote} B. [Some knowledge of theory of variation]{.deming_quote} C. [Theory of knowledge]{.deming_quote} D. [Knowledge of | ### Some Knowledge of Theory of Variation",FALSE
"New Climate",NA,NA,20,"prose","On Days 2 and 3, the Major Activities will mainly be matters of time rather than requiring a great deal of deep thought. But, after Day 3, the Major Activities  | We shall cover these three emphases on Day 8 (see also *DemDim* Part 3: “The New Climate”). | ## The 1980s (second half): A new climate",TRUE
"sample size",NA,NA,20,"prose","- Summarising ""raw data"" through pictures such as histograms and the calculation of ""sample statistics"" such as the sample mean *X̄* and the sample standard dev | Notice how, with sample size , the picture is noticeably different from the picture of probabilities on the previous page but that, by the time we reach , the s | The above link between probability distributions and histograms immediately raises the idea of a *probability distribution* having its own *mean* and *standard ",TRUE
"chart constants",NA,NA,19,"prose","- Introduction - Part A: Using control charts on Funnel Experiment data — an extension of Major Activity 3–h 1. Introduction 2. Rules 1 and 2 of the Funnel *(** | In this section we'll introduce the type of control charts that are almost universally employed for studying subgrouped data. There are other possibilities but, | And how about the second of the pair of control charts, the *R*-chart, on which we plot subgroup ranges? Obviously enough, the Central Line here will be the mea",TRUE
"control chart constants",NA,NA,19,"prose","- Introduction - Part A: Using control charts on Funnel Experiment data — an extension of Major Activity 3–h 1. Introduction 2. Rules 1 and 2 of the Funnel *(** | In this section we'll introduce the type of control charts that are almost universally employed for studying subgrouped data. There are other possibilities but, | And how about the second of the pair of control charts, the *R*-chart, on which we plot subgroup ranges? Obviously enough, the Central Line here will be the mea",TRUE
"conventional statistician's",NA,NA,19,"prose","- Introduction - Part A: Using control charts on Funnel Experiment data — an extension of Major Activity 3–h 1. Introduction 2. Rules 1 and 2 of the Funnel *(** | So, whether or not you have a background in conventional Statistics, there you have many clues as to why much of the remaining content has been included within  | That question was largely addressed in the ""How do we compute those control limits—and why?"" section beginning on Day 3 page 13. There we argued how moving rang",TRUE
"numerical targets",NA,NA,19,"prose","The strong link here is wholly obvious. But note the implications concerning management style. Anything (and there is often much) that management does to erect  | ## Point 11. Eliminate arbitrary numerical targets *( )* | Again, this is quality ""across the board"". Those [""arbitrary numerical targets""] do the opposite—they focus attention on bits and pieces of the picture and, if ",TRUE
"parts per",NA,NA,19,"prose","But beware! If you read Part E of the Optional Extras you will find me referring on page 60 to the famous British statistician, the late Professor George Box, s | Sadly, my enthusiasm was short-lived. First, I soon came across some advisors who were extolling the virtue of ""six-sigma"" quality as being the greater freedom  | First, just a few weeks after initially hearing about ""six-sigma"", I read papers in two journals (which I shall not reference because I don't want you to read t",TRUE
"visible figures",NA,NA,19,"prose","## Disease 5. Use of only visible figures *( )* | With that summary of invisible figures in mind, the obstructive effect to real quality of dependence on only visible figures becomes immediately evident—frighte | With regard to that response I have often noticed how, once people have become familiar with control charts and how to interpret them—particularly in terms of c",TRUE
"binomial distribution",NA,NA,18,"prose","- Introduction - Part A: Using control charts on Funnel Experiment data — an extension of Major Activity 3–h 1. Introduction 2. Rules 1 and 2 of the Funnel *(** | ## Probability distributions, particularly the binomial distribution | Let's develop the same theme to find the *standard deviation* σ or the *variance* σ² of this simple binomial distribution. So now we want to find the long-term ",TRUE
"dice score",NA,NA,18,"prose","With the equipment as described, when the marble is dropped through the funnel it will finish up either to the left or right of the funnel or sometimes directly | A particularly appealing way of considering this strategy (i.e. Rule 2 of the Funnel) is that it tells you to move the funnel to the position (27) where, if onl | The same 20–40 track, with the **funnel placed above square 27** and the **marble resting on square 30** (the bullseye target). This is the Rule 2 thought-exper",TRUE
"intrinsic motivation",NA,NA,18,"prose","But instead, let's go more directly to the Points and Deadly Diseases. In Part D you will have seen strong emphasis on matters such as dignity, self-esteem, res | Nevertheless, it could well be possible to see strong links between just this one aspect of Part D (let alone all the rest of it) and the need to adopt all the  | One of the most important reasons that the Japanese became so successful was that they did understand this. They focused on putting the right people in the righ",TRUE
"process data",NA,NA,18,"prose","He was talking about the two obvious kinds of mistakes that can be made when analysing process data: i.e. concluding that a process is in statistical control wh | A useful start is a sentence from : [""If you are uncomfortable with the use of the concept of 'distribution' … , you can simply think in terms of a histogram ha | But beware! If you read Part E of the Optional Extras you will find me referring on page 60 to the famous British statistician, the late Professor George Box, s",TRUE
"Specification Limit",NA,NA,18,"prose","!Control chart showing an in-control process whose distance from the Central Line to either Specification Limit is only about 4.5σ, short of six-sigma quality | The process appears to be in statistical control, but the distance from the Central Line to either Specification Limit is only around 4.5σ rather than the desir | !Control chart showing the same process after improvement: σ has been reduced so the distance from the Central Line to each Specification Limit is now about 6σ",TRUE
"Statistics Tables",NA,NA,18,"prose","*EST*. Abbreviation for my *Elementary Statistics Tables* (see below). | NEAVE, H R, *Elementary Statistics Tables*. George Allen & Unwin (1981), Routledge (2nd edition 2011). | NEAVE, H R, *Statistics Tables for Mathematicians, Engineers, Economists and the Behavioural and Management Sciences*. George Allen & Unwin (1978), Routledge (2",TRUE
"Technical Aids",NA,NA,18,"prose","There was some brief discussion on Day 3 about the length of the baseline in Technical Aids 8 (page 17) and 9 (page 27). In practice, the choice of baseline len | On the other hand, you may of course *wish* to learn a little more or even a lot more about control charts. In that case I’ll mention three possibilities which  | **Stats-level 0**: Don’t even bother with the few Technical Aids on Days 2 and 3. But you *will* be asked to look at some pictures!",TRUE
"The Deming of America",NA,NA,18,"prose","But, since the links with the Joiner Triangle are not quite so all-embracing here as in the first two parts of the System of Profound Knowledge, I'll now make s | *The Deming of America*. Petty Consulting Productions, Cincinnati. | In *The Deming of America* video, he repeated those exact words. This certainly startled Priscilla Petty, his interviewer! Deming then recalled that occasion at",TRUE
"Deadly Disease",NA,NA,17,"prose","This is where Dr Deming saw this Deadly Disease as being its most damaging (*Out of the Crisis* page 103 *[121]*): | As we know, Points 1 and 5 and the first Deadly Disease are concerned with genuine, sustained and sustainable improvement, and that most certainly is what the D | The three items under ""Operational Definitions"" also have some interesting contributions to make. Item 7 is particularly important with reference to Point 9: ""B",TRUE
"expected value",NA,NA,17,"prose","Unfortunately, that notation is an abbreviation for surely one of the biggest misnomers in the whole subject of Statistics! It stands for ""Expectation"" or ""Expe | So, if expected values can be *added* together, perhaps a natural follow-on question is whether they can be straightforwardly *multiplied* together. That's not  | But what about the expected value of the *product* of two random variables? (""Product"" is the jargon for *multiplying* two or more things together.) So is equal",TRUE
"Lower Control",NA,NA,17,"prose","What do we see? All the data are contained between the Lower and Upper Control Limits (LCL and UCL). Even Ernie’s 3, just after the forthcoming performance appr | The upper and lower control limits for the statisticians’ data are UCL = 16.4 and LCL = 0.5. | The upper and lower control limits for the Spaniards’ data are UCL = 20.1 and LCL = 2.4.",TRUE
"mass inspection",NA,NA,17,"prose","Secondly, the more general lesson to learn from the words ""the need for"" in Point 3 is as follows. Although it may be feasible to start work on adopting some of | An Obsession With Quality will surely result in quality being improved way beyond that which needs mass inspection to verify it. Notice again the words ""the nee | ## Point 3. Cease dependence on mass inspection",TRUE
"normal distributions",NA,NA,17,"prose","Actually, it's a little misleading to talk of *""the""* normal distribution: there's a whole *family* of normal distributions. In particular, the ""bell-shape"" can | My great friend Don Wheeler (from whom I've learned so much over the years) told me about a family of probability distributions that was studied by Irving W Bur | Walter Shewhart referred to both types of fluctuations as ""variation"". By a process behaving ""normally"" we mean it has ""normal"" variation. (Incidentally, in cas",TRUE
"Points and Deadly Diseases",NA,NA,17,"prose","So the inevitable conclusion is that just about everything said on Days 4 and 5 as regards links between the Joiner Triangle to the 14 Points and Deadly Disease | But instead, let's go more directly to the Points and Deadly Diseases. In Part D you will have seen strong emphasis on matters such as dignity, self-esteem, res | (If you are not content with your answers here, you might like to return to this Activity after studying some of the 14 Points and Deadly Diseases in the forthc",TRUE
"step procedure",NA,NA,17,"prose","If we think of this in terms of tossing the coins thousands or millions of times, it all looks rather messy! E.g., suppose we look at the situation where we hav | First, you have seen that the final step in the four-step procedure described on pages 19–21 is for you to think about the links between each part of the System | Finally, and particularly important, you will need to thoroughly familiarise yourself in advance with, as it were, the mechanics of the Second Project, i.e. wha",TRUE
"Technical Section",NA,NA,17,"prose","- Introduction - Part A: Using control charts on Funnel Experiment data — an extension of Major Activity 3–h 1. Introduction 2. Rules 1 and 2 of the Funnel *(** | Finally, Part F is a ""Technical Section"" which is likely to be of more interest to mathematically-inclined students: a number of results are verified here that  | So, what are those ""various possibilities"" of what you might do next? The most challenging approach would be to throw you in at the deep end and simply suggest ",TRUE
"time data",NA,NA,17,"prose","- Introduction - Part A: Using control charts on Funnel Experiment data — an extension of Major Activity 3–h 1. Introduction 2. Rules 1 and 2 of the Funnel *(** | > ""When introducing control charts (for one-at-a-time data) to delegates at my seminars, reactions were usually very positive, even from those who started out b | # PART B: A-FEW-AT-A-TIME DATA",TRUE
"Extras section",NA,NA,16,"prose","Regarding the two that are tackled in Part E of the Optional Extras section, there is a message to all of you who have been worrying about normality in connecti | The explanation of the fallacy behind the whole thinking was so beautifully laid out by Henry in that paper that I thought it best for you to read about it in t | *(This note would have been referred to elsewhere as an ""Out-of-hours"" note; however, of course, all of the Optional Extras section is ""out-of-hours""!)*",TRUE
"graph paper",NA,NA,16,"prose","So, what are those ""various possibilities"" of what you might do next? The most challenging approach would be to throw you in at the deep end and simply suggest  | Seeing that you have not drawn the run charts of these data previously, I suggest it would be a good idea for you to develop the charts for Rules 1 and 2 ""live"" | The two pages that follow reproduce the blank graph-paper from the original Optional Extras (pages 6 and 7). Print these pages, or draw on paper alongside the F",TRUE
"New Way",NA,NA,16,"prose","This is a whole new philosophy. It's not just optional add-ons to what we are already doing; it's not the use of a few new tools. At the beginning of the course | **3.** ""On the Melbourne rail system, a bonus is paid for on-time trains. A relatively new company running trains on the system has come up with a new way of me | ### The ""Old Way"" and the ""New Way""",TRUE
"Optional Extras section",NA,NA,16,"prose","Regarding the two that are tackled in Part E of the Optional Extras section, there is a message to all of you who have been worrying about normality in connecti | The explanation of the fallacy behind the whole thinking was so beautifully laid out by Henry in that paper that I thought it best for you to read about it in t | *(This note would have been referred to elsewhere as an ""Out-of-hours"" note; however, of course, all of the Optional Extras section is ""out-of-hours""!)*",TRUE
"case study",NA,NA,15,"prose","> In the case-study that I retold in *ST*, Don Wheeler did once use a baseline of length 4—but that was when there were only four data-points before the process | Regarding the ""serious"" processes, where nobody is ""All-Knowing"", the charts for Process D show my pulse-rate taken at breakfast-time over a period of 24 consec | Moving on to the ""serious"" processes, you may have noticed that my pulse-rates on Chart D1 were rather unhealthily high. Chart D2 shows my pulse-rates for a lat",TRUE
"Deming Prize",NA,NA,15,"prose","KOYANAGI Ken-Ichi, *The Deming Prize*. See under ""Booklets"". | KOYANAGI Ken-Ichi, *The Deming Prize*. Union of Japanese Scientists and Engineers (JUSE), 1960. | So some are forgetting the lessons learned from Dr Deming more than 60 years ago. In 1985, he visited Japan for the annual Deming Prize Ceremony. While there he",TRUE
"parts per million",NA,NA,15,"prose","But beware! If you read Part E of the Optional Extras you will find me referring on page 60 to the famous British statistician, the late Professor George Box, s | Sadly, my enthusiasm was short-lived. First, I soon came across some advisors who were extolling the virtue of ""six-sigma"" quality as being the greater freedom  | First, just a few weeks after initially hearing about ""six-sigma"", I read papers in two journals (which I shall not reference because I don't want you to read t",TRUE
"per million",NA,NA,15,"prose","But beware! If you read Part E of the Optional Extras you will find me referring on page 60 to the famous British statistician, the late Professor George Box, s | Sadly, my enthusiasm was short-lived. First, I soon came across some advisors who were extolling the virtue of ""six-sigma"" quality as being the greater freedom  | First, just a few weeks after initially hearing about ""six-sigma"", I read papers in two journals (which I shall not reference because I don't want you to read t",TRUE
"process average",NA,NA,15,"prose","Actually, it's a little misleading to talk of *""the""* normal distribution: there's a whole *family* of normal distributions. In particular, the ""bell-shape"" can | Then recall the simple example on . I observed that changing the *average* of my process there would be very easy. And, in my experience, it is indeed very ofte | With subgrouped data it is usual to construct not just one but *two* control charts, one for the subgroup *means* (the term introduced in the previous section f",TRUE
"statistical methods",NA,NA,15,"prose","And there’s the difficulty. What kind of “terms and conditions” could possibly be specified that would apply in practice to data from processes of all the kinds | And so I think we now have several reasons to explain the paradox being considered. Why isn’t the control chart in most introductory (or even later) Statistics  | ### 6. Poor teaching of statistical methods in industry.",TRUE
"subject matter",NA,NA,15,"prose","Worse still are examples in education. Children's capabilities are confused with how well they answer the questions in a patterned questionnaire (i.e. a questio | Dr Deming was once asked: ""What is the job of a teacher?"". He replied that a teacher has three obligations to his students: (1) to make them fall in love with t | ## 4. Subject-matter knowledge",TRUE
"Upper Control",NA,NA,15,"prose","What do we see? All the data are contained between the Lower and Upper Control Limits (LCL and UCL). Even Ernie’s 3, just after the forthcoming performance appr | Before considering the details, it would be useful to take a look at part of the rather famous hand-drawn *X̄-R* chart of which we have already seen something a | The tables and notation being included here are extracts from the table of control-chart constants on page 46 of *EST*, my book of *Elementary Statistics Tables",TRUE
"Walter Shewhart",NA,NA,15,"prose","You will recall that this topic of Statistical Thinking was born in the 1920s due to the brilliant insights of Dr Walter Shewhart. He made a discovery about pro | Walter Shewhart referred to both types of fluctuations as ""variation"". By a process behaving ""normally"" we mean it has ""normal"" variation. (Incidentally, in cas | Amongst many profound observations from Walter Shewhart were the following, and they all relate to matters upon which we have already touched:",TRUE
"control charting",NA,NA,14,"prose","- A very long while ago, I used to teach control-charting the “conventional” way, i.e. trying to interpret control limits in terms of probabilities, saying that | Some control-charting computer packages include a picture of a histogram turned through 90° (so that its scale coincides with the control chart's vertical scale | *(all more or less related to control-charting)*",TRUE
"Five Deadly Diseases",NA,NA,14,"prose","Here are some words from the video *Management's Five Deadly Diseases*. If you watched it earlier, I think you will remember them: | *Management's Five Deadly Diseases*. Encyclopaedia Britannica. | *Management's Five Deadly Diseases*:",TRUE
"Leader's Handbook",NA,NA,14,"prose","SCHOLTES P R, *The Leader's Handbook*. McGraw-Hill (1998). | It may be wise at this stage for me to remind you of my warning at the bottom of Appendix page 23 (see also my ""Obsession With Quality"" comment on about the dan | No, you won't. Firstly, Day 12 will hopefully provide much helpful general learning and guidance on how to start moving the theory into practice. But, more impo",TRUE
"Mathematical Statisticians",NA,NA,14,"prose","The subject of Statistics has largely been developed by mathematicians: indeed it is sometimes regarded simply (and wrongly) as merely a branch of Mathematics.  | And there’s the difficulty. What kind of “terms and conditions” could possibly be specified that would apply in practice to data from processes of all the kinds | After that final paragraph, those of you “in the know” will, I think, now begin to understand why “traditional” Mathematical Statisticians have tended to shy aw",TRUE
"radar diagram",NA,NA,14,"prose","| Section | Title | Pages | |---|---|---| | Section 1: | Your radar diagram | pages 2–6 | | Section 2: | Wisdom from Peter Scholtes | pages 7–10 | | Section 3:  | ## Section 1: YOUR RADAR DIAGRAM | Let's see why I asked you to enter those 0--5 ""scores"" of what you saw as the strengths of connections between the System of Profound Knowledge and the 14 Point",TRUE
"Tokai Rika",NA,NA,14,"prose","Before considering the details, it would be useful to take a look at part of the rather famous hand-drawn *X̄-R* chart of which we have already seen something a | !Portion of the Tokai Rika *X̄-R* control chart brought back from Japan in 1982: hand-drawn on grid paper for October–November 1980, with daily subgroups of fou | > ""As the Ford group was touring the Tokai Rika plant, they observed eight production workers 'engaged in active discussion' around this Average and Range Chart",TRUE
"active learning",NA,NA,13,"prose","Why an ""Overture"" rather than an ""Introduction""? Simply because this half-day contains much more than you would expect in a mere introduction to this structured | The 12 Days to Deming Active Learning Course was created by Dr Henry Neave and first launched in 2020. The course has been adapted for the web by me, Lee Durbin | ## Active learning",TRUE
"Deming Library",NA,NA,13,"prose","*The Deming Library*. Films Inc, Chicago. (Contact WEDI or the UK Deming Transformation Forum.) | Worldwide, the W Edwards Deming Institute (WEDI) in America is the obvious initial source. The Institute was founded by Dr Deming just before his death in 1993  | Moving on to American material, the best-known set of relevant videos is *The Deming Library*. At the time of writing (2018) there are 32 titles, most of which ",TRUE
"Don Wheeler",NA,NA,13,"prose","- I changed my mind for two reasons. The first is that eventually I had two excellent and patient teachers: Dr Deming and Dr Don Wheeler. Secondly, I found in p | My great friend Don Wheeler (from whom I've learned so much over the years) told me about a family of probability distributions that was studied by Irving W Bur | ### Wise Words from Dr Don Wheeler",TRUE
"normal curve",NA,NA,13,"prose","Note in the diagrams that the area in either tail of the normal distribution beyond 3σ from the mean μ is 0.135%. (This is what led to the existence of the firs | The truth of all this (if ""truth"" can mean anything in the midst of such fantasy) depends, of course, on the process obeying the normal curve—*right* out into t | > ""It would … be wrong to attach any particular figure to the probability that a statistical signal for detection of a special cause could be wrong, or that the",TRUE
"performance indicator",NA,NA,13,"prose","I talked to a member of a police force. They had been set a target on the proportion of 999 (emergency) calls for which their response time, i.e. time to be on  | While speaking with a headteacher some years ago, he mentioned his school's ""Grade C club"". Seeing my puzzled look, he was kind enough to tell me what it was. I | Targets, appraisals, pay for performance, league-tabling, and all the rest: one aspect common to them all is the use of ""performance indicators"". A target is se",TRUE
"self esteem",NA,NA,13,"prose","(3) Some that we shall consider later are pride of workmanship, indeed joy in work (see ), self-esteem, respect, reputation, willingness to cooperate, dignity,  | But instead, let's go more directly to the Points and Deadly Diseases. In Part D you will have seen strong emphasis on matters such as dignity, self-esteem, res | Nevertheless, it could well be possible to see strong links between just this one aspect of Part D (let alone all the rest of it) and the need to adopt all the ",TRUE
"today's Major",NA,NA,13,"prose","(If you cannot answer this question now, be sure that you will be able to do so before you finish working through today's Major Activity!) | You will find it helpful to make yourself quite familiar with Mack's account before you embark upon today's Major Activity. It is a pleasantly easy read, and th | *(Now please move on to page 18 to make a start on today's Major Activity.)*",TRUE
"today's Major Activity",NA,NA,13,"prose","(If you cannot answer this question now, be sure that you will be able to do so before you finish working through today's Major Activity!) | You will find it helpful to make yourself quite familiar with Mack's account before you embark upon today's Major Activity. It is a pleasantly easy read, and th | *(Now please move on to page 18 to make a start on today's Major Activity.)*",TRUE
"Un Knowing",NA,NA,13,"prose","So the All-Knowing, looking down at the system from on high, has full comprehension of it. But to the Un-Knowing, looking up at it from floor level, it is far t | Of the two personalities mentioned above, the Foreman is in the ""Un-Knowing"" state—although he does not appear to appreciate the fact! In the context of this ex | As you will have realised some time ago, no worker has much control over the results which he produces! Most would agree that he actually has none at all; other",TRUE
"Upper Control Limit",NA,NA,13,"prose","Before considering the details, it would be useful to take a look at part of the rather famous hand-drawn *X̄-R* chart of which we have already seen something a | The tables and notation being included here are extracts from the table of control-chart constants on page 46 of *EST*, my book of *Elementary Statistics Tables | > This recalls the occasion when a delegate came up to me with tears of gratitude after I had emphasised this point in the seminar. Her company had installed so",TRUE
"work standards",NA,NA,13,"prose","- Procurement of materials, volume planning, MRP systems - Rifle adjustment, golf swing - Adjustments made to inventories based on surge demand - If I want my k | Unfortunately, Quality Control Departments have taken the job of quality away from the people that can contribute most to quality—management, supervisors, manag | **Eliminate work standards that prescribe quotas for the workforce and numerical goals for people in management.** Substitute aids and helpful leadership in ord",TRUE
"Activity",NA,NA,12,"ui","./content/days/day-06/01-introduction.qmd | ./content/days/day-06/03-activity-6b.qmd | ./content/days/day-07/02-numerical-targets.qmd",TRUE
"baseline length",NA,NA,12,"prose","So let's now examine control charts produced by the two runs of the Funnel Experiment that were demonstrated in the Appendix. It will be useful to look at both  | I therefore wrote a program to generate a large number of series of data from a normal distribution having σ = 1, and in each case calculate *MR̄* ÷ 1.128. I ch | There was some brief discussion on Day 3 about the length of the baseline in Technical Aids 8 (page 17) and 9 (page 27). In practice, the choice of baseline len",TRUE
"British Deming",NA,NA,12,"prose","This article that Balaji Reddie has been very keen for me to show you (see his ""Contributions"" page 33) was the seventh in a series of eight short articles that | But a lot of other stuff that Deming had written did appeal to me, so I rather set aside that business about the two types of statistical studies and read about | ## The British Deming Association and later",TRUE
"browsing session",NA,NA,12,"prose","### Step 1: Browsing session | There will be time for you to read through the whole of the ""Four Preludes and a Coda"" today. Also I am sure it will then be well worth your while to read it ag | **Step 1: Browsing session**",TRUE
"Chain Reaction",NA,NA,12,"prose","5. Chain reaction from improvement of processes: | A left-to-right chain of five linked boxes showing Deming's Chain Reaction. **Improve processes and product** leads to **Costs decrease**, which leads to **Capt | An updated version of the Chain Reaction appears on *Out of the Crisis* page 3 (both editions). There the final three steps stay the same. The first step become",TRUE
"Deming Management",NA,NA,12,"prose","WALTON Mary, *The Deming Management Method*. Dodd, Mead & Co Inc (1986), Mercury, London (1989). | WALTON Mary, *Deming Management at Work*. Putnam NY (1990), Mercury, London (1991). | [^a]: The ""Epilogue"" on pages 241–244 of Mary Walton's book *The Deming Management Method* contains a much more substantial account of Dr Deming's presentation ",TRUE
"Deming story",NA,NA,12,"prose","First defined in context: Day 1, ""The Deming story"". | Although I hope you will find both this morning’s Overture and this afternoon’s “Deming story” to be mostly easy reading, there are times when you should be pre | In addition to this afternoon’s “Deming story”, there is a broader sense in which this course is designed in a “telling the story” mode. By and large (but not s",TRUE
"expected values",NA,NA,12,"prose","- Introduction - Part A: Using control charts on Funnel Experiment data — an extension of Major Activity 3–h 1. Introduction 2. Rules 1 and 2 of the Funnel *(** | However, the language and the notation of expected values is so common—pretty much universal—that we are stuck with it. So let's get on and use it. As you will  | ### Combining expected values",TRUE
"extrinsic motivation",NA,NA,12,"prose","- to understand something about how we *behave in organisations*—in particular, to know and understand the *interactions* between the *system* in which we are w | But instead, let's go more directly to the Points and Deadly Diseases. In Part D you will have seen strong emphasis on matters such as dignity, self-esteem, res | The most damaging effect of extrinsic motivation is that it so often kills off that priceless intrinsic motivation with which we were born. We train children fr",TRUE
"Henry Neave",NA,NA,12,"prose","Well, he never answered my question. Some five years later, a certain Henry Neave (who had by then taken me under his tutelage via some serious correspondence)  | The 12 Days to Deming Active Learning Course was created by Dr Henry Neave and first launched in 2020. The course has been adapted for the web by me, Lee Durbin | Dr Henry Neave created 12 Days to Deming to take you on a journey to deeply understand what Dr W. Edwards Deming (1900–1993) taught.",TRUE
"Lower Control Limit",NA,NA,12,"prose","What do we see? All the data are contained between the Lower and Upper Control Limits (LCL and UCL). Even Ernie’s 3, just after the forthcoming performance appr | Again let's look first at the short control charts of the two simulations. The second one does not appear to have anything much to tell us, but I suggest the fi | !Second long Rule 2 control chart: a less pronounced but still noticeably tight pattern — none of the 50 values come close to either the upper or lower control ",TRUE
"Mathematical Statistics",NA,NA,12,"prose","For a long while I couldn't understand *why* this method was in common use! Sure, the standard deviation is *some* kind of way of producing something like an av | The answer to the first pair of questions is that, quite simply, despite being easier and quicker for you and me to calculate, the MAD turns out to be very awkw | In Mathematical Statistics you will find loads of logical progressions such as",TRUE
"Organisation Viewed",NA,NA,12,"prose","The two diagrams shown on the next page, or close variants of them, will be seen again, particularly on Days 9 and 4 respectively. Their importance is indicated | It is worth recalling that the famous 1950 flow diagram: ""Organisation Viewed as a System"" includes both the organisation's suppliers and its customers—they are | I would describe what I have included in this morning's material as just sketching a background, rather like an artist's very broad brush-strokes at the earlies",TRUE
"performance indicators",NA,NA,12,"prose","I believe that the large majority do indeed want to do a good job. But mostly they find that “quality assurance” hinders rather than helps. Yes, it can introduc | ## DAY 7: TARGETS, APPRAISALS, PERFORMANCE INDICATORS, QUOTAS, SPECIFICATIONS, PAY FOR PERFORMANCE, FINANCIAL INCENTIVES, LEAGUE TABLES AND OTHER OBSTACLES | Today's study is, in essence, structured in four parts. The work just described on conformance to specifications is the third of those four parts, and the Major",TRUE
"Peter Scholtes",NA,NA,12,"prose","I like very much the representation of Dr Deming’s shown alongside, constructed by one of my many American friends, the late, great Peter Scholtes. The words di | On *DemDim* page 32, quoting from that great paper by Peter Scholtes and Heero Hacquebord, we saw: | Carl and I discussed salary pay vs commission. I was beginning to think the unthinkable. We already had what *Team Handbook's* author Peter Scholtes describes a",TRUE
"stable process",NA,NA,12,"prose","As you know, **Rule 1** simply produces the unadulterated data coming from the underlying process of throwing the dice or, in Dr Nelson's original version of th | **Rule 2** is yet another matter. Unusually, this overcompensation problem is often quite difficult to recognise by comparing run charts alone. There is some te | As you'll recall, in Major Activity 3–h you summarised your data from Rules 1 and 2 of the Funnel on histograms and your data from Rules 3 and 4 on run charts. ",TRUE
"Statistical Thinking",NA,NA,12,"prose","Unfortunately, Quality Control Departments have taken the job of quality away from the people that can contribute most to quality—management, supervisors, manag | - Prelude A: Understanding a System - Prelude B: Understanding Statistical Thinking - Prelude C: Understanding Learning - Prelude D: Understanding People - Coda | Long ago in your *12 Days to Deming* course you became familiar with the importance of a system or parts of a system or processes performing ""within limits""—it ",TRUE
"without theory",NA,NA,12,"prose","- “Illusion of knowledge” comes from how we are taught, both formally and informally. And, sometimes, the more impressive the teacher, the more dangerous he is! | At the end of Prelude B we introduced some thoughts about the word ""theory"". Dr Deming emphasised that all theory leads to knowledge, indeed that no knowledge i | Theory is the ground upon which knowledge and practice are founded. There can never be any knowledge or learning without theory. The children are using theory e",TRUE
"compensation device",NA,NA,11,"prose","Then recall the simple example on . I observed that changing the *average* of my process there would be very easy. And, in my experience, it is indeed very ofte | Input shafts for a transmission were turned in a machine equipped with an expensive automatic compensation device. If the diameter of a shaft was too large, the | A histogram of 50 shaft diameters made *with* the automatic compensation device switched on. The distribution is broad and reaches outside the specification lim",TRUE
"data points",NA,NA,11,"prose","Rule 3's behaviour is clearly catastrophic—though did you suspect that such would be the case when (as recalled on the previous page) we may have initially rega | > In the case-study that I retold in *ST*, Don Wheeler did once use a baseline of length 4—but that was when there were only four data-points before the process | Drawing a run chart is straightforward. Of course, with a very large number of data-points such as were used for the run chart alongside, it would also be very ",TRUE
"Deming Transformation",NA,NA,11,"prose","^a^ (page 10) This quotation from the Deming A5 Booklet W2 (formally BDA Booklet W2) has been reproduced with the approval of the Deming Transformation Forum. | BDA BOOKLETS (now known as the Deming A5 Booklets and obtainable from the UK Deming Transformation Forum—see the ""Internet contacts"" section). | *The Deming Library*. Films Inc, Chicago. (Contact WEDI or the UK Deming Transformation Forum.)",TRUE
"improve quality",NA,NA,11,"prose","Obsession With Quality implies having the time to learn how to genuinely improve quality in the specific organisation and environment rather than e.g. just chan | Too often this is the story. The management of a company, seized with a desire to improve quality and productivity, knowing not how to go about it, having not g | A common disease that afflicts management and government administration the world over is the impression that ""Our problems are different"". They are different, ",TRUE
"improving quality",NA,NA,11,"prose","At the time of first hearing of ""six-sigma"" quality, one of my frequent battles had been (and continued to be) that of getting people to think seriously of impr | - Awareness of the distinction between common and special causes of variation and of how to interpret control charts; - Learning how to ask the right questions; | A left-to-right chain of five linked boxes showing Deming's Chain Reaction. **Improve processes and product** leads to **Costs decrease**, which leads to **Capt",TRUE
"Japanese Control Chart",NA,NA,11,"prose","During Day 3 you were introduced to the ancient but valuable study by Don Wheeler of ""A Japanese Control Chart"": it is examined in some detail in Part B of the  | *A Japanese Control Chart*. SPC Press Inc (1990). | Before considering the details, it would be useful to take a look at part of the rather famous hand-drawn *X̄-R* chart of which we have already seen something a",TRUE
"league tables",NA,NA,11,"prose","The Government judges by conformance to specifications. Think of the various Charters, league tables, etc, etc, … . A train meets the specification if it is no  | Much of both management and government strategy seems based on driving fear *in* rather than *out*. Certainly, for many years, British governments have made exc | ## DAY 7: TARGETS, APPRAISALS, PERFORMANCE INDICATORS, QUOTAS, SPECIFICATIONS, PAY FOR PERFORMANCE, FINANCIAL INCENTIVES, LEAGUE TABLES AND OTHER OBSTACLES",TRUE
"Old Climate",NA,NA,11,"prose","*So ends our concentration on the ""Old Climate"".* | As described near the beginning of the course, this overall structure largely reflects the way that the four-day seminars developed during the second half of th | ""Deming '88"" was not aimed at newcomers. Instead, its purpose was to introduce the ""New Climate"" to those who were already familiar with Deming's work as portra",TRUE
"original version",NA,NA,11,"prose","So, returning to our version of the Funnel Experiment, if tampering doesn't do any good (to put it mildly), how might we really ""improve the process"", i.e. redu | As you know, **Rule 1** simply produces the unadulterated data coming from the underlying process of throwing the dice or, in Dr Nelson's original version of th | In case that might be possible, let me tell you what I did in my seminars. As you will remember, Dr Nelson's original version of the experiment is rather tricky",TRUE
"process behaviour",NA,NA,11,"prose","In the “Springboard” article just mentioned on , as indeed in much of my other writing, I have largely followed the guidance of Dr Donald J Wheeler by using som | In extract from *EST* on , I referred to the control chart (process behaviour chart) as being “a remarkable statistical technique which, to all intents and purp | > ""Points outside the limits are noted on September 25 and 26, 1980. Having noted that exceptional variation was present, they looked for the Assignable *[Speci",TRUE
"random variation",NA,NA,11,"prose","Here is every reaction you gave—to pure, random variation. Read them back and let the absurdity sink in. | So now we have yet more of the profound messages which this ""stupidly simple"" experiment communicates. The emotions raised and havoc wreaked by treating common- | 1. Treating a fault, complaint, mistake, accident as if it came from a special cause when in fact there was nothing special at all, i.e. it came from the system",TRUE
"senior management",NA,NA,11,"prose","At this time, as we have moved into the second half of the course, I think I can anticipate what some students may be beginning to think. You are learning about | ""Illustration of selfish competition *versus* cooperation between departments. *Harm comes from internal competition and conflict, and from the fear that is the | Having carried out this exercise, you may already be thinking of ways it can be improved. That's fine: even with the increased choice of ""grades"", this was stil",TRUE
"stable system",NA,NA,11,"prose","One of the many needs for understanding the Red Beads process as a stable system is that, were this a real production process, such understanding would enable s | However, *all* we see in the main material of this course that is related to the subject of Statistics is what I like to summarise in just two words: “understan | In the context of the Funnel Experiment, what’s missing is the understanding of what Deming meant by a “stable system”. The reason I want you to try out the Fun",TRUE
"standard deviations",NA,NA,11,"prose","As we would have hoped, the Central Lines and the control limits are quite similar in the two simulations—although, of course, they're not in exactly the same p | Actually, the good news is that, for the purpose of constructing and using control charts for a-few-at-a-time data, i.e. using *subgroups* rather than one-at-a- | However, as mentioned earlier, the theory underlying where we place the control limits relates to standard deviations rather than to any other type of measure o",TRUE
"unbiased estimator",NA,NA,11,"prose","it's so that . As we saw on page 65, an estimator whose expected value is equal to the thing that it is trying to estimate is known as an *unbiased estimator*.  | However, to conclude here, there was yet another example of the use of an unbiased estimator in Part B of these Optional Extras: see page 20. It was adjustment  | Secondly, the fact that is an unbiased estimator of does *not* imply that is an unbiased estimator of . Unfortunate as it may be, the property of unbiasedness d",TRUE
"Balaji Reddie",NA,NA,10,"prose","*(BY REQUEST OF BALAJI REDDIE …)* | This article that Balaji Reddie has been very keen for me to show you (see his ""Contributions"" page 33) was the seventh in a series of eight short articles that | *(Return to Contributions from Balaji Reddie page 33.)*",TRUE
"BDA Booklet",NA,NA,10,"prose","I’ll prepare the ground by quoting *verbatim* from a magnificent presentation that Deming gave to an audience at the Palace of Versailles, France in 1989, trans | Many years ago the late Dr Myron Tribus, a respected consultant and speaker, took around with him some randomly-generated data, displayed in a format somewhat s | ^a^ (page 10) This quotation from the Deming A5 Booklet W2 (formally BDA Booklet W2) has been reproduced with the approval of the Deming Transformation Forum.",TRUE
"blood pressure",NA,NA,10,"prose","Apart from the feature of possibly wandering off to relatively enormous distances from wherever it starts, there is another aspect of Rule 4 which is often seen | Many years ago, in the early 1970s, if people were diagnosed with high blood pressure, some research showed that this was often related to the blood containing  | However, a few months later, these same people started complaining of low energy levels and low resistance to diseases. The research laboratories went into over",TRUE
"British Deming Association",NA,NA,10,"prose","This article that Balaji Reddie has been very keen for me to show you (see his ""Contributions"" page 33) was the seventh in a series of eight short articles that | But a lot of other stuff that Deming had written did appeal to me, so I rather set aside that business about the two types of statistical studies and read about | ## The British Deming Association and later",TRUE
"Chief Executive",NA,NA,10,"prose","In the 1970s, a medium-sized American company, the Nashua Corporation, was an agent for copying machines made by Ricoh, the well-known Japanese manufacturer. In | Let me emphasise even further Deming’s concentration on the importance of control charts. He was clear that it is generally desirable for *everyone* in an organ | *B J:* The answer is absolutely yes. The question is: how widely? We know, for example, from the Francis enquiry into Mid-Staffordshire *(see pages 23--24)*, th",TRUE
"DemDim example",NA,NA,10,"prose","!Table One — blank (left) and filled in with the DemDim example (right) | !Table Two — blank (left) and filled in with the DemDim example (right) | !Table Three — blank (left) and filled in with the DemDim example (right)",TRUE
"Deming Institute",NA,NA,10,"prose","WEDI (The W Edwards Deming Institute) (USA): | After Japan faced the repeated wrath of the tsunamis and earthquakes in 2011, they managed to resurrect themselves remarkably quickly. A note was sent from the  | Worldwide, the W Edwards Deming Institute (WEDI) in America is the obvious initial source. The Institute was founded by Dr Deming just before his death in 1993 ",TRUE
"false alarms",NA,NA,10,"prose","Firstly I'll look at the possibility of ""false alarms"", i.e. signals that a special cause exists when in fact the process has remained stable. False alarms can  | ### (A) How often will false alarms occur when the control chart is being used ""live""? | With the assumptions made in the simulation study, and with the variety of baseline lengths as shown, here are the percentages of false alarms (i.e. signals tha",TRUE
"First defined",NA,NA,10,"prose","A short, alphabetical reference for the course's most-recurring specialised terms. Definitions are taken verbatim from Neave's prose (or from a Deming quote tha | First defined in context: Day 1, ""The Deming story"". | First defined in context: Day 11, ""Theory of Knowledge — Operational Definitions"".",TRUE
"General Motors",NA,NA,10,"prose","During one of his seminars at General Motors in Michigan, Deming came out with such a ""startling"" statement about pay. It was: | In *The Deming of America* video, he repeated those exact words. This certainly startled Priscilla Petty, his interviewer! Deming then recalled that occasion at | > [""Sure you have to have enough to live on, and to live right. Beyond that, pay is not a motivator. Remember Norb Keller's statement which I think is famous. O",TRUE
"horizontal axis",NA,NA,10,"prose","But beware! If you read Part E of the Optional Extras you will find me referring on page 60 to the famous British statistician, the late Professor George Box, s | In my introduction, I've already told you one of the extraordinary things about the normal distribution: i.e. that, although the curve gives the visual *impress | My great friend Don Wheeler (from whom I've learned so much over the years) told me about a family of probability distributions that was studied by Irving W Bur",TRUE
"interpreting control",NA,NA,10,"prose","If, either now or subsequently, you wish to obtain more substantial help and guidance on constructing and interpreting control charts than is included in my Spr | On Days 2 and 3 and during parts of both of the projects, the emphasis was on understanding variation and why that is useful, and the role it plays in the impro | I hope you will have found it helpful to gain that additional experience of constructing and interpreting control charts. However, to be fair, Funnel Experiment",TRUE
"interpreting control charts",NA,NA,10,"prose","If, either now or subsequently, you wish to obtain more substantial help and guidance on constructing and interpreting control charts than is included in my Spr | On Days 2 and 3 and during parts of both of the projects, the emphasis was on understanding variation and why that is useful, and the role it plays in the impro | I hope you will have found it helpful to gain that additional experience of constructing and interpreting control charts. However, to be fair, Funnel Experiment",TRUE
"Motor Company",NA,NA,10,"prose","Here is one more very famous Japanese invention, in this case originating in the Toyota Motor Company. Americans named it ""Just in Time"" because they did not un | When he went to work the following day, he told his trusted aides, Taichi Ohno and Shiego Shengo, what had happened. They were puzzled. ""What do you want us to  | Before considering the details, it would be useful to take a look at part of the rather famous hand-drawn *X̄-R* chart of which we have already seen something a",TRUE
"new philosophy",NA,NA,10,"prose","## Point 2. The new philosophy | **Adopt the new philosophy. We are in a new economic age,** created in Japan. We can no longer live with commonly accepted levels of delays, mistakes, defective | This is a whole new philosophy. It's not just optional add-ons to what we are already doing; it's not the use of a few new tools. At the beginning of the course",TRUE
"outside specifications",NA,NA,10,"prose","Now, if a process having ""six-sigma"" quality is properly centred, the relevant figure from the table is the final one, the 0.000000000987—except that there are  | So instead, the mathematical ""truth"" enthusiasts let the process mean (and thus the whole normal distribution) wander from its ideal central position. By how mu | I'll just quote a few figures. First, actually now having a ""six-sigma"" process *properly centred*. Recall that the normal distribution tells us that then there",TRUE
"Peter Scholtes's diagram",NA,NA,10,"prose","After writing so much on what can and does go wrong, let's return to the System of Profound Knowledge. In case you might find it helpful, I would like to give y | I liked it! Three succinctly-expressed major foundations of Dr Deming's work, and displayed in a simple diagrammatical form which also clearly broadcasts the me | Second, you have now seen three short introductions to the System of Profound Knowledge: Peter Scholtes's diagram, the introduction in *DemDim* Chapter 18, and ",TRUE
"sales figures",NA,NA,10,"prose","For illustration, imagine we have just launched a new product on the market, and consider how its monthly sales figures might develop and how the management mig | To keep things easy, I'll present the supposed monthly sales figures as simple whole numbers. For example, we might be rounding to the nearest 1,000 sales so th | A run chart of monthly sales figures, with months 1 to 3 on the x-axis and sales values on the y-axis. The line goes up sharply from 13 in Month 1 to 19 in Mont",TRUE
"Scholtes's diagram",NA,NA,10,"prose","After writing so much on what can and does go wrong, let's return to the System of Profound Knowledge. In case you might find it helpful, I would like to give y | I liked it! Three succinctly-expressed major foundations of Dr Deming's work, and displayed in a simple diagrammatical form which also clearly broadcasts the me | Second, you have now seen three short introductions to the System of Profound Knowledge: Peter Scholtes's diagram, the introduction in *DemDim* Chapter 18, and ",TRUE
"simulation study",NA,NA,10,"prose","Having learned something about that, there was an obvious way to examine the claim that our data *have to* come from a normal distribution in order for the cont | Full details of this simulation study and the results it produced are provided in Section 4 (pages 68–70). | There's an obvious way to examine this (without raising the tricky matter of exact stability not being feasible!). And that is to modify the program so as to ge",TRUE
"Springboard article",NA,NA,10,"prose","In the “Springboard” article just mentioned on , as indeed in much of my other writing, I have largely followed the guidance of Dr Donald J Wheeler by using som | Another great value of Don’s work is that, whereas it used to be the case that control charts were generally considered to require small *samples* of data to be | If, either now or subsequently, you wish to obtain more substantial help and guidance on constructing and interpreting control charts than is included in my Spr",TRUE
"Table Five",NA,NA,10,"prose","(ii) refer to the table numbers here in words, i.e. Table One, Table Two, …, up to Table Five. | In Table Four we see that there were altogether seven such new options under consideration; all of these therefore had a − in the area which was able to adopt i | !Table Five — blank (left) and filled in with the DemDim example (right)",TRUE
"Author's note",NA,NA,9,"ui","./content/days/day-01/08-attraction.qmd | ./content/days/day-01/09-different.qmd | ./content/days/day-02/04-our-first-control-chart.qmd",TRUE
"average number",NA,NA,9,"prose","So the average number of red beads obtained by the statisticians was . | Then the average number of red beads obtained by the Spaniards was . | One important fact to learn and appreciate is how *large* common-cause variation (variation produced by the system) can be. With 20% of the beads being red, it ",TRUE
"batch inspection",NA,NA,9,"prose","One of the earliest applications of Shewhart's invention of the control chart was for batch inspection of mass production processes. In such inspection, samples | If during Day 1 you read the discussion in the Appendix about the first paradox then you may recall Dr Deming's mention of Shewhart's ""3σ-limits"" (σ is a Greek  | > ""One of the earliest applications of Shewhart's invention of the control chart was for batch inspection of mass production processes. In such inspection, samp",TRUE
"become familiar",NA,NA,9,"prose","With regard to that response I have often noticed how, once people have become familiar with control charts and how to interpret them—particularly in terms of c | Once people have become familiar with Statistical Thinking, it alters their way of thinking and acting even when they are not using any data. Here is an illustr | If you have read my discussion of the Funnel Experiment Major Activity 3–h in Appendix pages 15–18, you will remember that I studied two simulated sets of Funne",TRUE
"behaviour chart",NA,NA,9,"prose","In the “Springboard” article just mentioned on , as indeed in much of my other writing, I have largely followed the guidance of Dr Donald J Wheeler by using som | In extract from *EST* on , I referred to the control chart (process behaviour chart) as being “a remarkable statistical technique which, to all intents and purp | > ""Points outside the limits are noted on September 25 and 26, 1980. Having noted that exceptional variation was present, they looked for the Assignable *[Speci",TRUE
"better quality",NA,NA,9,"prose","The big gain is not the \$500 per year that the men saved. What is important is that these men could now take pride in the improvement. They felt important to t | A left-to-right chain of five linked boxes showing Deming's Chain Reaction. **Improve processes and product** leads to **Costs decrease**, which leads to **Capt | Reduced variation! Better quality! Everything clearly within the specifications! *With that sensible and very expensive compensation device turned off!*",TRUE
"between departments",NA,NA,9,"prose","The strong link here is wholly obvious. But note the implications concerning management style. Anything (and there is often much) that management does to erect  | Less trivially, suppose the data alternately measure efficiency or productivity etc of both a day-shift and a night-shift. There could be many reasons for a zig | **Break down barriers between departments and staff areas.** People in different areas, such as Research, Design, Sales, Administration, and Production, must wo",TRUE
"binomial distributions",NA,NA,9,"prose","A more organised way of dealing with *all* binomial distributions is presented in the Technical Section on pages 85–89. | Let's start by revisiting the development of the two illustrations on pages 37–42 in Part D of (a) tossing two coins and counting the number of Heads and of (b) | However, only two very simple binomial distributions were introduced in Part D: those involving the count of Heads when two coins are tossed and then the number",TRUE
"Competitive Position",NA,NA,9,"prose","DEMING W Edwards, *Quality, Productivity and Competitive Position*. Massachusetts Institute of Technology, Center for Advanced Engineering Study (1982). | Then in 1982 a friend at Nashua here in the UK gave me a copy of the mimeographed book which Dr Deming was now issuing to all the delegates at his seminars. It  | However, before we begin, here's a warning. I first read about the Experiment on Red Beads at least three years before I first saw it carried out at Dr Deming's",TRUE
"computer simulation",NA,NA,9,"prose","In order to aid my own learning from the Funnel Experiment, I wrote a computer simulation of the whole of this Major Activity, including fixing the first five d | - Introduction - Part A: Using control charts on Funnel Experiment data — an extension of Major Activity 3–h 1. Introduction 2. Rules 1 and 2 of the Funnel *(** | So, whether or not you have a background in conventional Statistics, there you have many clues as to why much of the remaining content has been included within ",TRUE
"confidence intervals",NA,NA,9,"prose","And there’s the difficulty. What kind of “terms and conditions” could possibly be specified that would apply in practice to data from processes of all the kinds | - Introduction - Part A: Using control charts on Funnel Experiment data — an extension of Major Activity 3–h 1. Introduction 2. Rules 1 and 2 of the Funnel *(** | - Summarising ""raw data"" through pictures such as histograms and the calculation of ""sample statistics"" such as the sample mean *X̄* and the sample standard dev",TRUE
"construct control",NA,NA,9,"prose","Another great value of Don’s work is that, whereas it used to be the case that control charts were generally considered to require small *samples* of data to be | The prime purpose of Day 3 as a whole is best summarised by the short title of Don Wheeler's excellent little book: *Understanding Variation*. So, looking forwa | So, what are those ""various possibilities"" of what you might do next? The most challenging approach would be to throw you in at the deep end and simply suggest ",TRUE
"construct control charts",NA,NA,9,"prose","Another great value of Don’s work is that, whereas it used to be the case that control charts were generally considered to require small *samples* of data to be | The prime purpose of Day 3 as a whole is best summarised by the short title of Don Wheeler's excellent little book: *Understanding Variation*. So, looking forwa | So, what are those ""various possibilities"" of what you might do next? The most challenging approach would be to throw you in at the deep end and simply suggest ",TRUE
"dice scores",NA,NA,9,"prose","In order to aid my own learning from the Funnel Experiment, I wrote a computer simulation of the whole of this Major Activity, including fixing the first five d | We'll use my own dice-scores to start with so that you can follow my illustration exactly; you'll be able to start throwing your own dice very soon! Work throug | **Use the interactive below to step through Rule 2.** The first 5 stages use the author's worked example (dice-scores 10, 8, 6, 7, 4); from Stage 6 onward your ",TRUE
"dissatisfied callers",NA,NA,9,"prose","At the end of each week you hold a “progress meeting” to comment on the results. Let’s look on the grim side to start with! How much worse than the average of 1 | Naturally, we would not expect everyone to get *exactly* 10 dissatisfied callers and 40 satisfied callers every week (something to do with understanding variati | So, to repeat the above question, how much worse than the average of 10 dissatisfied callers would the result need to be for you to feel justified in at least c",TRUE
"even though",NA,NA,9,"prose","A programmer has a similar problem. She learns, after she finishes the job, that she has programmed very well the specifications as delivered to her, but that t | > ""If we observe a signal even though the process has not changed, we have made a *Type I error* (α). This error leads to inefficiency since we will react to a  | Even though these were not real sales figures, and this was not a real management team, do you think that this was a reasonable account of how management might ",TRUE
"Experiment data",NA,NA,9,"prose","- Introduction - Part A: Using control charts on Funnel Experiment data — an extension of Major Activity 3–h 1. Introduction 2. Rules 1 and 2 of the Funnel *(** | If you are intending to study Part A: ""Using Control Charts on Funnel Experiment data"" then on pages 6 and 7 you will need to draw run-charts and then control c | # PART A: USING CONTROL CHARTS ON FUNNEL EXPERIMENT DATA",TRUE
"false alarm",NA,NA,9,"prose","| Baseline length | 4 | 6 | 10 | 15 | 20 | 30 | 50 | 100 | |----------------------------|-------|-------|-------|-------|-------|-------|-------|-------| | Prob | | Baseline length | 4 | 6 | 10 | 15 | 20 | 30 | 50 | 100 | |----------------------------|---|------|------|------|------|------|-------|-------| | Prob of any f | So yes, it is possible to have signals *within* the baseline period. Indeed, if you read Part A of these Optional Extras then you will have seen some on page 13",TRUE
"far too",NA,NA,9,"prose","* Dr Deming’s focus was on the longer rather than the shorter term. If you are looking for the next short-term quick fix, this is the wrong place. Besides which | So the All-Knowing, looking down at the system from on high, has full comprehension of it. But to the Un-Knowing, looking up at it from floor level, it is far t | In the context of the ""favourite example"" (on pages 24–25), those data-points were of course far too comfortably contained between the control limits!",TRUE
"final column",NA,NA,9,"prose","Let's add up these terms column by column. The first column is . The second column's terms are all the same, and so their sum is simply . The final column has a | The results produced when the experiment was performed at that company in Ireland were as shown on the next page (it is a copy of the Recorder's overhead transp | **Step 6.** Finally, as shown in the table below and also in *DemDim* Figure 46, insert row totals in the right-hand column, column totals in the bottom row, an",TRUE
"first five",NA,NA,9,"prose","In order to aid my own learning from the Funnel Experiment, I wrote a computer simulation of the whole of this Major Activity, including fixing the first five d | So, what are those ""various possibilities"" of what you might do next? The most challenging approach would be to throw you in at the deep end and simply suggest  | !Blank graph-paper for the Rule 1 run chart, with the first five points already plotted in red over the interval 1–5 on the horizontal axis",TRUE
"first paradox",NA,NA,9,"prose","But now let us return to the first paradox summarised on : the apparently strange matter of neither the all-important tool of the control chart nor its creator, | I am tackling the first paradox here rather than in the main text because I do need to refer to matters covered in the usual kind of Statistics courses. If you  | I first mentioned ""a-few-at-a-time"" data a long while ago: in the discussion on the First Paradox (Appendix page 2). So it may have been quite some time since y",TRUE
"Funnel Experiment data",NA,NA,9,"prose","- Introduction - Part A: Using control charts on Funnel Experiment data — an extension of Major Activity 3–h 1. Introduction 2. Rules 1 and 2 of the Funnel *(** | If you are intending to study Part A: ""Using Control Charts on Funnel Experiment data"" then on pages 6 and 7 you will need to draw run-charts and then control c | # PART A: USING CONTROL CHARTS ON FUNNEL EXPERIMENT DATA",TRUE
"management team",NA,NA,9,"prose","Many years ago the late Dr Myron Tribus, a respected consultant and speaker, took around with him some randomly-generated data, displayed in a format somewhat s | Even though these were not real sales figures, and this was not a real management team, do you think that this was a reasonable account of how management might  | Furthermore, doesn't that type of management behaviour remind you of what you were doing yesterday when playing the part of the Foreman in the Red Beads Experim",TRUE
"Motor Equipment",NA,NA,9,"prose","### Profound Knowledge in a motor equipment operation | “One of my first experiences in applying Deming’s philosophy was with the City of Madison, Wisconsin Motor Equipment Operation. Motor Equipment was responsible  | In the first meeting with the people from the First Street Garage, where Motor Equipment was located, we asked them: ‘What are your biggest problems?’. ‘Morale!",TRUE
"Old Way",NA,NA,9,"prose","Even before Prelude A began, we observed that Dr Deming, the man who largely catalysed the industrial turnround of Japan after World War Two, thought differentl | ### The ""Old Way"" and the ""New Way"" | So what is the important difference between the ""Old Way"" and the ""New Way""?",TRUE
"process behaviour chart",NA,NA,9,"prose","In the “Springboard” article just mentioned on , as indeed in much of my other writing, I have largely followed the guidance of Dr Donald J Wheeler by using som | In extract from *EST* on , I referred to the control chart (process behaviour chart) as being “a remarkable statistical technique which, to all intents and purp | > ""Points outside the limits are noted on September 25 and 26, 1980. Having noted that exceptional variation was present, they looked for the Assignable *[Speci",TRUE
"random sample",NA,NA,9,"prose","Let me emphasise a few basics. By ""a-few-at-a-time"" data I am implying that we are now dealing with what were referred to above as ""samples"" rather than just si | - Summarising ""raw data"" through pictures such as histograms and the calculation of ""sample statistics"" such as the sample mean *X̄* and the sample standard dev | From the practical viewpoint, one could simply express the prime purpose of Statistics as being ""data analysis"". So let's suppose we have available for analysis",TRUE
"random sampling",NA,NA,9,"prose","### Mechanical *vs* random sampling | The almost automatic presumption that the long-term proportion of red beads obtained in the experiment must equal the proportion of red beads in the container i | Random sampling can only properly be done by allocating a number to each bead and then selecting the beads according to genuine random numbers (or, more practic",TRUE
"reduce variation",NA,NA,9,"prose","But the links are stronger still. In one of my seminars I often used a slide which simply shows the Joiner Triangle with two words inscribed in the middle: ""Red | The ""motivation"" for the various Rules is discussed in *DemDim* Chapter 5, so there is no need for me to say much about that here. In brief, recall that, as we' | As you will have realised some time ago, no worker has much control over the results which he produces! Most would agree that he actually has none at all; other",TRUE
"Shewhart's guidance",NA,NA,9,"prose","And how about the second of the pair of control charts, the *R*-chart, on which we plot subgroup ranges? Obviously enough, the Central Line here will be the mea | As mentioned above, the Central Line of the -chart is at and the Upper Control Limit is another multiple of . The multiple this time is which is tabulated on pa | Using the statistician's traditional shorthand for averages, represents the average number of defectives found in the samples so far, while is the average *prop",TRUE
"small print",NA,NA,9,"prose","In the “Springboard” article just mentioned on , as indeed in much of my other writing, I have largely followed the guidance of Dr Donald J Wheeler by using som | > Here’s a little exercise for the statisticians—all others should skip this small-print section. > > If you are keen on hypothesis tests, you might like to con | >So, what’s new? The majority of the added material focuses on a remarkable statistical technique which, to all intents and purposes, was unknown at the time of",TRUE
"Specification Limits",NA,NA,9,"prose","We'll restrict attention for now to situations where specifications are provided, e.g. by the customer (internal or external)—or by the boss! That is, there is  | Spot the difference! Yes, we have now improved the process, i.e. reduced σ, sufficiently enough for the distance between the Central Line and either Specificati | A histogram of 50 shaft diameters made *with* the automatic compensation device switched on. The distribution is broad and reaches outside the specification lim",TRUE
"stable processes",NA,NA,9,"prose","I hope you will have found it helpful to gain that additional experience of constructing and interpreting control charts. However, to be fair, Funnel Experiment | !Two short Rule 1 control charts: both baselines show a stable process with Central Line around 30 and control limits spanning roughly 20 to 40, reminiscent of  | In the long versions of the control charts I've coloured in green the sections following the baseline, i.e. after the positions of the control limits have been ",TRUE
"Statistical Process",NA,NA,9,"prose","My great friend Don Wheeler (from whom I've learned so much over the years) told me about a family of probability distributions that was studied by Irving W Bur | During Day 3 you were introduced to the ancient but valuable study by Don Wheeler of ""A Japanese Control Chart"": it is examined in some detail in Part B of the  | WHEELER D J, *Advanced Topics in Statistical Process Control*. SPC Press, Knoxville, TN (2005).",TRUE
"statistical theory",NA,NA,9,"prose","*Right!* So where does that leave those who depend in practical applications only on standard statistical theory based on ideal mathematical models and random s | Awakening to the need for quality, and with no idea what quality means nor how to achieve it, American management have resorted to mass assemblies for crash cou | **B.** Some knowledge of theory of variation (sometimes he called it ""statistical theory"");",TRUE
"stupidly simple",NA,NA,9,"prose","So indeed, at one level, this is a “stupidly simple” experiment. At another level, however, it is enormously rich and profound—and is it not surely close to man | You know that Dr Deming sometimes described the Red Beads Experiment as ""stupidly simple"". As I've indicated, the Funnel Experiment could surely be similarly de | So now you know that, if you see either the zig-zag effect or the ""wandering"" effect in a control chart, you might immediately have a suggestion as to what migh",TRUE
"third phase",NA,NA,9,"prose","So what's the third phase? This is the one that really reflects Deming's *Dream* (see ): ""This formation of a *System* was *of management*"" (although the style  | Then we move on to the third phase: the really solid understanding of the organisation as a system, Cooperation: Win-Win, ""All One Team"", etc. The *whole* empha | In terms of this exercise therefore, the third phase implies that e.g. Area A will now begin to consider options that are actually disadvantageous to themselves",TRUE
"Thought",NA,NA,9,"ui","./content/days/day-01/07-quality-theory.qmd | ./content/days/day-01/08-attraction.qmd | ./content/days/day-03/01-variation-the-enemy-of-quality.qmd",TRUE
"using control",NA,NA,9,"prose","In Point 6 we observed that the Scientific Approach is certainly tied in with *training*, because of its tools content. But we know that this is the smaller par | - Introduction - Part A: Using control charts on Funnel Experiment data — an extension of Major Activity 3–h 1. Introduction 2. Rules 1 and 2 of the Funnel *(** | If you are intending to study Part A: ""Using Control Charts on Funnel Experiment data"" then on pages 6 and 7 you will need to draw run-charts and then control c",TRUE
"using control charts",NA,NA,9,"prose","In Point 6 we observed that the Scientific Approach is certainly tied in with *training*, because of its tools content. But we know that this is the smaller par | - Introduction - Part A: Using control charts on Funnel Experiment data — an extension of Major Activity 3–h 1. Introduction 2. Rules 1 and 2 of the Funnel *(** | If you are intending to study Part A: ""Using Control Charts on Funnel Experiment data"" then on pages 6 and 7 you will need to draw run-charts and then control c",TRUE
"using moving",NA,NA,9,"prose","The two particular issues raised above both stem from the fact that *some* help from Mathematics is necessary in order to develop the details of where control l | The major point is that, in most cases, using moving ranges substantially reduces the ""contamination"" effect of special causes on the control limits compared wi | Now, those magenta limits on this Chart A1 (computed using standard deviations) are virtually the same as the blue ones (computed using moving ranges) on page 1",TRUE
"using moving ranges",NA,NA,9,"prose","The two particular issues raised above both stem from the fact that *some* help from Mathematics is necessary in order to develop the details of where control l | The major point is that, in most cases, using moving ranges substantially reduces the ""contamination"" effect of special causes on the control limits compared wi | Now, those magenta limits on this Chart A1 (computed using standard deviations) are virtually the same as the blue ones (computed using moving ranges) on page 1",TRUE
"Western Electric",NA,NA,9,"prose","But what could be wrong with good intentions and best efforts? Nothing—*if* (and that’s a big “if”) they are guided by genuine understanding. But if they are no | The oldest in my list comes from an internal memo written by William Orton, President of Western Electric, the American communications company, in 1876: | I have mentioned the 1920s several times during the Overture, and so you know what’s coming here. Yes: Dr Walter Shewhart at the Western Electric Company, and u",TRUE
"Western management",NA,NA,9,"prose","> ""Western management operates on management by numbers, management by objective, QC Circles, quality of work life, employee involvement, daily reports on peopl | When I met and began working with Dr Deming in 1985, besides the Red Beads Experiment the majority of the time in his four-day seminars involved his 14 Points ( | The content of the four-day seminars in the mid-1980s is well reflected in *Out of the Crisis*: with particularly long and deep discussion of the 14 Points and ",TRUE
"Win Win",NA,NA,9,"prose","First, whereas training is very focused, ""education"" implies breadth—learning about other areas—and this often provides inspiration about what could be helpful  | But, by the late 1980s, Dr Deming’s teaching had broadened and deepened. The phrase “A New Climate” repeatedly came into my mind. Just as in Japan more than 35  | The words ""All One Team"" surely speak for themselves. They have strong connections with the concepts of optimisation of the system (i.e. helping it to work in t",TRUE
"analytic studies",NA,NA,8,"prose","But even the conventional statistician will probably not be familiar with some or all of what I shall now introduce—so you're on a level playing-field for the t | So I'd better try some brief explanations in my own words! ""Analytic studies"" are indeed what we have been involved with, particularly in the early days of *12  | Note that simply attempting to describe what is in the population (or frame) does not include any intent to explain *why* the population (frame) contains what i",TRUE
"automatic compensation",NA,NA,8,"prose","Then recall the simple example on . I observed that changing the *average* of my process there would be very easy. And, in my experience, it is indeed very ofte | Rule 2 is the case where, as we know both from the Ford example and from your own work in the Major Activity, the situation is undesirable compared with Rule 1, | Input shafts for a transmission were turned in a machine equipped with an expensive automatic compensation device. If the diameter of a shaft was too large, the",TRUE
"bad management",NA,NA,8,"prose","Thus, in summary, we have emphasised that the different parts of a system need to optimise their combined performances (""work together"") rather than maximising  | I began to get the clear message that Gallery Furniture had been lucky and successful in spite of my bad management practices which crush people and their intri | ""Numbers for guidance and help"" should also be what they say. They may include predictions, forecasts, anything to help you decide priorities, numbers which wil",TRUE
"beads obtained",NA,NA,8,"prose","So the average number of red beads obtained by the statisticians was . | Then the average number of red beads obtained by the Spaniards was . | The almost automatic presumption that the long-term proportion of red beads obtained in the experiment must equal the proportion of red beads in the container i",TRUE
"call centre",NA,NA,8,"prose","But take a look back at Activity 1–e ( ) concerning the manager of the call-centre. What were your answers? The question there was in effect the same: how much  | Indeed, ranking and rating are not just senseless—they are harmful. Reflecting the question posed on page 1, why should people [""work together""] (for the advant | Thus, in summary, we have emphasised that the different parts of a system need to optimise their combined performances (""work together"") rather than maximising ",TRUE
"computer simulations",NA,NA,8,"prose","The prime purpose of Day 3 as a whole is best summarised by the short title of Don Wheeler's excellent little book: *Understanding Variation*. So, looking forwa | Since manual sampling is now effectively out of the question, we'll need to resort to computer simulations (and it won't be the last time in these Optional Extr | Of course, usually our sample sizes *n* are rather small compared with "" ""! But what makes the Central Limit Theorem even more attractive is that, almost always",TRUE
"Create constancy",NA,NA,8,"prose","So Deming's statement is guidance for us to focus instead on what would be *best*, and work steadily to get closer and closer to it. It's called ""continual impr | **Create constancy of purpose for continual improvement of products and service,** allocating resources to provide for long-range needs rather than only short-t | **POINT 1.** [Create constancy of purpose.] *(Day 4 pages 16--17.)*",TRUE
"crippling disease",NA,NA,8,"prose","So Deming's statement is guidance for us to focus instead on what would be *best*, and work steadily to get closer and closer to it. It's called ""continual impr | **The crippling disease is lack of constancy of purpose by planning to provide product and service in the future that will help man to live better materially, a | In fact, Dr Deming began this statement with ""The crippling disease in America…"". I have omitted the two extra words for the obvious reason that this Disease is",TRUE
"data values",NA,NA,8,"prose","And how about the second of the pair of control charts, the *R*-chart, on which we plot subgroup ranges? Obviously enough, the Central Line here will be the mea | If the value of σ is known then the first and last parts of this relationship can be evaluated, thus providing an interval within which we ""are 95% confident th | As a minor point of detail, notice the thin blue line in the middle of the chart. This is the ""Central Line"" representing the average of the data-values from wh",TRUE
"Deming called",NA,NA,8,"prose","Walter Shewhart referred to both types of fluctuations as ""variation"". By a process behaving ""normally"" we mean it has ""normal"" variation. (Incidentally, in cas | > [You will probably immediately recognise that what I describe as behaving normally or abnormally are respectively the same as what Drs Shewhart and Deming cal | 3. One type of variation is inherent to the process and the circumstances in which it is being operated—the way it has been designed, built, set up, the way peo",TRUE
"Deming meant",NA,NA,8,"prose","How about a brief explanation of ""enumerative studies"" in my own words? As we shall see later, an introductory course on conventional Statistics often begins by | In the context of the Funnel Experiment, what’s missing is the understanding of what Deming meant by a “stable system”. The reason I want you to try out the Fun | “ … why we have to do what we have to do.” I think there could be no better description of what Dr Deming meant when he used that word “theory”. Theory helps us",TRUE
"Deming often",NA,NA,8,"prose","Dr Deming often pointed out that people working in a process may know everything about that process except for realising the importance of what they know! By di | These were the starting-points in the three cases. Then what? In the case of the young boy, he began to observe carefully and eventually came up with his initia | The Foreman then takes the paddle over to the Inspection Department, so that both the junior inspectors and the Chief Inspector can learn their jobs. Inspection",TRUE
"Deming referred",NA,NA,8,"prose","The System of Profound Knowledge is the interaction of four substantial areas of thinking and understanding. Deming referred to them using titles such as | Thus, in summary, we have emphasised that the different parts of a system need to optimise their combined performances (""work together"") rather than maximising  | Not a lot! Firstly, as you may know and unlike most techniques in traditional Statistics, control charts are specifically designed for what Deming referred to a",TRUE
"Deming Transformation Forum",NA,NA,8,"prose","^a^ (page 10) This quotation from the Deming A5 Booklet W2 (formally BDA Booklet W2) has been reproduced with the approval of the Deming Transformation Forum. | BDA BOOKLETS (now known as the Deming A5 Booklets and obtainable from the UK Deming Transformation Forum—see the ""Internet contacts"" section). | *The Deming Library*. Films Inc, Chicago. (Contact WEDI or the UK Deming Transformation Forum.)",TRUE
"density lipoprotein",NA,NA,8,"prose","However, a few months later, these same people started complaining of low energy levels and low resistance to diseases. The research laboratories went into over | Third, in the case of low-density lipoprotein, its destruction had disastrous results: instead, it needed to be regulated to stay within appropriate limits (not",TRUE
"direct opposite",NA,NA,8,"prose","The kind of poster suggested in that extract from *Out of the Crisis* would demonstrate that management is actively creating the environment and opportunity for | One obvious possibility of how to start---and this will certainly be quick and easy---is for you to describe your immediate reaction(s) upon reading an item. Th | - Immediate reactions upon reading it (e.g. ""Really important"", ""I'm already familiar with this"", ""My organisation is doing the direct opposite to this"", ""Why i",TRUE
"earlier comments",NA,NA,8,"prose","Having finished your detailed work on the individual issues in each half-day, then read through the appropriate part of *DemDim* Chapter 18 irrespective of whet | - see if you need to update some of your earlier comments; - see if you can answer any of your earlier questions; - comment on matters included here which were  | Now read through *DemDim* pages 264–270, revising your earlier comments and adding any new points below.",TRUE
"enumerative studies",NA,NA,8,"prose","But even the conventional statistician will probably not be familiar with some or all of what I shall now introduce—so you're on a level playing-field for the t | How about a brief explanation of ""enumerative studies"" in my own words? As we shall see later, an introductory course on conventional Statistics often begins by | If books and courses on Statistics were to make clear—maybe not using the same terms, but at least indicating the purpose and limitations—that what they include",TRUE
"Essential Deming",NA,NA,8,"prose","ORSINI, Joyce Nilsson, *The Essential Deming—Leadership Principles from the Father of Quality*. McGraw Hill (2013). | And last, but definitely not least, here is by far the newest of all my recommendations: *The Essential Deming*, subtitled Leadership Principles from the Father | If you are a statistician, you might prefer to remain unaware of the following paragraph! It is an extract from Chapter 7: ""Management is Prediction"" on page 26",TRUE
"exact stability",NA,NA,8,"prose","> That is, of course, a far more exacting notion of stability than is considered in the control-charting context; and so, when necessary to avoid ambiguity, I s | The introductory course then swiftly moves on to Probability—no wonder since, as I've said before, the conventional statistician regards Probability as the bran | The two particular issues raised above both stem from the fact that *some* help from Mathematics is necessary in order to develop the details of where control l",TRUE
"expanded Joiner",NA,NA,8,"prose","In Point 6 we observed that the Scientific Approach is certainly tied in with *training*, because of its tools content. But we know that this is the smaller par | ## THE EXPANDED JOINER TRIANGLE | !The Expanded Joiner Triangle (Joiner Associates version)",TRUE
"expanded Joiner Triangle",NA,NA,8,"prose","In Point 6 we observed that the Scientific Approach is certainly tied in with *training*, because of its tools content. But we know that this is the smaller par | ## THE EXPANDED JOINER TRIANGLE | !The Expanded Joiner Triangle (Joiner Associates version)",TRUE
"figures alone",NA,NA,8,"prose","There is space for you to insert indications of your reaction to the number of red beads obtained at each stage. Naturally, you could say even more if the exper | **One can not be successful on visible figures alone. Of course, visible figures are important: the bank account must be watched, and employees and vendors must | **DISEASE 5.** [One cannot be successful on visible figures alone.] *(Day 5 pages 26--27.)*",TRUE
"fine detail",NA,NA,8,"prose","Stated concisely, ""six-sigma"" quality is achieved when that tolerance reaches or exceeds 6σ. But that is likely to be easier said than done! Note that, in theor | On the other hand, the third stage is *truly* optional as far as this course is concerned. Quite a lot of the “how” is largely common sense, but some of it does | The volunteering Willing Workers are to be employed in the finishing stages of a complex and time-consuming manufacturing operation. Their task is well-defined,",TRUE
"Ford Motor Company",NA,NA,8,"prose","Before considering the details, it would be useful to take a look at part of the rather famous hand-drawn *X̄-R* chart of which we have already seen something a | However, in my early days of studying Dr Deming’s work, I also found it useful to enjoy some lighter read- ing—I am sure the relevant authors will not object to | On page 2 Dr Deming claimed that, if we mix up the two types of variation, ""we only make things worse. This is easy to prove."" So let's prove it! Here is a well",TRUE
"helping people",NA,NA,8,"prose","**Adopt and institute leadership aimed at helping people to do a better job.** The responsibility of managers and supervisors must be changed from sheer numbers | Management is now spending time helping people, coaching and nurturing rather than ranking, rating, firing, or refereeing commission battles. A learning environ | Surely the ""New Way"" diagram is an embryonic version of Deming's flow diagram---and in fact, with Shewhart's particular choice of words, of Deming's original ""P",TRUE
"initial theory",NA,NA,8,"prose","These were the starting-points in the three cases. Then what? In the case of the young boy, he began to observe carefully and eventually came up with his initia | Notice that, without the initial theory, there would have been no learning! If he hadn't started with his theory: ""Kick ⇒ Start"", the young boy would not have o | The young boy's simple and wrong initial theory eventually led to some considerable knowledge which many people do not have. Without my initial theory, the litt",TRUE
"Jackie Graham",NA,NA,8,"prose","In all fields of activity, everyone recognises the importance of quality *to a certain extent*. If the quality of the product and/or service being provided by o | My friend Dr Jackie Graham, based in Australia, points out how government cycles (i.e. the times between General Elections) can seriously obstruct long-term pro | So almost everything that follows here has been told to me by friends who were only too happy to let me publish their stories. However, in some cases they were,",TRUE
"learning process",NA,NA,8,"prose","Improvement of quality and productivity, to be successful in any company, must be a learning process, year by year, top management leading the whole company. | Well, if that is the case, this can be harmful in at least two ways. First: trying to be someone that you're not. Second: crushing your *natural* learning proce | So what should be done instead? As seniors—parents, teachers, managers—our real job is to *discover a person's natural learning process*. That person could be y",TRUE
"low variation",NA,NA,8,"prose","Whereas Rule 3's short control charts did not give much warning of the horrors to come, Rule 4's short charts immediately show conclusive evidence of severe pro | 1. Good quality of a product or service surely implies that it can be described in such terms as reliable, dependable, predictable—no nasty surprises. The quali | The volunteering Willing Workers are to be employed in the finishing stages of a complex and time-consuming manufacturing operation. Their task is well-defined,",TRUE
"makes sense",NA,NA,8,"prose","Simply stated, the *aim* of a system is what the system tries to do. If we are designing a system then it makes obvious sense to first consider carefully what w | We tend to react to things as they appear before our eyes, in the here and now (rather similarly to drawing that tree, as described on the previous page). But s | As you are now well aware from Part D, since the normal distribution is a *continuous* distribution we cannot now sensibly consider probabilities of individual ",TRUE
"management style",NA,NA,8,"prose","The strong link here is wholly obvious. But note the implications concerning management style. Anything (and there is often much) that management does to erect  | * He was concerned not with mere change but with transformation of Western style of management (his own term for it). * He was working toward the very best imag | 3. One type of variation is inherent to the process and the circumstances in which it is being operated—the way it has been designed, built, set up, the way peo",TRUE
"mentioned earlier",NA,NA,8,"prose","However, as mentioned earlier, the theory underlying where we place the control limits relates to standard deviations rather than to any other type of measure o | As mentioned earlier, the work standard is 50 items of production per worker per week. In order to help the workers precisely attain this standard, the Foreman  | As mentioned earlier, it is important to emphasise that this particular choice of σ does \emph apply to many other kinds of process data. A method that can be e",TRUE
"move straight",NA,NA,8,"prose","I'll move straight on to **Rule 4** since that's the one you have dealt with most recently. The clue as to what happens to the control limits here follows direc | If you want to move straight on to finding out how to construct control charts for subgrouped data (without bothering to find out *why* the details are what the | There was a fairly full introduction to this simulation study on pages 63–64 and so I can now move straight into the details of the study.",TRUE
"moving range method",NA,NA,8,"prose","That question was largely addressed in the ""How do we compute those control limits—and why?"" section beginning on Day 3 page 13. There we argued how moving rang | Then on Day 3 we studied the type of control chart more generally used to analyse one-at-a-time data: the moving-range method using the familiar number 2.66. On | How does the moving-range method achieve this? Let's consider the case where a fault occurs which raises the process average from what it was before. That fault",TRUE
"Nashua Corporation",NA,NA,8,"prose","An example of expectation of quick results without effort and without sufficient education for the job is exemplified in a letter received by Dr Lloyd Nelson, s | ## The Deming Prize and the Nashua Corporation | In the 1970s, a medium-sized American company, the Nashua Corporation, was an agent for copying machines made by Ricoh, the well-known Japanese manufacturer. In",TRUE
"numerical goals",NA,NA,8,"prose","Whichever figures we quote, the fact is that Deming’s thinking, as a natural consequence of Shewhart’s thinking on the two types of variation, leads to a vast c | **Eliminate work standards that prescribe quotas for the workforce and numerical goals for people in management.** Substitute aids and helpful leadership in ord | **NB** There may be a potential danger in using the summary on the previous page without clarification: it is a possible misunderstanding of the term ""work stan",TRUE
"often used",NA,NA,8,"prose","But the links are stronger still. In one of my seminars I often used a slide which simply shows the Joiner Triangle with two words inscribed in the middle: ""Red | Then in 1982 a friend at Nashua here in the UK gave me a copy of the mimeographed book which Dr Deming was now issuing to all the delegates at his seminars. It  | Regarding videos, there were two quite well-known short British-made TV documentaries: *Doctor’s Orders* (produced by Central ITV in 1988) and *A Prophet Unhear",TRUE
"properly centred",NA,NA,8,"prose","Sadly, my enthusiasm was short-lived. First, I soon came across some advisors who were extolling the virtue of ""six-sigma"" quality as being the greater freedom  | Now, if a process having ""six-sigma"" quality is properly centred, the relevant figure from the table is the final one, the 0.000000000987—except that there are  | I'll just quote a few figures. First, actually now having a ""six-sigma"" process *properly centred*. Recall that the normal distribution tells us that then there",TRUE
"provide jobs",NA,NA,8,"prose","A left-to-right chain of five linked boxes showing Deming's Chain Reaction. **Improve processes and product** leads to **Costs decrease**, which leads to **Capt | **Create constancy of purpose for continual improvement of products and service,** allocating resources to provide for long-range needs rather than only short-t | Notice the connection with the Deming Chain Reaction, finishing up (as in both versions of the Chain Reaction—see the bottom of page 3) with ""provide jobs"". We ",TRUE
"range method",NA,NA,8,"prose","That question was largely addressed in the ""How do we compute those control limits—and why?"" section beginning on Day 3 page 13. There we argued how moving rang | Then on Day 3 we studied the type of control chart more generally used to analyse one-at-a-time data: the moving-range method using the familiar number 2.66. On | How does the moving-range method achieve this? Let's consider the case where a fault occurs which raises the process average from what it was before. That fault",TRUE
"re read",NA,NA,8,"prose","Dr Deming was once asked: ""What is the job of a teacher?"". He replied that a teacher has three obligations to his students: (1) to make them fall in love with t | Now comes the time for you to get some practice at playing the role of the Foreman! Remember that the Foreman (pretends that he) is in the Un-Knowing state—typi | Nowadays, as I re-read my comments on the 14 Points in *DemDim* Chapter 3, which are largely based on those which I included in my earlier materials, it is almo",TRUE
"red bead",NA,NA,8,"prose","- Volume 1. *The New Economic Age*. - Volume 2. *The 14 Points*. - Volume 7. *The Red Bead Experiment and Life*. - Volume 8. *Lessons of the Red Bead Experiment | In fact, in this case, a further approximation has been made. If you think about it you will realise that the number of red beads in the paddle *cannot* be exac | !Handwritten results table for six Willing Workers (Ernie, Iggy, Richard, Martin, Andrew, Pat) showing red bead counts across four weeks, with weekly totals dec",TRUE
"Reveal suggested",NA,NA,8,"prose","Reveal suggested answer for Pause for Thought 1-a | Reveal suggested answer for Pause for Thought 2-a | Reveal suggested answer for Activity 3-a",TRUE
"Reveal suggested answer",NA,NA,8,"prose","Reveal suggested answer for Pause for Thought 1-a | Reveal suggested answer for Pause for Thought 2-a | Reveal suggested answer for Activity 3-a",TRUE
"sample mean",NA,NA,8,"prose","- Summarising ""raw data"" through pictures such as histograms and the calculation of ""sample statistics"" such as the sample mean *X̄* and the sample standard dev | That link between the picture of the probabilities and the histograms as the amount of sampling increases has its parallel with the sample statistics. Let's con | Let's take another look at the calculations of the sample mean at the end of the previous section. You saw that we finished up writing them like this:",TRUE
"sample sizes",NA,NA,8,"prose","> Here’s a little exercise for the statisticians—all others should skip this small-print section. > > If you are keen on hypothesis tests, you might like to con | [] Besides seeing the *shape* of the distribution developing from the histograms as the sample size increases and with the boxes becoming correspondingly narrow | Of course, usually our sample sizes *n* are rather small compared with "" ""! But what makes the Central Limit Theorem even more attractive is that, almost always",TRUE
"short termism",NA,NA,8,"prose","## Disease 2. Short-termism *( )* | When you think of the many contributors needed to develop real quality in whatever you are doing, there is one common requirement: *time*! Time to learn, time t | All One Team includes development of personal relationships, learning to work together, learning to help each other for mutual benefit and the benefit of the co",TRUE
"silly game",NA,NA,8,"prose","To carry out Day 3's experiment does not actually need any ""previous knowledge"": previous knowledge is only involved with *interpreting* the results from the ex | As with the Experiment on Red Beads, the Funnel Experiment may just look like a rather silly game when you are introduced to it. Hopefully, like the Red Beads E | - a funnel, - a marble which is small enough to pass through the funnel, - a table, exactly horizontal and covered by a thick tablecloth ... - ... on which is m",TRUE
"slow learner",NA,NA,8,"prose","| Worker | Remark | |---|---| | Audrey’s 6 | “You’re a slow learner. But I’m proud of you.” | | John’s 10 | “Very consistent. Consistently bad.” | | Al’s 11 | “ | Further, in Prelude A we saw some of the difficulties and indeed harm caused by ranking and rating. And now we surely see yet more. As there are so many differe | As we have seen, Week 2 began with that disappointing performance by Ernie. In retrospect, the explanation was clear. Ernie had shown up all of his workmates du",TRUE
"small number",NA,NA,8,"prose","On the other hand, you may of course *wish* to learn a little more or even a lot more about control charts. In that case I’ll mention three possibilities which  | On your return from the Appendix, now spend a little time organising your notes into a small number of groups or categories, i.e. each containing somewhat relat | ""BT has been forced to pay the Ministry of Defence £1.3m in compensation after some of its staff met call-answering targets by phoning each other. The National ",TRUE
"square root",NA,NA,8,"prose","(d) take the *square root* of the result. | (d) the square root of 0.158 = √0.158 = 0.397. | The answer to the first pair of questions is that, quite simply, despite being easier and quicker for you and me to calculate, the MAD turns out to be very awkw",TRUE
"standard normal",NA,NA,8,"prose","> If is the mean of a random sample of size *n* taken from a population having mean μ and variance σ² (i.e. standard deviation σ) then > > > > is a random varia | is near enough to being standard normal, then, as we have seen on page 50, there is about a 95% probability of *Z* lying between −1.96 and +1.96. A little algeb | has the standard normal distribution, at least approximately, under the same conditions as previously. Also as before, it is unlikely that the value of σ is kno",TRUE
"Statistical Process Control",NA,NA,8,"prose","My great friend Don Wheeler (from whom I've learned so much over the years) told me about a family of probability distributions that was studied by Irving W Bur | During Day 3 you were introduced to the ancient but valuable study by Don Wheeler of ""A Japanese Control Chart"": it is examined in some detail in Part B of the  | WHEELER D J, *Advanced Topics in Statistical Process Control*. SPC Press, Knoxville, TN (2005).",TRUE
"statistical techniques",NA,NA,8,"prose","Less trivially, suppose the data alternately measure efficiency or productivity etc of both a day-shift and a night-shift. There could be many reasons for a zig | Now let's move on to the second computer simulation. This was to examine the claim made by some Mathematical Statisticians that, if the data to be plotted on a  | So he regarded getting into some training, even on something as vital as the construction of control charts, would be inappropriate during his teaching—it would",TRUE
"Statistics course",NA,NA,8,"prose","- Introduction - Part A: Using control charts on Funnel Experiment data — an extension of Major Activity 3–h 1. Introduction 2. Rules 1 and 2 of the Funnel *(** | So I'd better try some brief explanations in my own words! ""Analytic studies"" are indeed what we have been involved with, particularly in the early days of *12  | ### A typical syllabus for an introductory Statistics course",TRUE
"Statistics courses",NA,NA,8,"prose","But now let us return to the first paradox summarised on : the apparently strange matter of neither the all-important tool of the control chart nor its creator, | I am tackling the first paradox here rather than in the main text because I do need to refer to matters covered in the usual kind of Statistics courses. If you  | And there’s the difficulty. What kind of “terms and conditions” could possibly be specified that would apply in practice to data from processes of all the kinds",TRUE
"study group",NA,NA,8,"prose","But a lot of other stuff that Deming had written did appeal to me, so I rather set aside that business about the two types of statistical studies and read about | Wishing to learn more about Dr Deming and his teaching, I participated in a study group hosted by the Geelong Quality Council in early 2024. This was my introdu | After completing the 12 Days to Deming course via the study group, I reflected on my learning experiences and thought about how it might be improved for future ",TRUE
"subgrouped data",NA,NA,8,"prose","- Introduction - Part A: Using control charts on Funnel Experiment data — an extension of Major Activity 3–h 1. Introduction 2. Rules 1 and 2 of the Funnel *(** | If you want to move straight on to finding out how to construct control charts for subgrouped data (without bothering to find out *why* the details are what the | ## 3. Control charts for subgrouped data",TRUE
"suggested answer",NA,NA,8,"prose","Reveal suggested answer for Pause for Thought 1-a | Reveal suggested answer for Pause for Thought 2-a | Reveal suggested answer for Activity 3-a",TRUE
"target culture",NA,NA,8,"prose","During these last few years it is notable that, at long last, some attitudes about targets seem to be changing. It was in 2012 that, in a BBC radio interview, I | Here we have the topic that used to be regarded as probably the most controversial of all of the 14 Points (other than Point 12 if that is incorrectly regarded  | However, despite getting into such sad short stories toward the end of today's material, I promise you that we'll finish on what I found to be a very positive n",TRUE
"too little",NA,NA,8,"prose","At least, I imagine it startled you at the time: it has that effect on most people. Hardly surprising. Many regard competition as the salvation, the panacea, fo | [*The quality of the* **measurement process** *itself seems to be too little considered by conventional statisticians, let alone non-statisticians. The numbers  | ### Too much time, too little time",TRUE
"Type your comment here.",NA,NA,8,"ui","./content/days/day-02/07-some-recollections.qmd",TRUE
"understand variation",NA,NA,8,"prose","In Point 6 we observed that the Scientific Approach is certainly tied in with *training*, because of its tools content. But we know that this is the smaller par | Failure to understand variation in tests delayed some years the science of genetics. Ratios of (e.g.) tall and dwarf peas varied wildly below and above nature's | The prime purpose of Day 3 as a whole is best summarised by the short title of Don Wheeler's excellent little book: *Understanding Variation*. So, looking forwa",TRUE
"whole system",NA,NA,8,"prose","Indeed, ranking and rating are not just senseless—they are harmful. Reflecting the question posed on page 1, why should people [""work together""] (for the advant | Performance appraisal has been completely discarded: we do not use it. Growth and success are measured in other ways, and management doesn't look at an individu | So let's be clear about the purpose of this two-day project. In one sense it is ambitious, but not ridiculously so. In another sense it's quite limited: the pur",TRUE
"without understanding",NA,NA,8,"prose","One often sees shorter translations of those two little words: simply KAI = ""change"" and ZEN = ""good"". These miss the depth of the true meaning as expressed abo | > “ ... the harder they tried, the worse were the effects. … When anything bad occurred, they went to work on it to try to correct it. A noble aim. There was on | > “ ... they were failing to understand the difference between common causes and special causes, and that mixing them up makes things worse. ... Sure we don’t l",TRUE
"zag effect",NA,NA,8,"prose","**Rule 3**'s zig-zag effect is the complete opposite. (This is *negative* autocorrelation.) ""Zig-zag"" *means* up-down-up-down-up … : i.e. here the moving ranges | So, in both cases, compute the positions of the Central Line and control limits from the data over your chosen baseline and draw them in on your run chart. Now, | But, with our knowledge of what Rule 2 is, isn't that precisely what we would expect? Rule 2's compensation mechanism virtually ensures that particularly high v",TRUE
"Zero Defects",NA,NA,8,"prose","### 14. The fallacy of zero defects. | One evening (it was an evening course), the discussion topic was ""Zero Defects"". The gentleman teaching us was trying to motivate (provoke?) us by giving us exa | **Eliminate the use of slogans, posters, and exhortations** for the workforce, demanding Zero Defects and new levels of productivity without providing methods. ",TRUE
"zig zag effect",NA,NA,8,"prose","**Rule 3**'s zig-zag effect is the complete opposite. (This is *negative* autocorrelation.) ""Zig-zag"" *means* up-down-up-down-up … : i.e. here the moving ranges | So, in both cases, compute the positions of the Central Line and control limits from the data over your chosen baseline and draw them in on your run chart. Now, | But, with our knowledge of what Rule 2 is, isn't that precisely what we would expect? Rule 2's compensation mechanism virtually ensures that particularly high v",TRUE
"awarding business",NA,NA,7,"prose","**End the practice of awarding business solely on the basis of price tag.** Instead, require meaningful measures of quality along with price. Reduce the number  | Anyone who has been involved with the effects of awarding business on lowest price knows, through bitter experience, the huge additions to variation—and therefo | More generally, if things do not seem to be working well in some part of an organisation, what is it that ""feeds in"" to that part of the organisation that might",TRUE
"barriers between",NA,NA,7,"prose","The strong link here is wholly obvious. But note the implications concerning management style. Anything (and there is often much) that management does to erect  | The three items under ""Operational Definitions"" also have some interesting contributions to make. Item 7 is particularly important with reference to Point 9: ""B | **Break down barriers between departments and staff areas.** People in different areas, such as Research, Design, Sales, Administration, and Production, must wo",TRUE
"Bill Scherkenbach",NA,NA,7,"prose","Practically, surely the most important conclusion of all is that, if improvement is desired (as it should surely be), it is the *system* within which the worker | However, in my early days of studying Dr Deming’s work, I also found it useful to enjoy some lighter read- ing—I am sure the relevant authors will not object to | !Mack tells the story of Gallery Furniture for the first time at a Deming seminar on 12 July 1991, Washington DC. Also participating were three of his colleague",TRUE
"Bill Scherkenbach's",NA,NA,7,"prose","Rule 2 is the case where, as we know both from the Ford example and from your own work in the Major Activity, the situation is undesirable compared with Rule 1, | On page 2 Dr Deming claimed that, if we mix up the two types of variation, ""we only make things worse. This is easy to prove."" So let's prove it! Here is a well | !Mack tells the story of Gallery Furniture for the first time at a Deming seminar on 12 July 1991, Washington DC. Also participating were three of his colleague",TRUE
"Chief Inspector",NA,NA,7,"prose","After the delegates returned from their coffee-break on the Wednesday morning, Dr Deming briefly introduced the experiment. Then there was some pleasant humour  | 10 VACANCIES (educational requirements minimal) 1 RECORDER — able to write neatly and to perform simple arithmetic 1 CHIEF INSPECTOR — able to compare figures a | The Foreman then takes the paddle over to the Inspection Department, so that both the junior inspectors and the Chief Inspector can learn their jobs. Inspection",TRUE
"computed using",NA,NA,7,"prose","[] In this sort of case, the sample mean cannot really do a very good job of genuinely reflecting the typical kind of values being recorded: it will still be a  | The control limits (coloured blue) in those charts on page 19 were computed by the moving-range method (in both cases using all of the 24 data-points included o | Two charts side by side: Chart A1 (a stable process) and Chart A2 (an out-of-control process), each shown with control limits drawn in **magenta** — computed us",TRUE
"computing control",NA,NA,7,"prose","There is still more good news to come! The almost universally accepted way of computing control limits for control charts based on a-few-at-a-time data, i.e. us | As you know by now, I have always been quite keen on using computer simulation studies when faced with problems that are difficult or impossible to solve just b | Further, during Technical Aid 1 on , my introduction to that method for computing control limits was as follows (slightly paraphrased):",TRUE
"computing control limits",NA,NA,7,"prose","There is still more good news to come! The almost universally accepted way of computing control limits for control charts based on a-few-at-a-time data, i.e. us | As you know by now, I have always been quite keen on using computer simulation studies when faced with problems that are difficult or impossible to solve just b | Further, during Technical Aid 1 on , my introduction to that method for computing control limits was as follows (slightly paraphrased):",TRUE
"considerable time",NA,NA,7,"prose","The prime purpose of Day 3 as a whole is best summarised by the short title of Don Wheeler's excellent little book: *Understanding Variation*. So, looking forwa | People in the Western Electric Company at that time were heavily involved in the development of telephone technology and related equipment. They were investing  | Compared with what we now know about the matters which Dr Deming was teaching in Japan 30 years earlier, *If Japan Can, Why Can’t We*? had a strangely narrow em",TRUE
"conversion factor",NA,NA,7,"prose","However, as mentioned earlier, the theory underlying where we place the control limits relates to standard deviations rather than to any other type of measure o | So firstly let's take the issue that, because the constants we use to find our control limits have been computed by mathematicians after they assume the data co | was introduced on page 20 as the conversion factor by which a subgroup range needs to be divided in order to scale it down to a number which is comparable to th",TRUE
"current section",NA,NA,7,"prose","Since manual sampling is now effectively out of the question, we'll need to resort to computer simulations (and it won't be the last time in these Optional Extr | Those on Stats-level 0 can now move to that section almost immediately since the remainder of this current section consists of some Technical Aids and an Activi | As I was developing the current section of the course, I realised that the content of his series of short articles could be extremely valuable to *12 Days* stud",TRUE
"Dave Young",NA,NA,7,"prose","This Activity reminds me of an e-mail I received from my friend Dave Young after he had read through parts of this course while on holiday early in 2015 (there  | So almost everything that follows here has been told to me by friends who were only too happy to let me publish their stories. However, in some cases they were, | Dave Young showed me a couple of excellent comparisons between the two types of organisation chart that friends had suggested to him. First: ""The traditional or",TRUE
"Deming Cycle",NA,NA,7,"prose","As we know, Points 1 and 5 and the first Deadly Disease are concerned with genuine, sustained and sustainable improvement, and that most certainly is what the D | And this use of the word does not just apply to statisticians! In Deming’s mind, the very *purpose* of theory is to help guide better *practice*. And if a theor | First, you will have already read on *DemDim* page 35 that ""Topics which can be included under this general heading *Scientific Approach*"" take up a considerabl",TRUE
"Deming's System",NA,NA,7,"prose","Where are we now? We have just mentioned matters to do with psychology. ""Knowledge of Psychology"" is the fourth and final part of the System of Profound Knowled | As you know, these four Preludes respectively introduce some of the concepts in the four parts of Dr Deming's System of Profound Knowledge which you will study  | Much of both today and tomorrow is closely linked with our study of the 14 Points and Deadly Diseases, the learning from which, as we have seen, does not merely",TRUE
"Deming's teachings",NA,NA,7,"prose","I felt so sad that two of the most powerful concepts which had been inspired by Deming's teachings in Japan were being so horribly misinterpreted and implemente | Today, when I teach my students about how Dr Deming's teachings have been abused, I talk to them about the ""Six-Sigma Superstition"". I'm sure you'll love the wa | Now again, any acceptance of Shewhart's and Deming's teachings immediately leads to the denial of the conventional statistician's claims in both of these respec",TRUE
"Deming's theory",NA,NA,7,"prose","First, you will have already read on *DemDim* page 35 that ""Topics which can be included under this general heading *Scientific Approach*"" take up a considerabl | As you are well aware, we are learning about Dr Deming's theory of management. But, of course, as we discussed near the start, the purpose of that theory is to  | We shall spend most of today with the true story of Gallery Furniture, learning of a journey from ""bad practice"" to ""good practice"" based on Dr Deming's theory ",TRUE
"economic age",NA,NA,7,"prose","- Volume 1. *The New Economic Age*. - Volume 2. *The 14 Points*. - Volume 7. *The Red Bead Experiment and Life*. - Volume 8. *Lessons of the Red Bead Experiment | **Adopt the new philosophy. We are in a new economic age,** created in Japan. We can no longer live with commonly accepted levels of delays, mistakes, defective | Robert Reich, who was Secretary of Labour in Bill Clinton's administration, is featured in conversation with Dr Deming in the first two of the Deming Library vi",TRUE
"Elementary Statistics Tables",NA,NA,7,"prose","*EST*. Abbreviation for my *Elementary Statistics Tables* (see below). | NEAVE, H R, *Elementary Statistics Tables*. George Allen & Unwin (1981), Routledge (2nd edition 2011). | The tables and notation being included here are extracts from the table of control-chart constants on page 46 of *EST*, my book of *Elementary Statistics Tables",TRUE
"equally likely",NA,NA,7,"prose","How about a brief explanation of ""enumerative studies"" in my own words? As we shall see later, an introductory course on conventional Statistics often begins by | Many examples of probability calculations, both at the introductory stage and later, make use of considerations of *symmetry*, which is where all the various po | A typical way of verifying this (if you need one) is as follows. Suppose we label the coins A and B. Then there are *four* possible outcomes, all equally likely",TRUE
"extra material",NA,NA,7,"prose","On Days 2 and 3 and during parts of both of the projects, the emphasis was on understanding variation and why that is useful, and the role it plays in the impro | Assuming you do not have much or any background in conventional Statistics, this section will (like the first section) contain some words, terms and phrases wit | And lastly, if you are *really* keen to have a comprehensive introduction to control charts—going well beyond what is necessary for this course—there is the fai",TRUE
"final part",NA,NA,7,"prose","Regarding the final part of the question, I suggest the answers are simply (1) harmed it; (2) nothing or worse (lost opportunity); and (3) benefited it. | Where are we now? We have just mentioned matters to do with psychology. ""Knowledge of Psychology"" is the fourth and final part of the System of Profound Knowled | But don't misinterpret what I have said about conventional Statistics. It is a fascinating subject, and it is a very *useful* subject in many areas. Hopefully, ",TRUE
"first sentence",NA,NA,7,"prose","First, whereas training is very focused, ""education"" implies breadth—learning about other areas—and this often provides inspiration about what could be helpful  | This Point in particular needs reading beyond the first few words—including to the very end of the first sentence! Dr Deming was pretty scornful of mere ""slogan | However, it is worth briefly noting that the first sentence in the final quotation above explicitly refers us forward to no less than three of the four parts of",TRUE
"goes wrong",NA,NA,7,"prose","Let me relate a sad experience I had whilst visiting a very famous company in Pune. I came across a poster on the shop-floor which supposedly described KAIZEN.  | Let me tell you now what first really began to attract me seriously to Deming’s work. It wasn’t the statistical ideas (as you might have thought, because of my  | And what else? His philosophy of management is wholly *system*- or *process*-orientated. It sees things (including, very much, things to do with people) as full",TRUE
"hard work",NA,NA,7,"prose","If you are mathematically inclined, you might like to use the above criterion to verify the following alarming argument. Let's consider starting with the proces | Then recall the simple example on . I observed that changing the *average* of my process there would be very easy. And, in my experience, it is indeed very ofte | At this stage, the experiment was abruptly terminated. Despite everybody's hard work, and the Foreman's efforts to get improved performance out of his people, t",TRUE
"hypothesis tests",NA,NA,7,"prose","> Here’s a little exercise for the statisticians—all others should skip this small-print section. > > If you are keen on hypothesis tests, you might like to con | - Introduction - Part A: Using control charts on Funnel Experiment data — an extension of Major Activity 3–h 1. Introduction 2. Rules 1 and 2 of the Funnel *(** | - Summarising ""raw data"" through pictures such as histograms and the calculation of ""sample statistics"" such as the sample mean *X̄* and the sample standard dev",TRUE
"institute leadership",NA,NA,7,"prose","## Point 7. Institute leadership of people *( )* | ## Point 7. Institute leadership of people | **Adopt and institute leadership aimed at helping people to do a better job.** The responsibility of managers and supervisors must be changed from sheer numbers",TRUE
"introductory Statistics",NA,NA,7,"prose","- Introduction - Part A: Using control charts on Funnel Experiment data — an extension of Major Activity 3–h 1. Introduction 2. Rules 1 and 2 of the Funnel *(** | So I'd better try some brief explanations in my own words! ""Analytic studies"" are indeed what we have been involved with, particularly in the early days of *12  | If books and courses on Statistics were to make clear—maybe not using the same terms, but at least indicating the purpose and limitations—that what they include",TRUE
"junior inspectors",NA,NA,7,"prose","After the delegates returned from their coffee-break on the Wednesday morning, Dr Deming briefly introduced the experiment. Then there was some pleasant humour  | 10 VACANCIES (educational requirements minimal) 1 RECORDER — able to write neatly and to perform simple arithmetic 1 CHIEF INSPECTOR — able to compare figures a | Going by what they see, the delegates will more naturally identify with the ""All-Knowing"" role. The apparatus for the experiment is most surely ""stupidly simple",TRUE
"learning course",NA,NA,7,"prose","Why an ""Overture"" rather than an ""Introduction""? Simply because this half-day contains much more than you would expect in a mere introduction to this structured | The 12 Days to Deming Active Learning Course was created by Dr Henry Neave and first launched in 2020. The course has been adapted for the web by me, Lee Durbin | This section describes the various types of activities that make this course an active-learning course. Several of these, especially in the second half of the c",TRUE
"lifelong learning",NA,NA,7,"prose","And last, but definitely not least, here is by far the newest of all my recommendations: *The Essential Deming*, subtitled Leadership Principles from the Father | And lastly, the process of beginning to bring it all together—and making it happen—is the subject of our 12th and final day. And I must surely emphasise “beginn | Finally, on Day 12, we shall do a number of things to finally ""bring it all together""---at least as far as we can within the context of a course such as this. T",TRUE
"Lloyd Nelson's",NA,NA,7,"prose","So, returning to our version of the Funnel Experiment, if tampering doesn't do any good (to put it mildly), how might we really ""improve the process"", i.e. redu | In case that might be possible, let me tell you what I did in my seminars. As you will remember, Dr Nelson's original version of the experiment is rather tricky | (3) On *DemDim* pages 34–35 we saw Lloyd Nelson's statement about the importance of ""unknown and unknowable"" figures, followed by a number of illustrations. Spe",TRUE
"longer online",NA,NA,7,"prose","> *NB* The Deming Transformation Forum's website is no longer online. The linked 2012 archived snapshot is preserved here as a historical reference; the Booklet | Firstly, there are a number of references in this course to events that were organised by the BDA and to the substantial series of BDA Booklets that were writte | [^a]: On 6 July 1989 Dr Deming spoke at a meeting which was organised by the Association Française Edwards Deming and held at the Palace of Versailles. I was pr",TRUE
"main course",NA,NA,7,"prose","Secondly, the coverage of control charts during the main course included their use only with what I called ""one-at-a-time"" data, because that is all that is ava | However, as already mentioned, on looking further down the list of Contents there is little doubt that the title of Part D catches your eye! Why on Earth should | So please just pick and choose what, if anything, you read here in these Optional Extras. Or just browse through them and see if anything catches your eye. Mayb",TRUE
"management causes",NA,NA,7,"prose","It is evident that mobility of management increases variation; how could it do otherwise? In the case of a ""job-hopping"" culture as opposed to a learning cultur | It’s not surprising that there should have been such a change or development of emphasis in Dr Deming’s teaching in the late 1980s. An inevitable consequence of | **Mobility of management causes instability, results in decisions being made by people who do not know the business** *[i.e. this business]* **and thus blindly ",TRUE
"Management's Five Deadly Diseases",NA,NA,7,"prose","Here are some words from the video *Management's Five Deadly Diseases*. If you watched it earlier, I think you will remember them: | *Management's Five Deadly Diseases*. Encyclopaedia Britannica. | *Management's Five Deadly Diseases*:",TRUE
"manufacturing processes",NA,NA,7,"prose","Another great value of Don’s work is that, whereas it used to be the case that control charts were generally considered to require small *samples* of data to be | And there’s the difficulty. What kind of “terms and conditions” could possibly be specified that would apply in practice to data from processes of all the kinds | And so I think we now have several reasons to explain the paradox being considered. Why isn’t the control chart in most introductory (or even later) Statistics ",TRUE
"monthly sales",NA,NA,7,"prose","For illustration, imagine we have just launched a new product on the market, and consider how its monthly sales figures might develop and how the management mig | To keep things easy, I'll present the supposed monthly sales figures as simple whole numbers. For example, we might be rounding to the nearest 1,000 sales so th | A run chart of monthly sales figures, with months 1 to 3 on the x-axis and sales values on the y-axis. The line goes up sharply from 13 in Month 1 to 19 in Mont",TRUE
"never mind",NA,NA,7,"prose","But beware! If you read Part E of the Optional Extras you will find me referring on page 60 to the famous British statistician, the late Professor George Box, s | I'll ask you to look one more time at the Optional Extras, this time on page 49. Here we have the same pictures as you saw two pages earlier (page 47) but now w | Note in the diagrams that the area in either tail of the normal distribution beyond 3σ from the mean μ is 0.135%. (This is what led to the existence of the firs",TRUE
"new economic",NA,NA,7,"prose","- Volume 1. *The New Economic Age*. - Volume 2. *The 14 Points*. - Volume 7. *The Red Bead Experiment and Life*. - Volume 8. *Lessons of the Red Bead Experiment | **Adopt the new philosophy. We are in a new economic age,** created in Japan. We can no longer live with commonly accepted levels of delays, mistakes, defective | Robert Reich, who was Secretary of Labour in Bill Clinton's administration, is featured in conversation with Dr Deming in the first two of the Deming Library vi",TRUE
"new economic age",NA,NA,7,"prose","- Volume 1. *The New Economic Age*. - Volume 2. *The 14 Points*. - Volume 7. *The Red Bead Experiment and Life*. - Volume 8. *Lessons of the Red Bead Experiment | **Adopt the new philosophy. We are in a new economic age,** created in Japan. We can no longer live with commonly accepted levels of delays, mistakes, defective | Robert Reich, who was Secretary of Labour in Bill Clinton's administration, is featured in conversation with Dr Deming in the first two of the Deming Library vi",TRUE
"often referred",NA,NA,7,"prose","In connection with what is often referred to as the UK Government's ""hostile immigration environment"", Home Secretary Amber Rudd told the Home Affairs Select Co | Again let's look first at the short control charts of the two simulations. The second one does not appear to have anything much to tell us, but I suggest the fi | But, before that, it is worth making the intriguing and salutary point that Shewhart himself started out thinking that the subject *could* be developed from the",TRUE
"possible outcomes",NA,NA,7,"prose","As you know, **Rule 1** simply produces the unadulterated data coming from the underlying process of throwing the dice or, in Dr Nelson's original version of th | - Summarising ""raw data"" through pictures such as histograms and the calculation of ""sample statistics"" such as the sample mean *X̄* and the sample standard dev | Many examples of probability calculations, both at the introductory stage and later, make use of considerations of *symmetry*, which is where all the various po",TRUE
"possible values",NA,NA,7,"prose","Finally for this section, let's take a look at another example of a binomial distribution. Incidentally, as you may have realised, ""bi-nomial"" implies ""two name | Probability distributions divide themselves into two types depending on what kind of data they represent. So far, we have only been considering what we might ca | For example, in the discrete case our approach was to obtain approximations for the probabilities of each of the various possible values as the proportion of ti",TRUE
"pre Deming",NA,NA,7,"prose","To focus on the *learning* from the Gallery Furniture story, and to help you relate it to your own situation, I now ask you to carry out two similar exercises w | Finally, for the time being, work through the table one more time, now considering the comments you have made on both the ""Pre-Deming"" and ""Post-Deming"" sides o | ## ACTIVITY 6-b: ""Pre-Deming"" Gallery Furniture",TRUE
"process improvement",NA,NA,7,"prose","Less trivially, suppose the data alternately measure efficiency or productivity etc of both a day-shift and a night-shift. There could be many reasons for a zig | On the other hand, you may of course *wish* to learn a little more or even a lot more about control charts. In that case I’ll mention three possibilities which  | 3. One type of variation is inherent to the process and the circumstances in which it is being operated—the way it has been designed, built, set up, the way peo",TRUE
"production workers",NA,NA,7,"prose","Unfortunately, Quality Control Departments have taken the job of quality away from the people that can contribute most to quality—management, supervisors, manag | Some people make good use of computers. Few people are aware, however, of the negative input of computers. Time and time again, in my experience, when I ask for | > ""As the Ford group was touring the Tokai Rika plant, they observed eight production workers 'engaged in active discussion' around this Average and Range Chart",TRUE
"pulse rate",NA,NA,7,"prose","Apart from the feature of possibly wandering off to relatively enormous distances from wherever it starts, there is another aspect of Rule 4 which is often seen | Your body temperature is an example of what I call a ""natural"" process. Its optimum value is said to be 98.4°F or 98.6°F, depending on the country in which you  | That may sound pessimistic! But is it? Can we predict with exact precision the output of any process, e.g. our pulse rate at any moment? No, we cannot. Nobody c",TRUE
"Quality Circles",NA,NA,7,"prose","- Introduction - *""… but they don't know what to copy!""* - Kaizen - Quality Circles - Just In Time - Six Sigma - Summary - Back to Deming's Legacy - India's Mis | I felt so sad that two of the most powerful concepts which had been inspired by Deming's teachings in Japan were being so horribly misinterpreted and implemente | ### Quality Circles",TRUE
"real data",NA,NA,7,"prose","And there’s the difficulty. What kind of “terms and conditions” could possibly be specified that would apply in practice to data from processes of all the kinds | After that final paragraph, those of you “in the know” will, I think, now begin to understand why “traditional” Mathematical Statisticians have tended to shy aw | No probabilities, no fancy theory, no assumptions about any particular probability distribution, etc—*experience*! Shewhart carried out a lot of experimentation",TRUE
"sales data",NA,NA,7,"prose","Even though these were not real sales figures, and this was not a real management team, do you think that this was a reasonable account of how management might  | Does the Ford example from earlier today (pages 5–6) suggest to you any concerns about the management's interpretation of yesterday's monthly sales data ( ), th | Furthermore, doesn't that type of management behaviour remind you of what you were doing yesterday when playing the part of the Foreman in the Red Beads Experim",TRUE
"sample size increases",NA,NA,7,"prose","[] Besides seeing the *shape* of the distribution developing from the histograms as the sample size increases and with the boxes becoming correspondingly narrow | There is one respect in which this statement can be confusing. Let's suppose the data are being drawn from a distribution having mean μ and standard deviation σ | The expression in the denominator of *Z* is the *standard deviation* of : this will be proved in the Technical Section on page 80. That expression is obviously ",TRUE
"Second Edition",NA,NA,7,"prose","As you know by now, I have always been quite keen on using computer simulation studies when faced with problems that are difficult or impossible to solve just b | But, with my background as a university lecturer in Mathematical Statistics, I didn’t realise any of the above when travelling to London in June 1985 for that f | Incidentally, the full title of *Statistics Tables is Statistics Tables for Mathematicians, Engineers, Economists and the Behavioural and Management Sciences* w",TRUE
"senior managers",NA,NA,7,"prose","> ""Over the nearly 20 years of my seminars on Dr Deming's teaching I rarely suffered from any 'difficult' delegates. The few that I had could be divided into tw | That comment might sound flippant. It isn’t. Over the nearly 20 years of my seminars on Dr Deming’s teaching I rarely suffered from having any “difficult” deleg | Some senior managers worry that heading toward ""All One Team"" might pose a threat to their authority. However, a further astute observation from Malcolm Gall is",TRUE
"shall study",NA,NA,7,"prose","When I met and began working with Dr Deming in 1985, besides the Red Beads Experiment the majority of the time in his four-day seminars involved his 14 Points ( | My friend Dave Kerr has presented the Red Beads Experiment numerous times. He has developed a short document which not only summarises some of the learning whic | That compares interestingly with the five ""Deadly Diseases"" of Western management (which we shall get to tomorrow). These are also well-covered in *Out of the C",TRUE
"short baseline",NA,NA,7,"prose","So yes, it is possible to have signals *within* the baseline period. Indeed, if you read Part A of these Optional Extras then you will have seen some on page 13 | But *why* does the probability of false alarms occurring within the baseline behave in the way shown? In particular, why is the probability actually *zero* with | There is one final type of control chart that I would like to mention to you. This takes us back to one-at-a-time data and is an interesting variant on the fami",TRUE
"simulation studies",NA,NA,7,"prose","- Introduction - Part A: Using control charts on Funnel Experiment data — an extension of Major Activity 3–h 1. Introduction 2. Rules 1 and 2 of the Funnel *(** | So, whether or not you have a background in conventional Statistics, there you have many clues as to why much of the remaining content has been included within  | ## 2. Two simulation studies",TRUE
"single sentence",NA,NA,7,"prose","Let’s consider how a mathematician tackles his problems. It might appear ambitious to try to describe that in a single sentence, but here’s my attempt! Mathemat | What exactly did Dr Deming mean by a ""system""? On *The New Economics* page 35 *[50]* he provided this description: [""A system is a network of interdependent com | Most of the time in the previous section was spent on considering how to measure *variation* in subgrouped data. In case you skipped that section, I'll summaris",TRUE
"size increases",NA,NA,7,"prose","[] Besides seeing the *shape* of the distribution developing from the histograms as the sample size increases and with the boxes becoming correspondingly narrow | There is one respect in which this statement can be confusing. Let's suppose the data are being drawn from a distribution having mean μ and standard deviation σ | The expression in the denominator of *Z* is the *standard deviation* of : this will be proved in the Technical Section on page 80. That expression is obviously ",TRUE
"SPC Press Inc",NA,NA,7,"prose","*A Japanese Control Chart*. SPC Press Inc (1990). | SPC Press Inc (USA): | [^a]: Photo by courtesy of SPC Press Inc.",TRUE
"statistical studies",NA,NA,7,"prose","- Introduction - Part A: Using control charts on Funnel Experiment data — an extension of Major Activity 3–h 1. Introduction 2. Rules 1 and 2 of the Funnel *(** | So, whether or not you have a background in conventional Statistics, there you have many clues as to why much of the remaining content has been included within  | ### Two types of ""statistical studies""",TRUE
"stop doing",NA,NA,7,"prose","But what do we see in the name of ""motivation"" these days? We get *extrinsic* motivation. Managers and others think that people get motivated by dangling a carr | This difference in understanding of purpose is fundamental. Deming’s life’s work was all about providing guidance for decisions and actions which will lead to i | An Obsession With Quality will surely result in quality being improved way beyond that which needs mass inspection to verify it. Notice again the words ""the nee",TRUE
"strongly recommend",NA,NA,7,"prose","Finally, particularly on Days 6, 8, 9 and 12, specific reference will be made to “your organisation”. Presumably, many people who work on this course are alread | At this time of writing, the video, an Encyclopaedia Britannica film, has been accessible for some years at www.youtube.com/watch?v=ehMAwIHGN0Y (note that the p | Now that you know what this Major Activity involves, I also strongly recommend that you take my advice on by reading through Mack's story once more before conti",TRUE
"target value",NA,NA,7,"prose","> ""As the Ford group was touring the Tokai Rika plant, they observed eight production workers 'engaged in active discussion' around this Average and Range Chart | > ""Points outside the limits are noted on September 25 and 26, 1980. Having noted that exceptional variation was present, they looked for the Assignable *[Speci | > "" ... 'abrasion on the positioning collar' is identified as the Assignable [Special] Cause for the process excursion noted in late September, 1980 ... in addi",TRUE
"The New Economics for Industry",NA,NA,7,"prose","DEMING W Edwards, *The New Economics for Industry, Government, Education*. Massachusetts Institute of Technology, Center for Advanced Engineering Study, Cambrid | This was documented by a very famous quantum physicist named Dr Fritjof Capra. He wrote extensively about this in his 2002 book: *The Hidden Connections*. There | As far as other books are concerned, I must of course begin with Dr Deming’s own famous *Out of the Crisis* (1986) and *The New Economics for Industry, Governme",TRUE
"throwing dice",NA,NA,7,"prose","except that the ""if""s are not usually emphasised as I have just done. Where do the ""if""s come from? In a subject like Mathematical Statistics they are quite lik | Here I am able to become the ""All-Knowing""—because I know where these data originated. In fact, if you happen to have a copy of the second edition of my *Elemen | If your data are typical of what you would get if you were just throwing dice (or using some other similarly ""random"" mechanism), what justification is there in",TRUE
"time order",NA,NA,7,"prose","Here again are the numbers of red beads from the experiment, now for convenience printed in time order as a single row rather than the layout in Dec's table: | A run chart of all 24 red-bead counts in time order, with no control limits yet. Most points lie between 6 and 12. Two points stand out from the rest: the value | Next, as I had to do when running the experiment for the statisticians, it's time for you to multi-task! You now take over as the Recorder and draw a run chart ",TRUE
"timing guidance",NA,NA,7,"prose","If you are following my timing guidance, the difference between Stats-level 0 (including 00, of course) and the rest creates a small problem: on both Days 2 and | I hope therefore that you will find pages 19–34 interesting to browse through now (so that you get some idea of what's there) but, more importantly, that they w | **NB** There will be no separation between Stats-levels 0 and Stats-levels 1–3 this afternoon, and so then the timing guidance will only be included on the righ",TRUE
"total number",NA,NA,7,"prose","The statisticians’ unusually low total number of red beads was 203. | The big general question to tackle now is as follows. If we denote the probabilities of Success or Failure at each trial by and respectively (where obviously ), | Consequently, the time has come for management to make an impact. A severe but objective appraisal of performance is instituted. At the end of the third week, t",TRUE
"Understanding Statistical",NA,NA,7,"prose","During Day 3 you were introduced to the ancient but valuable study by Don Wheeler of ""A Japanese Control Chart"": it is examined in some detail in Part B of the  | WHEELER D J and CHAMBERS D S, *Understanding Statistical Process Control*. SPC Press, Knoxville, TN (1985, 3rd edition 2010). | - Prelude A: Understanding a System - Prelude B: Understanding Statistical Thinking - Prelude C: Understanding Learning - Prelude D: Understanding People - Coda",TRUE
"vertical scale",NA,NA,7,"prose","Some control-charting computer packages include a picture of a histogram turned through 90° (so that its scale coincides with the control chart's vertical scale | The following run chart is based on some inspection data. Quoting from Dr Deming's account, it *""shows the daily record for two months of the proportion defecti | Would you say that this process is in statistical control? You might be wise enough to answer that you cannot be sure without inserting the control limits to up",TRUE
"vice versa",NA,NA,7,"prose","He was talking about the two obvious kinds of mistakes that can be made when analysing process data: i.e. concluding that a process is in statistical control wh | No probabilities, no fancy theory, no assumptions about any particular probability distribution, etc—*experience*! Shewhart carried out a lot of experimentation | **Rule 2** is yet another matter. Unusually, this overcompensation problem is often quite difficult to recognise by comparing run charts alone. There is some te",TRUE
"visible figures alone",NA,NA,7,"prose","**One can not be successful on visible figures alone. Of course, visible figures are important: the bank account must be watched, and employees and vendors must | **DISEASE 5.** [One cannot be successful on visible figures alone.] *(Day 5 pages 26--27.)* | When you have identified your system and its aim, think hard about, and identify, what can tell you whether or not you are successfully working toward that aim,",TRUE
"zig zags",NA,NA,7,"prose","The run chart for Simulation A's Rule 3 surprised me. I imagine it may also surprise you, assuming you had lots of fun and used games with Rule 3. In other word | There is now no zig-zags with Rule 4. Instead, Rule 4 usually just gently ""wanders around"" (mathematicians often refer to this as a ""random walk""). It may mostl | Sooner or later, however, the marble will finish up rather further away from the target than previously which will, in Rule 3's case, position the funnel at tha",TRUE
"acquiring knowledge",NA,NA,6,"prose","So this summarises the sequence of learning, of acquiring knowledge. Actually, we could even have begun the sequence one step earlier. Why did the little boy—or | ### ""A dynamic scientific process of acquiring knowledge"" | > ""The three steps constitute a dynamic scientific process of acquiring knowledge.""",TRUE
"active learning course",NA,NA,6,"prose","Why an ""Overture"" rather than an ""Introduction""? Simply because this half-day contains much more than you would expect in a mere introduction to this structured | The 12 Days to Deming Active Learning Course was created by Dr Henry Neave and first launched in 2020. The course has been adapted for the web by me, Lee Durbin | This section describes the various types of activities that make this course an active-learning course. Several of these, especially in the second half of the c",TRUE
"additional reading",NA,NA,6,"prose","There were around five of Balaji's short articles relating to each of the four parts, plus a summing-up as the final article of the set. We have called the revi | So firstly, carefully read through Balaji's Prelude C and then *DemDim* pages 274–276, making notes on where you see the links between them. Prelude C very help | The details of how we'll work through Part C are somewhat different from the procedure we use in the other three parts. Not only is Deming's writing particularl",TRUE
"additivity property",NA,NA,6,"prose","So, if expected values can be *added* together, perhaps a natural follow-on question is whether they can be straightforwardly *multiplied* together. That's not  | To begin with, let's restate the results about expected values derived in the previous section. First we had the additivity property. We started with the simple | Similarly to the additivity property, this is also extendable to more than two independent random variables.",TRUE
"adjacent values",NA,NA,6,"prose","Apart from the feature of possibly wandering off to relatively enormous distances from wherever it starts, there is another aspect of Rule 4 which is often seen | But, with our knowledge of what Rule 2 is, isn't that precisely what we would expect? Rule 2's compensation mechanism virtually ensures that particularly high v | !Two short Rule 4 control charts: the tight zig-zag of adjacent values pulls the control limits very close together, and both baselines already contain points p",TRUE
"am sure",NA,NA,6,"prose","What do you think—is the trait of competing against each other and its consequences *born* with us or was it *acquired* by us? I am sure that very many of us ha | I know of the following long-established and active Deming-based groups in the UK, although there may possibly be more. One is the Deming Alliance which began i | However, in my early days of studying Dr Deming’s work, I also found it useful to enjoy some lighter read- ing—I am sure the relevant authors will not object to",TRUE
"annual performance",NA,NA,6,"prose","What I mean by the second category is guidance and help for you to understand how to try to contribute well to the organisation's and/or your team's needs and o | *Before John had become familiar with Dr Deming's teaching, he was clearly quite surprised when he saw what happened when his own company started introducing (a | ### Annual performance reviews",TRUE
"area thereunder",NA,NA,6,"prose","> ""It would … be wrong to attach any particular figure to the probability that a statistical signal for detection of a special cause could be wrong, or that the | We know how we could do it *approximately* by the method we have already demonstrated in this and the previous section: get lots of data from that normal distri | On the next page there are the same three ""graphs of the normal curve"" as above but now with some ""proportions of area thereunder"" inserted. So, as an example, ",TRUE
"arrival time",NA,NA,6,"prose","So I learned that the variation in the arrival-time of the bus seriously affected my quality of life! Note that the variation was actually more important than t | Suggest some of the possible causes of variation in the arrival-time of my school bus. | Being guided by the thoughts about prison riots, factors which result in somewhat random fluctuations from day to day would be interpreted as *common* causes, w",TRUE
"average value",NA,NA,6,"prose","Failure to understand variation in tests delayed some years the science of genetics. Ratios of (e.g.) tall and dwarf peas varied wildly below and above nature's | We shall make further use of this concept of long-term average values in this Technical Section. But ""long-term average value"" is also rather a mouthful. And so | With a discrete distribution, sometimes is a possible value of . For example, when we considered tossing two coins and counting the number of Heads, then , i.e.",TRUE
"barriers between departments",NA,NA,6,"prose","The strong link here is wholly obvious. But note the implications concerning management style. Anything (and there is often much) that management does to erect  | **Break down barriers between departments and staff areas.** People in different areas, such as Research, Design, Sales, Administration, and Production, must wo | **POINT 9.** [Break down barriers between departments and staff areas.] *(Day 5 pages 6--7.)*",TRUE
"baseline lengths",NA,NA,6,"prose","There's only one way I know of finding out—yes, another computer simulation. This one was quite easy to write. All that was needed was to (a) generate a-few-at- | If you have a conventional Statistics background, you may well be a little startled by how short my suggested baseline lengths are. The general sense in convent | If and when you have the time, you could gain some useful experience quite quickly about the pros and cons of using different lengths of baseline by carrying ou",TRUE
"binomial probabilities",NA,NA,6,"prose","Before returning to the matter of how to easily obtain numerical values for all those binomial probabilities (binomial coefficients and all!) there is one loose | That brings us to the final issue to be discussed regarding the binomial distribution: how to obtain those binomial probabilities without getting involved with  | Finally, since the tables only go up to , how can we find probabilities for larger values of without needing to do a lot of arithmetic? For this purpose, and re",TRUE
"brief discussion",NA,NA,6,"prose","There was some brief discussion on Day 3 about the length of the baseline in Technical Aids 8 (page 17) and 9 (page 27). In practice, the choice of baseline len | So let’s shed some light on this second paradox. This is a quote from my brief discussion on the sixth of Deming’s famous 14 Points for Management: “Institute t | (For brief discussion see Appendix page 6.)",TRUE
"calls per",NA,NA,6,"prose","Indeed, ranking and rating are not just senseless—they are harmful. Reflecting the question posed on page 1, why should people [""work together""] (for the advant | People's contributions to a system also need to be regulated. A favourite example of Dr Deming's was that of an orchestra with 140 players who are all there to  | Finally, let me bring together a few of the important illustrations we have described. First, the salesman who lied was in all probability selling more than cou",TRUE
"case studies",NA,NA,6,"prose","Another great value of Don’s work is that, whereas it used to be the case that control charts were generally considered to require small *samples* of data to be | > ""Another great value of Don *[Wheeler]*'s books is that, whereas it used to be the case that control charts were generally considered to require small *sample | Here I am able to become the ""All-Knowing""—because I know where these data originated. In fact, if you happen to have a copy of the second edition of my *Elemen",TRUE
"causes instability",NA,NA,6,"prose","It is evident that mobility of management increases variation; how could it do otherwise? In the case of a ""job-hopping"" culture as opposed to a learning cultur | **Mobility of management causes instability, results in decisions being made by people who do not know the business** *[i.e. this business]* **and thus blindly  | **DISEASE 4.** [Mobility of management causes instability.] *(Day 5 pages 24--25.)*",TRUE
"clock icons",NA,NA,6,"prose","If you are following my timing guidance, the difference between Stats-level 0 (including 00, of course) and the rest creates a small problem: on both Days 2 and | **NB** We have now reached the stage where I strongly advise Stats-level 0 students and, even more so, Stats-level 00 students *not* to work hard at the followi | If you are reading a printout of what follows, or alternatively have a two-page display on-screen, you will see that full-size Tables One to Five are on the rig",TRUE
"common practice",NA,NA,6,"prose","A common practice among engineers is to put together a prototype of an assembly with every part close to the nominal or intended measured characteristic. The te | If the value of σ is known then the first and last parts of this relationship can be evaluated, thus providing an interval within which we ""are 95% confident th | As you can see from the short table of probabilities, the probability of one or more false alarms occurring during the baseline steadily *rises* as the baseline",TRUE
"computed control",NA,NA,6,"prose","As you know, **Rule 1** simply produces the unadulterated data coming from the underlying process of throwing the dice or, in Dr Nelson's original version of th | As you have seen on page 22, all remained well until the out-of-control signals which began on 27 October. You have read at the top of this page what then happe | **Computed control limits**",TRUE
"computed control limits",NA,NA,6,"prose","As you know, **Rule 1** simply produces the unadulterated data coming from the underlying process of throwing the dice or, in Dr Nelson's original version of th | As you have seen on page 22, all remained well until the out-of-control signals which began on 27 October. You have read at the top of this page what then happe | **Computed control limits**",TRUE
"computer program",NA,NA,6,"prose","If you have read my discussion of the Funnel Experiment Major Activity 3–h in Appendix pages 15–18, you will remember that I studied two simulated sets of Funne | In case that might be possible, let me tell you what I did in my seminars. As you will remember, Dr Nelson's original version of the experiment is rather tricky | The prime purpose of Day 3 as a whole is best summarised by the short title of Don Wheeler's excellent little book: *Understanding Variation*. So, looking forwa",TRUE
"continuous probability",NA,NA,6,"prose","- Introduction - Part A: Using control charts on Funnel Experiment data — an extension of Major Activity 3–h 1. Introduction 2. Rules 1 and 2 of the Funnel *(** | - Summarising ""raw data"" through pictures such as histograms and the calculation of ""sample statistics"" such as the sample mean *X̄* and the sample standard dev | ## Continuous probability distributions, particularly the normal distribution",TRUE
"control limits using",NA,NA,6,"prose","There is still more good news to come! The almost universally accepted way of computing control limits for control charts based on a-few-at-a-time data, i.e. us | The two particular issues raised above both stem from the fact that *some* help from Mathematics is necessary in order to develop the details of where control l | However, although moving ranges are quick and easy to compute, they can become quite tedious if being computed (especially by hand) for a lot of data. For examp",TRUE
"current position",NA,NA,6,"prose","In case that might be possible, let me tell you what I did in my seminars. As you will remember, Dr Nelson's original version of the experiment is rather tricky | One aspect immediately noticeable about Rule 3's short control charts is their similarity to those of Rule 2 on page 10. A moment's reflection will show why. Re | With the equipment as described, when the marble is dropped through the funnel it will finish up either to the left or right of the funnel or sometimes directly",TRUE
"data point",NA,NA,6,"prose","- because control-chart constants that are used in computation of control limits, such as the 2.66 with which we became familiar on Day 3, are derived from norm | - because control-chart constants that are used in computation of control limits, such as the 2.66 which we became familiar with on Day 3, are derived from norm | - UCL & LCL 3σ (α = 0.0027 = 3/1000) For z = 3.00, p = 2 × (1 − prob(z < 3.00)) = 2 × (1 − 0.99865) = 2 × 0.00135 = 0.0027 - Hence, probability of data point ab",TRUE
"decision making",NA,NA,6,"prose","And if all these, and more, enter decision-making about purchasing for yourself and your loved ones, why shouldn't they enter the purchasing decisions of your c | So what would then have happened to that ""heap of + signs"" referred to on page 16? It would have grown into an even larger heap than in your Table Five! Now you | However, for the purposes of this Major Activity here, i.e. as a teaching and learning exercise, I think it is safer to stick to the ""Old Climate"" judgments. If",TRUE
"defective items",NA,NA,6,"prose","Some defective items were being made in a manufacturing operation. The HR (Human Resources) Manager felt that this was due to the ""improper attitude"" of the wor | One of the earliest applications of Shewhart's invention of the control chart was for batch inspection of mass production processes. In such inspection, samples | > ""One of the earliest applications of Shewhart's invention of the control chart was for batch inspection of mass production processes. In such inspection, samp",TRUE
"Deming included",NA,NA,6,"prose","Here is a selection of illustrations *suggested by delegates* in the earliest four-day seminars at which Dr Deming included the Funnel Experiment. As suggested, | On *The New Economics* page 36 *[51]*, Dr Deming included a suggestion for the aim of a system in which human beings are involved. It was [""for everybody to gai | Dr Deming included a few histograms in *Out of the Crisis*. I particularly like his commentary on the following histogram which I have redrawn from page 229[267",TRUE
"Deming Management Method",NA,NA,6,"prose","WALTON Mary, *The Deming Management Method*. Dodd, Mead & Co Inc (1986), Mercury, London (1989). | [^a]: The ""Epilogue"" on pages 241–244 of Mary Walton's book *The Deming Management Method* contains a much more substantial account of Dr Deming's presentation  | The quotation from Mary Walton's book *The Deming Management Method* (the Deming Prize Ceremony speech footnoted in the previous chapter) has been included with",TRUE
"Deming saw",NA,NA,6,"prose","This is where Dr Deming saw this Deadly Disease as being its most damaging (*Out of the Crisis* page 103 *[121]*): | Dr Walter Shewhart's writing was often not easy to understand—as Dr Deming readily agreed! But Deming saw a purpose in Shewhart's style of writing—it was to hel | The following sentence (*The New Economics* page 69 [102]) is a summary of what Dr Deming saw as necessary for conveying knowledge (as opposed to information):",TRUE
"Deming sometimes",NA,NA,6,"prose","You know that Dr Deming sometimes described the Red Beads Experiment as ""stupidly simple"". As I've indicated, the Funnel Experiment could surely be similarly de | During this course, you have doubtless become used to the fact that Dr Deming sometimes came out with statements which could be described as ""startling""! There  | Deming sometimes described the Red Beads Experiment as “stupidly simple” . The same description could easily be applied to the Funnel Experiment. So what does t",TRUE
"Deming's Road to Continual Improvement",NA,NA,6,"prose","SCHERKENBACH W W, *Deming's Road to Continual Improvement*. SPC Press, Knoxville, TN (1991). | Having established a ""macro"" flow diagram for the organisation (or whatever system is being studied), it may then be useful to develop other diagrams and charts | Finally, now that you have seen the Deming/Shewhart Cycle as well as being familiar with the general concept of Shewhart's circle definition of the ""New Way"", I",TRUE
"Drs Shewhart and Deming",NA,NA,6,"prose","> [You will probably immediately recognise that what I describe as behaving normally or abnormally are respectively the same as what Drs Shewhart and Deming cal | However, *all* we see in the main material of this course that is related to the subject of Statistics is what I like to summarise in just two words: “understan | > ""In a nutshell, understanding variation is to do with being able to justifiably describe the behaviour over time of processes or systems of any kind by words ",TRUE
"Edwards Deming Institute",NA,NA,6,"prose","WEDI (The W Edwards Deming Institute) (USA): | After Japan faced the repeated wrath of the tsunamis and earthquakes in 2011, they managed to resurrect themselves remarkably quickly. A note was sent from the  | Worldwide, the W Edwards Deming Institute (WEDI) in America is the obvious initial source. The Institute was founded by Dr Deming just before his death in 1993 ",TRUE
"Electric Company",NA,NA,6,"prose","One of Dr Deming’s first recommendations was that Nashua acquire the services of an experienced statistician. On Deming’s advice, Bill “head-hunted” Dr Lloyd S  | I have mentioned the 1920s several times during the Overture, and so you know what’s coming here. Yes: Dr Walter Shewhart at the Western Electric Company, and u | Just like many students these days, Mr Deming (as, of course, he still was at the time) had to “work his way through college”: he needed to find temporary jobs ",TRUE
"even further",NA,NA,6,"prose","If you'd like to impress the Mathematical Statistician even further, you can tell him that the probability distribution comprising these delightful probabilitie | Let me emphasise even further Deming’s concentration on the importance of control charts. He was clear that it is generally desirable for *everyone* in an organ | Having worked with some thousands of delegates at my seminars over the years, I am particularly conscious of the need to treat those on Stats-level 0 very gentl",TRUE
"false signal",NA,NA,6,"prose","- Introduction - Part A: Using control charts on Funnel Experiment data — an extension of Major Activity 3–h 1. Introduction 2. Rules 1 and 2 of the Funnel *(** | ## 4. ""If your data are normally distributed then the probability of a false signal is 0.0027"" | So what was all this about normality of the data implying that the probability of a false signal *is* 0.0027?! The histograms are *very* spread out. As you can ",TRUE
"final book",NA,NA,6,"prose","This was documented by a very famous quantum physicist named Dr Fritjof Capra. He wrote extensively about this in his 2002 book: *The Hidden Connections*. There | I carried out some fairly important updates to *DemDim* in 1992, not long before *The New Economics* was first published, and I think there is little if any inc | So it is no accident that “government” features in the full title of Dr Deming’s final book: *The New Economics for Industry, Government, Education*. How, for e",TRUE
"first control",NA,NA,6,"prose","But, before that, it is worth making the intriguing and salutary point that Shewhart himself started out thinking that the subject *could* be developed from the | !Shewhart's 1924 control chart — ""the very first control chart"" — with guidelines placed at just one standard deviation either side of the Central Line and the  | Finally, recall where we saw our first control chart: it was in the Red Beads Experiment. The control limits there were computed from all 24 of the available da",TRUE
"five points",NA,NA,6,"prose","So, what are those ""various possibilities"" of what you might do next? The most challenging approach would be to throw you in at the deep end and simply suggest  | !Blank graph-paper for the Rule 1 run chart, with the first five points already plotted in red over the interval 1–5 on the horizontal axis | !Blank graph-paper for the Rule 2 run chart, with the first five points already plotted in red over the interval 1–5 on the horizontal axis",TRUE
"future reference",NA,NA,6,"prose","This is today’s final Pause for Thought and it goes to the opposite extreme compared with the previous Activity. Here I’m just asking you to consider briefly so | For each Obstacle, I give you some pointers: references to discuss in *Out of the Crisis* and, where relevant, references to the Appendix of this course and/or  | Other suggestions for what you might include are any illustrations from your own experience relevant to what Dr Deming is talking about, and also any important ",TRUE
"Greek letter",NA,NA,6,"prose","Three quick notes here. Firstly, Deming’s use of the terms “common cause” and “special cause” will be described this afternoon. However, if you’d like to check  | Actually, it's a little misleading to talk of *""the""* normal distribution: there's a whole *family* of normal distributions. In particular, the ""bell-shape"" can | Obviously enough, there I have abbreviated ""the probability of"" by ""Prob( )"". And, as you can see, "" "" is shorthand for ""the sum of all values of"". (Confusingly",TRUE
"hypothesis test",NA,NA,6,"prose","As you will see later, Deming was alluding here to the conventional statistician attempting to treat control charts as if they were hypothesis tests. A hypothes | If the conventional statistician, trained in this way, subsequently comes across a control chart—by far the most important tool for an analytic study—it is rath | It should also be noted that there is a considerable non-symmetry in such a testing procedure. If we consider continuous distributions in particular then, while",TRUE
"incentive pay",NA,NA,6,"prose","The business had grown because Gallery Furniture had great customers and great employees, in spite of my management practice which was Management by Results, go | In October 1990, five of our great people and myself attended a life-changing event, our first four-day seminar taught by Dr Deming. It was at the Sheraton Airp | In December, I went with five other Gallery people to another four-day seminar in Flint, Michigan, sponsored by the Buick-Oldsmobile-Cadillac division of Genera",TRUE
"introductory course",NA,NA,6,"prose","Assuming you do not have much or any background in conventional Statistics, this section will (like the first section) contain some words, terms and phrases wit | How about a brief explanation of ""enumerative studies"" in my own words? As we shall see later, an introductory course on conventional Statistics often begins by | is a simple example of an important type of probability distribution known as the *binomial* distribution. Some other types of probability distributions are oft",TRUE
"Joiner Associates",NA,NA,6,"prose","SCHOLTES P R, *The Team Handbook*. Joiner Associates, Madison, WI (1988), Oriel Inc, Madison, WI (3rd edition 2003). | My ""Eureka"" came through getting to know Dr Brian Joiner and some of his colleagues in his then recently-founded consultancy company, Joiner Associates, based i | In fact, the people at Joiner Associates used only *six* words, with the top of the Triangle being condensed to just ""Quality"". However, that struck me as being",TRUE
"knee jerk",NA,NA,6,"prose","Short-termism implies knee-jerk reactions: ""Act now, pay later"". Remember ""tampering""? What could more effectively *increase* variation? | ## Knee-jerk reactions | We face many such instances in life where we simply react to what has just occurred—sometimes called a ""knee-jerk reaction""—whether at home or in our place of w",TRUE
"leadership aimed",NA,NA,6,"prose","This is leadership aimed at doing everything possible to genuinely improve the quality of what an organisation does and how it does it—as opposed to such preval | **Adopt and institute leadership aimed at helping people to do a better job.** The responsibility of managers and supervisors must be changed from sheer numbers | **POINT 7.** [Adopt and institute leadership aimed at helping people to do a better job.] *(Day 5 pages 2--3.)*",TRUE
"limits using",NA,NA,6,"prose","There is still more good news to come! The almost universally accepted way of computing control limits for control charts based on a-few-at-a-time data, i.e. us | The two particular issues raised above both stem from the fact that *some* help from Mathematics is necessary in order to develop the details of where control l | However, although moving ranges are quick and easy to compute, they can become quite tedious if being computed (especially by hand) for a lot of data. For examp",TRUE
"Little boy",NA,NA,6,"prose","> A little boy is in the bath (or, in view of the American source, I guess I should say ""tub""!). He shouts for help: > > *Little boy:* The water's too cold! > > | So this summarises the sequence of learning, of acquiring knowledge. Actually, we could even have begun the sequence one step earlier. Why did the little boy—or",TRUE
"little doubt",NA,NA,6,"prose","So there can be little doubt as to why Parts A and B are here. Firstly, following the coverage of understanding variation and control charts in the morning of D | However, as already mentioned, on looking further down the list of Contents there is little doubt that the title of Part D catches your eye! Why on Earth should | Again being honest with you, I was already feeling quite bored during the training session, even before the ""real work"" began. Had I not been one of Dr Deming's",TRUE
"looks like",NA,NA,6,"prose","However, one day he saw his father kicking away at the scooter but the scooter did not start. Remembering his theory, he thought to himself: ""Looks like he has  | The Recorder Jorge's table from the second Madrid run. Six Willing Workers (including Antonio, Marisa and Jose) across four weeks. Week 1 contains the standout  | Twelve control charts arranged as six pairs (rows A through F). The **left column (A1–F1)** shows six different stable processes — dice totals, coin tosses, Red",TRUE
"low density",NA,NA,6,"prose","However, a few months later, these same people started complaining of low energy levels and low resistance to diseases. The research laboratories went into over | Third, in the case of low-density lipoprotein, its destruction had disastrous results: instead, it needed to be regulated to stay within appropriate limits (not",TRUE
"low density lipoprotein",NA,NA,6,"prose","However, a few months later, these same people started complaining of low energy levels and low resistance to diseases. The research laboratories went into over | Third, in the case of low-density lipoprotein, its destruction had disastrous results: instead, it needed to be regulated to stay within appropriate limits (not",TRUE
"Mack's account",NA,NA,6,"prose","After you have read Mack's account, I shall ask you to carry out a similar exercise with what you then know about Gallery as you have just done in connection wi | You will find it helpful to make yourself quite familiar with Mack's account before you embark upon today's Major Activity. It is a pleasantly easy read, and th | To focus on the *learning* from the Gallery Furniture story, and to help you relate it to your own situation, I now ask you to carry out two similar exercises w",TRUE
"management causes instability",NA,NA,6,"prose","It is evident that mobility of management increases variation; how could it do otherwise? In the case of a ""job-hopping"" culture as opposed to a learning cultur | **Mobility of management causes instability, results in decisions being made by people who do not know the business** *[i.e. this business]* **and thus blindly  | **DISEASE 4.** [Mobility of management causes instability.] *(Day 5 pages 24--25.)*",TRUE
"Mathematical Statistician",NA,NA,6,"prose","There will be much more about some of those matters, including the “3σ-limits” mentioned near the end of the above extract, during the Optional Extras. Here I’l | You know that in 1985 I initially thought of Dr Deming as a statistician and a fine mathematician. Of course, I soon found out that he was much more than either | Because of its appealing symmetrical shape, the normal distribution is often referred to as having a *bell-shaped* curve. It has further appeal to the Mathemati",TRUE
"mathematical world",NA,NA,6,"prose","Whenever I hear a statement like that, I *know* we're back in the mathematical world, no longer in the real world. And so it proved. | In my introduction, I've already told you one of the extraordinary things about the normal distribution: i.e. that, although the curve gives the visual *impress | Note in the diagrams that the area in either tail of the normal distribution beyond 3σ from the mean μ is 0.135%. (This is what led to the existence of the firs",TRUE
"median moving",NA,NA,6,"prose","[] In this sort of case, the sample mean cannot really do a very good job of genuinely reflecting the typical kind of values being recorded: it will still be a  | The underlying theory about medians is, as you would expect, different from that about means. The consequence is that we will need to use a different multiplier",TRUE
"median moving range",NA,NA,6,"prose","[] In this sort of case, the sample mean cannot really do a very good job of genuinely reflecting the typical kind of values being recorded: it will still be a  | The underlying theory about medians is, as you would expect, different from that about means. The consequence is that we will need to use a different multiplier",TRUE
"middle management",NA,NA,6,"prose","Pages 14--18 are focused on those who are at staff level---I hesitate to simply call them the ""workers"" (as some do) because I appreciate that those in manageme | If so then there is plenty of substance in ""Leadership for the Transformation"" for middle management as well. | *[As I have already pointed out, middle managers are effectively at staff level in relation to the senior management, and so the preceding pages have relevance ",TRUE
"month's figure",NA,NA,6,"prose","Despite what can be gained by using pictures rather than lists or tables of numbers, such monthly management data are often interpreted without using run charts | In fact, the Month 2 figure goes up to 19 which (following the small-print description above) is shown on the management report as 19 (+6, +46%). The numbers in | Success! As the result of the exceptional promotional efforts ordered at Month 6's management meeting, Month 7's sales have now soared to an unprecedented 21 (+",TRUE
"monthly sales figures",NA,NA,6,"prose","For illustration, imagine we have just launched a new product on the market, and consider how its monthly sales figures might develop and how the management mig | To keep things easy, I'll present the supposed monthly sales figures as simple whole numbers. For example, we might be rounding to the nearest 1,000 sales so th | A run chart of monthly sales figures, with months 1 to 3 on the x-axis and sales values on the y-axis. The line goes up sharply from 13 in Month 1 to 19 in Mont",TRUE
"nd edition",NA,NA,6,"prose","BALESTRACCI, Davis. *Data Sanity*. Medical Group Management Association, Colorado (2nd edition, 2015). | DEMING W Edwards, *The New Economics for Industry, Government, Education*. Massachusetts Institute of Technology, Center for Advanced Engineering Study, Cambrid | KILIAN Cecelia S, *The World of W Edwards Deming*. SPC Press, Knoxville, TN (2nd edition 1992).",TRUE
"Nelson's original",NA,NA,6,"prose","So, returning to our version of the Funnel Experiment, if tampering doesn't do any good (to put it mildly), how might we really ""improve the process"", i.e. redu | As you know, **Rule 1** simply produces the unadulterated data coming from the underlying process of throwing the dice or, in Dr Nelson's original version of th | In case that might be possible, let me tell you what I did in my seminars. As you will remember, Dr Nelson's original version of the experiment is rather tricky",TRUE
"Net Effect",NA,NA,6,"prose","The conclusion from this basic version of the exercise is that, since there happen to be an equal number of + signs and − signs in Table Two, all that work of a | In Table Four we see that there were altogether seven such new options under consideration; all of these therefore had a − in the area which was able to adopt i | It is worth noting that, as a check on your arithmetic, the total number of + signs and − signs in the bottom row should, of course, be exactly the same as in t",TRUE
"numerical target",NA,NA,6,"prose","Except for cheating, our understanding of variation teaches us that a number will be largely what the system provides. So, to reach a numerical target, one has  | I had the good fortune to meet Dr Juran in 2002. He gave me further insights on how people distorted important and valid ideas to create such monstrosities. He  | A Scientific Approach is necessary for genuine improvement, be it continual or otherwise, because of its emphasis on the system and processes both in concept an",TRUE
"off centre",NA,NA,6,"prose","I only stayed for three out of those four days that time because his concepts of cooperation and win-win *[one of the three topics to be explored here on Day 8] | 2. *Taguchi:* There is more to be gained from properly centring a process which has small variation than one which has large variation. If the process has large | *Conformance to specifications:* It doesn't matter if a process is off-centre—as long as it is not off-centre enough to reach out-of-specification values. In fa",TRUE
"often pointed",NA,NA,6,"prose","Dr Deming often pointed out that people working in a process may know everything about that process except for realising the importance of what they know! By di | The Foreman then takes the paddle over to the Inspection Department, so that both the junior inspectors and the Chief Inspector can learn their jobs. Inspection | Related to this is that the delegates often pointed out that Charts A1–F1 looked pretty ""boring"" whereas Charts A2–F2 looked relatively ""interesting"". Again, th",TRUE
"only visible",NA,NA,6,"prose","## Disease 5. Use of only visible figures *( )* | With that summary of invisible figures in mind, the obstructive effect to real quality of dependence on only visible figures becomes immediately evident—frighte | The three items under ""Operational Definitions"" also have some interesting contributions to make. Item 7 is particularly important with reference to Point 9: ""B",TRUE
"only visible figures",NA,NA,6,"prose","## Disease 5. Use of only visible figures *( )* | With that summary of invisible figures in mind, the obstructive effect to real quality of dependence on only visible figures becomes immediately evident—frighte | The three items under ""Operational Definitions"" also have some interesting contributions to make. Item 7 is particularly important with reference to Point 9: ""B",TRUE
"optimum value",NA,NA,6,"prose","Your body temperature is an example of what I call a ""natural"" process. Its optimum value is said to be 98.4°F or 98.6°F, depending on the country in which you  | Years later, when I first came across the Taguchi Loss Function (studied on Day 7), I found rather more justification for concentrating on the variance than pur | This picture shows the nicely symmetric model often illustrated and used by mathematicians as the Taguchi loss function. Mathematicians know it as a ""parabola"".",TRUE
"people work",NA,NA,6,"prose","I venture to suggest that if just this one message coming from Dr Deming’s teaching were generally understood and appreciated then this world would be a better  | So, as we shall see on the next page, in *The New Economics* Dr Deming said that our need is to [""restore the individual, and do so in the complexities of inter | [Indeed, if any two or more companies or institutions put their heads together for uniform prices, they would be fools to set the price higher than what would o",TRUE
"point control",NA,NA,6,"prose","A single 48-point control chart for Process A (totals when dice are thrown). The first 30 points fluctuate quietly inside the limits — stable. **Point 31 drops  | 48-point control chart for Process B (number of Heads when coins are tossed). The first ~38 points fluctuate quietly inside the limits. From around Point 39 the | 48-point control chart for Process C (numbers of red beads from the Red Beads Experiment). Points 1–42 fluctuate inside the limits in the familiar Red Beads pat",TRUE
"point control chart",NA,NA,6,"prose","A single 48-point control chart for Process A (totals when dice are thrown). The first 30 points fluctuate quietly inside the limits — stable. **Point 31 drops  | 48-point control chart for Process B (number of Heads when coins are tossed). The first ~38 points fluctuate quietly inside the limits. From around Point 39 the | 48-point control chart for Process C (numbers of red beads from the Red Beads Experiment). Points 1–42 fluctuate inside the limits in the familiar Red Beads pat",TRUE
"post Deming",NA,NA,6,"prose","Finally, for the time being, work through the table one more time, now considering the comments you have made on both the ""Pre-Deming"" and ""Post-Deming"" sides o | ## ACTIVITY 6-b: ""Post-Deming"" Gallery Furniture | Now score Gallery Furniture in its ""post-Deming"" state against the same 14 Points and 5 Deadly Diseases, again using the 0–5 scale.",TRUE
"prescribe quotas",NA,NA,6,"prose","**Eliminate work standards that prescribe quotas for the workforce and numerical goals for people in management.** Substitute aids and helpful leadership in ord | **NB** There may be a potential danger in using the summary on the previous page without clarification: it is a possible misunderstanding of the term ""work stan | **POINT 11.** [Eliminate work standards that prescribe quotas for the workforce and numerical goals for people in management.] *(Day 5 pages 10--11.)*",TRUE
"previously mentioned",NA,NA,6,"prose","Since there is considerable discussion on the Funnel Experiment in *DemDim* Chapter 5 and also in both *Out of the Crisis* (pages 280–284 [327–332]) and *The Ne | **Rule 2** is yet another matter. Unusually, this overcompensation problem is often quite difficult to recognise by comparing run charts alone. There is some te | As already implied when referring to random sampling, many examples of probability calculations, both at the introductory stage and later, make use of considera",TRUE
"price tag",NA,NA,6,"prose","Unfortunately, Quality Control Departments have taken the job of quality away from the people that can contribute most to quality—management, supervisors, manag | **End the practice of awarding business solely on the basis of price tag.** Instead, require meaningful measures of quality along with price. Reduce the number  | **POINT 4.** [End the practice of awarding business solely on the basis of price tag.] *(Day 4 pages 22--23.)*",TRUE
"process limit",NA,NA,6,"prose","But one day I didn't get to work until 9.10 am—it took me 40 minutes to get there; the traffic was awful! Since 40 minutes is way above the upper process limit, | Now, maybe I haven't quite told the truth there. Perhaps the truth was that I'd overslept and actually didn't leave my house until 8.45 am. In that case the low | This method of determining process limits can be used for many kinds of processes. For instance, it has been used extensively in the field of medicine. When we ",TRUE
"process remains",NA,NA,6,"prose","With the assumptions made in the simulation study, and with the variety of baseline lengths as shown, here are the percentages of false alarms (i.e. signals tha | Further weight to the above argument comes from the fact that, even if a process remains blissfully in statistical control, control limits computed from two dif | An important practical point which arises here is that, especially when computing control limits using relatively few data-points (a short baseline), you may oc",TRUE
"professional statisticians'",NA,NA,6,"prose","Here are the professional statisticians' results: | !professional statisticians' results as a table of data. | !Week 1 of professional statisticians' results as a table of data.",TRUE
"professional statisticians' results",NA,NA,6,"prose","Here are the professional statisticians' results: | !professional statisticians' results as a table of data. | !Week 1 of professional statisticians' results as a table of data.",TRUE
"promotional effort",NA,NA,6,"prose","To keep things easy, I'll present the supposed monthly sales figures as simple whole numbers. For example, we might be rounding to the nearest 1,000 sales so th | In the same way, Month 3's figure is expressed as 18 (–1, –5%). (18 is 1 less than the previous month's 19 and is approximately 5% less than 19.) This slight de | Month 4 is a different story. The figure has suddenly dropped to 14 (–4, –22%). The management all agree that the lack of promotional effort during the past two",TRUE
"pulse rates",NA,NA,6,"prose","Apart from the feature of possibly wandering off to relatively enormous distances from wherever it starts, there is another aspect of Rule 4 which is often seen | Twelve control charts arranged as six pairs (rows A through F). The **left column (A1–F1)** shows six different stable processes — dice totals, coin tosses, Red | Moving on to the ""serious"" processes, you may have noticed that my pulse-rates on Chart D1 were rather unhealthily high. Chart D2 shows my pulse-rates for a lat",TRUE
"Quality Circle",NA,NA,6,"prose","Let me relate a sad experience I had whilst visiting a very famous company in Pune. I came across a poster on the shop-floor which supposedly described KAIZEN.  | As far as I know, the Quality Circle movement originated in Japan around 1962. Some companies started to encourage informal groups who, during their breaks and  | Quite simply, the Quality Circle concept was created as one of many ways to promote cooperation and learning. Let me now take this a step further. I would like ",TRUE
"random numbers",NA,NA,6,"prose","Random sampling can only properly be done by allocating a number to each bead and then selecting the beads according to genuine random numbers (or, more practic | > ""It would … be wrong to attach any particular figure to the probability that a statistical signal for detection of a special cause could be wrong, or that the | I well remember that, the first few times I was preparing to run the Red Beads Experiment in public, I felt rather nervous. Wouldn't you—knowing that you (as th",TRUE
"real life",NA,NA,6,"prose","But what kind of sampling does one carry out in industrial experiments and other “real-life” data-gathering: random or mechanical? | So indeed, at one level, this is a “stupidly simple” experiment. At another level, however, it is enormously rich and profound—and is it not surely close to man | except that the ""if""s are not usually emphasised as I have just done. Where do the ""if""s come from? In a subject like Mathematical Statistics they are quite lik",TRUE
"red beads obtained",NA,NA,6,"prose","So the average number of red beads obtained by the statisticians was . | Then the average number of red beads obtained by the Spaniards was . | The almost automatic presumption that the long-term proportion of red beads obtained in the experiment must equal the proportion of red beads in the container i",TRUE
"reducing variation",NA,NA,6,"prose","- Variation produces undesirable differences both internally and externally. Both are bad for the organisation concerned. As just observed, variation within pro | But the links are stronger still. In one of my seminars I often used a slide which simply shows the Joiner Triangle with two words inscribed in the middle: ""Red | Links to the Joiner Triangle are less direct in the case of Theory of Knowledge, but nonetheless they are still there. Consider my grouping of the issues into """,TRUE
"relevant part",NA,NA,6,"prose","There is one piece of advance reading that I shall definitely recommend for you near the start of each half-day. Later this afternoon I'll ask you to read some  | Now comes the most substantial section of each half-day in which you will work through the relevant part of the 1990 version of the System of Profound Knowledge | The final phase of the work will be for you to indicate on a simple 0–5 scale what, at that stage, you understand and appreciate as the strength of the links be",TRUE
"Relevant reading",NA,NA,6,"prose","Relevant reading:",TRUE
"results obtained",NA,NA,6,"prose","Now comes a master-stroke in the introductory conventional Statistics course: to combine the ideas presented above into a unified theory so as to create a basis | As we have seen in the crash-course and would soon be seen in the introductory conventional Statistics course, one common way of describing the data is in terms | However, I should first point out that simulation studies do have some similar drawbacks to mathematical solutions, in particular that it is necessary to make s",TRUE
"sales figure",NA,NA,6,"prose","To keep things easy, I'll present the supposed monthly sales figures as simple whole numbers. For example, we might be rounding to the nearest 1,000 sales so th | In the same way, Month 3's figure is expressed as 18 (–1, –5%). (18 is 1 less than the previous month's 19 and is approximately 5% less than 19.) This slight de | Sighs of relief are audible in Month 5's management meeting. The decline in the sales figure has been reversed by the revitalised promotional effort: the figure",TRUE
"same conditions",NA,NA,6,"prose","Let me emphasise a few basics. By ""a-few-at-a-time"" data I am implying that we are now dealing with what were referred to above as ""samples"" rather than just si | Why ""subgroups""? Actually, I can't recall ever having seen that word very precisely described! But presumably the idea is that there is some *group* of observat | There is one aspect of the *Japanese Control Chart* that I must advise you *not* to copy unless you already have really considerable knowledge and understanding",TRUE
"sample standard",NA,NA,6,"prose","As we would have hoped, the Central Lines and the control limits are quite similar in the two simulations—although, of course, they're not in exactly the same p | - Summarising ""raw data"" through pictures such as histograms and the calculation of ""sample statistics"" such as the sample mean *X̄* and the sample standard dev | If the value of σ is known then the first and last parts of this relationship can be evaluated, thus providing an interval within which we ""are 95% confident th",TRUE
"sample statistics",NA,NA,6,"prose","- Introduction - Part A: Using control charts on Funnel Experiment data — an extension of Major Activity 3–h 1. Introduction 2. Rules 1 and 2 of the Funnel *(** | - Summarising ""raw data"" through pictures such as histograms and the calculation of ""sample statistics"" such as the sample mean *X̄* and the sample standard dev | ## Histograms and sample statistics",TRUE
"seasonal effect",NA,NA,6,"prose","So, in both cases, compute the positions of the Central Line and control limits from the data over your chosen baseline and draw them in on your run chart. Now, | There are other types of indications of special causes that can be seen even without the help of control limits. Examples are apparent trends (as we have seen o | You'll now be appreciating how experience and relevant knowledge of the subject-matter should come into play when judging how long particular suspicious-looking",TRUE
"self improvement",NA,NA,6,"prose","First, whereas training is very focused, ""education"" implies breadth—learning about other areas—and this often provides inspiration about what could be helpful  | **Institute a vigorous programme of education, and encourage self-improvement for everyone.** What an organisation needs is not just good people; it needs peopl | **POINT 13.** [Institute a vigorous programme of education, and encourage self-improvement for everyone.] *(Day 5 pages 14--15.)*",TRUE
"self interest",NA,NA,6,"prose","On the other hand, if you are fortunate enough to be in an organisation that is not completely at the dark end of the spectrum, you can enjoy yourself by initia | Finally, there is a very important practical consideration to confirm and emphasise. What sort of things should be considered when allocating these ""grades""—whe | **Step 2.** Now decide on some ""options""—strategies, decisions, behaviours, etc—which each of the three areas in turn might consider adopting. If the organisati",TRUE
"shop floor",NA,NA,6,"prose","A very strong emphasis on viewing an organisation as a system is obvious throughout the Attributes of a Leader. The relevance of the Scientific Approach to unde | Only recently, the entire management of a large manufacturing concern supposed, by their own declaration, that if all 2,700 operations in the plant were carried | One kind of false start arises from the supposition that wholesale teaching of statistical methods to enough people in production will turn things around. Under",TRUE
"short true",NA,NA,6,"prose","We shall spend most of today with the true story of Gallery Furniture, learning of a journey from ""bad practice"" to ""good practice"" based on Dr Deming's theory  | Today involves rather less than the fairly full day's work designed for most days in this course. So, if you need more time on parts of today's study than I am  | Why do these techniques have such harmful effects? If you worked successfully at the First Project on Days 4 and 5, you are already well able to produce answers",TRUE
"short true stories",NA,NA,6,"prose","We shall spend most of today with the true story of Gallery Furniture, learning of a journey from ""bad practice"" to ""good practice"" based on Dr Deming's theory  | Today involves rather less than the fairly full day's work designed for most days in this course. So, if you need more time on parts of today's study than I am  | Why do these techniques have such harmful effects? If you worked successfully at the First Project on Days 4 and 5, you are already well able to produce answers",TRUE
"significance level",NA,NA,6,"prose","As you will see later, Deming was alluding here to the conventional statistician attempting to treat control charts as if they were hypothesis tests. A hypothes | But how large is ""relatively large""? The same figures as before provide the answer. For example, if H₀ is true then we know (exactly or approximately) 95% proba | There are two further aspects of confidence intervals that can also be carried over into hypothesis testing. First, if *n* is small but normality is assumed the",TRUE
"staff areas",NA,NA,6,"prose","The strong link here is wholly obvious. But note the implications concerning management style. Anything (and there is often much) that management does to erect  | **Break down barriers between departments and staff areas.** People in different areas, such as Research, Design, Sales, Administration, and Production, must wo | **POINT 9.** [Break down barriers between departments and staff areas.] *(Day 5 pages 6--7.)*",TRUE
"statistical inference",NA,NA,6,"prose","- Summarising ""raw data"" through pictures such as histograms and the calculation of ""sample statistics"" such as the sample mean *X̄* and the sample standard dev | [] However, there are a couple of particular probabilities that are frequently used in applications of the normal distribution to popular techniques of so-calle | On pages 54 and 55 I briefly describe the two most commonly-used methods of statistical inference, and the way in which these particular figures apply to them.",TRUE
"statisticians' results",NA,NA,6,"prose","Here are the professional statisticians' results: | !professional statisticians' results as a table of data. | !Week 1 of professional statisticians' results as a table of data.",TRUE
"Summary of Teachings to Top Management",NA,NA,6,"prose","If and when the time comes that you might like to learn more about the man as well as his message (for this final recommendation does both), treat yourself to * | ## A Summary of Teachings to Top Management and to Engineers in Japan | We saw this diagram on as the first of Dr Deming's ""Summary of Teachings to Top Management and to Engineers in Japan"" . We shall revisit it at greater length on",TRUE
"System of Profound Trouble",NA,NA,6,"prose","There will nevertheless still be occasional reminders of the bad: e.g. on Day 12, in contrast to Deming's System of Profound Knowledge, we'll take a look at Pet | Advance notice: On Day 12, for still further learning and also amusement, we shall see Peter's superb parody of the above diagram: ""A System of Profound Trouble | Section 2 contains some excellent material from Peter Scholtes. We will begin by reading a fascinating account of one of his earliest experiences as a teacher a",TRUE
"The Deming Management Method",NA,NA,6,"prose","WALTON Mary, *The Deming Management Method*. Dodd, Mead & Co Inc (1986), Mercury, London (1989). | [^a]: The ""Epilogue"" on pages 241–244 of Mary Walton's book *The Deming Management Method* contains a much more substantial account of Dr Deming's presentation  | The quotation from Mary Walton's book *The Deming Management Method* (the Deming Prize Ceremony speech footnoted in the previous chapter) has been included with",TRUE
"time taken",NA,NA,6,"prose","On the other hand, probably all the figures reported at monthly management meetings are from what I call ""man-made"" processes. Obviously, they are reported at t | To determine the average time taken we add up these times and divide by the number of data, i.e. 10. This gives the average time taken as 200 ÷ 10 = 20 minutes. | That may sound pessimistic! But is it? Can we predict with exact precision the output of any process, e.g. our pulse rate at any moment? No, we cannot. Nobody c",TRUE
"touched upon",NA,NA,6,"prose","As I said, these all relate to matters we have touched upon during this Prelude. Can you think about them and see how they do so? | Of two books by Dr Wheeler that I particularly recommend, some such matters are touched upon in *Understanding Variation* but are dealt with more comprehensivel | But first, on Appendix pages 10–12 I have discussed some further messages from the Red Beads Experiment. You might possibly have touched upon one or two of thes",TRUE
"unknowable figures",NA,NA,6,"prose","When visible figures are available then, of course, we need to learn how to use them appropriately. The appeal of the proliferation of tools and techniques, and | (3) On *DemDim* pages 34–35 we saw Lloyd Nelson's statement about the importance of ""unknown and unknowable"" figures, followed by a number of illustrations. Spe | A single bordered box listing Neave's revised topics for the Scientific Approach corner of the Joiner Triangle. The five entries: collect data when possible, bu",TRUE
"upper process",NA,NA,6,"prose","I'll illustrate that very simply with the time it takes me to travel to work. Suppose that I have been keeping records and have carried out some simple calculat | But one day I didn't get to work until 9.10 am—it took me 40 minutes to get there; the traffic was awful! Since 40 minutes is way above the upper process limit, | The moving ranges add up to 18. There are nine of them and so the average moving range is = 18 ÷ 9 = 2 minutes. Then, if you recall, we compute the distance on ",TRUE
"Welcome section",NA,NA,6,"prose","Also in America, SPC Press Inc ( ), who published my book *The Deming Dimension* in 1990 (see pages 12–13 in the Welcome section of file A. PLEASE START HERE),  | A couple of points of clarification will be useful here. Firstly, the original editions of these little books of Statistics Tables were published as long ago as | There is some detailed information about *The Deming Dimension* on pages 12–13 of the Welcome section in the “A. PLEASE START HERE” file.",TRUE
"within specifications",NA,NA,6,"prose","Rule 2 is the case where, as we know both from the Ford example and from your own work in the Major Activity, the situation is undesirable compared with Rule 1, | But, even if the ""performance indicator"" is a more reasonable proposition in the context of a ""thing"", the mentality of it being sufficient for that performance | Results ""a"" and ""c"" are ""OK"": they are within specifications, they have met requirements, and so the ""things"" represented by those figures are presumed suitable",TRUE
"without knowledge",NA,NA,6,"prose","> [""To copy without knowledge of theory a company that is doing well is to invite destruction.""] | We have discussed some of the errors made when those without knowledge have tried to copy KAIZEN, Quality Circles, and ""Zero Stock"" or ""Just In Time"". | It is such a trite error to imagine that, by merely copying a few Japanese words and trying to copy a few of their concepts (excluding Six Sigma—this was a West",TRUE
"Your notes on these items.",NA,NA,6,"ui","./content/days/day-10/04-theory-of-variation.qmd",TRUE
"Your notes.",NA,NA,6,"ui","./content/days/day-11/06-knowledge-of-psychology.qmd",TRUE
"zag pattern",NA,NA,6,"prose","But the links are stronger still. In one of my seminars I often used a slide which simply shows the Joiner Triangle with two words inscribed in the middle: ""Red | !First long Rule 2 control chart: persistent zig-zag pattern throughout all 50 points, with the run line never approaching either control limit — the hugging-th | Peter was then able to point out to them that this is definitely *not* random variation! Random variation does not have patterns (except occasionally and briefl",TRUE
"zig zag pattern",NA,NA,6,"prose","But the links are stronger still. In one of my seminars I often used a slide which simply shows the Joiner Triangle with two words inscribed in the middle: ""Red | !First long Rule 2 control chart: persistent zig-zag pattern throughout all 50 points, with the run line never approaching either control limit — the hugging-th | Peter was then able to point out to them that this is definitely *not* random variation! Random variation does not have patterns (except occasionally and briefl",TRUE
"achieve quality",NA,NA,5,"prose","**Eliminate the need for mass inspection as a way to achieve quality** by building quality into the product in the first place. Require statistical evidence of  | **POINT 3.** [Eliminate the need for mass inspection as a way to achieve quality.] *(Day 4 pages 20--21.)*",TRUE
"arbitrary numerical",NA,NA,5,"prose","## Point 11. Eliminate arbitrary numerical targets *( )* | Again, this is quality ""across the board"". Those [""arbitrary numerical targets""] do the opposite—they focus attention on bits and pieces of the picture and, if  | Just a few comments here that I hope may be helpful. Regarding Category 1—""facts of life"", i.e. matters that are unarguable and not a matter of opinion, remembe",TRUE
"arbitrary numerical targets",NA,NA,5,"prose","## Point 11. Eliminate arbitrary numerical targets *( )* | Again, this is quality ""across the board"". Those [""arbitrary numerical targets""] do the opposite—they focus attention on bits and pieces of the picture and, if  | Just a few comments here that I hope may be helpful. Regarding Category 1—""facts of life"", i.e. matters that are unarguable and not a matter of opinion, remembe",TRUE
"automatic compensation device",NA,NA,5,"prose","Then recall the simple example on . I observed that changing the *average* of my process there would be very easy. And, in my experience, it is indeed very ofte | Input shafts for a transmission were turned in a machine equipped with an expensive automatic compensation device. If the diameter of a shaft was too large, the | A histogram of 50 shaft diameters made *with* the automatic compensation device switched on. The distribution is broad and reaches outside the specification lim",TRUE
"Average Taguchi Loss",NA,NA,5,"prose","Actually, if you want to measure ""quality"", a little mathematics shows that Taguchi's study of ""loss"" leads to a very neat criterion. (For those who are interes | If you have a control chart then you can immediately compute a value for this expression. You will (directly or indirectly) have used a value of σ to find the c | If you are mathematically inclined, you might like to use the above criterion to verify the following alarming argument. Let's consider starting with the proces",TRUE
"awarding business solely",NA,NA,5,"prose","**End the practice of awarding business solely on the basis of price tag.** Instead, require meaningful measures of quality along with price. Reduce the number  | **POINT 4.** [End the practice of awarding business solely on the basis of price tag.] *(Day 4 pages 22--23.)*",TRUE
"Balaji's Preludes",NA,NA,5,"prose","For the second section of your preparation (your general grounding in the System of Profound Knowledge before tackling the detail during the project) I suggest  | During what follows in Days 10 and 11 I have also added what I hope you will find to be a few useful expansions and helpful hints. Sometimes I shall repeat mate | I hope you are working at a reasonable-sized table or desk! For, if you have been able to carry out the copying that I suggested at the top of , you can now hav",TRUE
"baseline period",NA,NA,5,"prose","However, I should first point out that simulation studies do have some similar drawbacks to mathematical solutions, in particular that it is necessary to make s | With the assumptions made in the simulation study, and with the variety of baseline lengths as shown, here are the percentages of false alarms (i.e. signals tha | ### (B) What is the likelihood of there being any signals (i.e. false alarms) *during* the baseline period?",TRUE
"Beads data",NA,NA,5,"prose","So let's now carry on as we did through much of yesterday with the various sets of Red Beads data: let's now upgrade the run chart to a control chart by inserti | As a minor point of detail, notice the thin blue line in the middle of the chart. This is the ""Central Line"" representing the average of the data-values from wh | Interpreting the red beads as ""defective items"", we immediately see that the method for computing the limits described there is indeed appropriate for Red Beads",TRUE
"Bill Conway",NA,NA,5,"prose","Almost five more years passed before Bill Conway discovered that this “Deming” was in fact an American, Dr W Edwards Deming who, although already in his late 70 | Now, depending on your background, one feature of the previous section may have already started making you feel a little queasy. And that is the repeated refere | Wasted years. But wasted years which, as we saw on page 2, thankfully ended when Bill Conway sought him out in 1979.",TRUE
"binomial coefficient",NA,NA,5,"prose","The ""shorthand"" for this big fraction that I've shown on the right-hand side is known as a *binomial coefficient*. Notice that there are exactly terms in both t | Some particular values of this expression are easy to check. For example, if then we get just the single term at the top and the single term 1 at the bottom, wi | So now, moving on to the induction process, let's assume that the above binomial coefficient is the correct number of sequences of length which contain S's (for",TRUE
"business solely",NA,NA,5,"prose","**End the practice of awarding business solely on the basis of price tag.** Instead, require meaningful measures of quality along with price. Reduce the number  | **POINT 4.** [End the practice of awarding business solely on the basis of price tag.] *(Day 4 pages 22--23.)*",TRUE
"Clearly define",NA,NA,5,"prose","**Clearly define top management's permanent commitment to ever-improving quality and productivity,** and their obligation to implement all of these principles.  | **POINT 14.** [Clearly define top management's permanent commitment to ever-improving quality and productivity.] *(Day 5 pages 16--17.)*",TRUE
"Clearly define top",NA,NA,5,"prose","**Clearly define top management's permanent commitment to ever-improving quality and productivity,** and their obligation to implement all of these principles.  | **POINT 14.** [Clearly define top management's permanent commitment to ever-improving quality and productivity.] *(Day 5 pages 16--17.)*",TRUE
"competing against",NA,NA,5,"prose","Indeed, ranking and rating are not just senseless—they are harmful. Reflecting the question posed on page 1, why should people [""work together""] (for the advant | When Dr Deming was speaking to Japanese industrialists in the early 1950s, he warned them that they would be in danger of destroying each other if they focused  | ## Competing against or competing with?",TRUE
"continuous case",NA,NA,5,"prose","So, when we have continuous data, can we copy what we did with discrete data such as when we were examining the number of Heads when two coins are tossed? That  | For example, in the discrete case our approach was to obtain approximations for the probabilities of each of the various possible values as the proportion of ti | On the other hand, although this demonstrates what we *can't* do in the continuous case, it also shows us what we *can* do. That is to consider probabilities of",TRUE
"control chart's",NA,NA,5,"prose","Some control-charting computer packages include a picture of a histogram turned through 90° (so that its scale coincides with the control chart's vertical scale | I hope you will have found it helpful to gain that additional experience of constructing and interpreting control charts. However, to be fair, Funnel Experiment | We have already seen on page 15 the control chart for the results recorded by Dec, and what it tells us in the Pause for Thought 2–e. (If you need reminding, lo",TRUE
"control limits computed",NA,NA,5,"prose","Apart from the feature of possibly wandering off to relatively enormous distances from wherever it starts, there is another aspect of Rule 4 which is often seen | [] In this sort of case, the sample mean cannot really do a very good job of genuinely reflecting the typical kind of values being recorded: it will still be a  | A control chart of all 24 values from the first process, but with the control limits computed using only the first 12 (LCL ≈ 9.75, UCL ≈ 14.59, Central Line at ",TRUE
"control process",NA,NA,5,"prose","!Control chart showing an in-control process whose distance from the Central Line to either Specification Limit is only about 4.5σ, short of six-sigma quality | As you'll recall, in Major Activity 3–h you summarised your data from Rules 1 and 2 of the Funnel on histograms and your data from Rules 3 and 4 on run charts.  | Again let's look first at the short control charts of the two simulations. The second one does not appear to have anything much to tell us, but I suggest the fi",TRUE
"conventional course",NA,NA,5,"prose","We began with what I described there as ""quite familiar ground"": the histogram. And, of course, to an extent, it was. But when the histogram was introduced earl | With our Shewhart/Deming background we are very likely to presume that the data being illustrated in a histogram come from some *process*: we regard the underst | As we have seen in the crash-course and would soon be seen in the introductory conventional Statistics course, one common way of describing the data is in terms",TRUE
"conventional management",NA,NA,5,"prose","All One Team means what it says. Many approaches to quality improvement involve formation of teams, maybe lots of them—but, as previously observed (during Point | But instead, let's go more directly to the Points and Deadly Diseases. In Part D you will have seen strong emphasis on matters such as dignity, self-esteem, res | A left-to-right chain of five linked boxes showing Deming's Chain Reaction. **Improve processes and product** leads to **Costs decrease**, which leads to **Capt",TRUE
"conventional statisticians",NA,NA,5,"prose","So it is not surprising that conventional statisticians often use the normal distribution in their mathematical derivations with the hope that their results wil | After all this, it's hardly surprising that, in developing their theory as well as their tools and techniques, conventional statisticians have been very happy t | [*The quality of the* **measurement process** *itself seems to be too little considered by conventional statisticians, let alone non-statisticians. The numbers ",TRUE
"defeats constancy",NA,NA,5,"prose","**Short-term thinking defeats constancy of purpose to stay in business with long-term growth.** | **DISEASE 2.** [Short-term thinking defeats constancy of purpose.] *(Day 5 pages 20--21.)*",TRUE
"define top",NA,NA,5,"prose","**Clearly define top management's permanent commitment to ever-improving quality and productivity,** and their obligation to implement all of these principles.  | **POINT 14.** [Clearly define top management's permanent commitment to ever-improving quality and productivity.] *(Day 5 pages 16--17.)*",TRUE
"define top management's",NA,NA,5,"prose","**Clearly define top management's permanent commitment to ever-improving quality and productivity,** and their obligation to implement all of these principles.  | **POINT 14.** [Clearly define top management's permanent commitment to ever-improving quality and productivity.] *(Day 5 pages 16--17.)*",TRUE
"Deming's flow",NA,NA,5,"prose","An organisation chart! How the organisation should be organised! As opposed to what? Well, I think you may agree that there is some rather neat implicit teachin | How would you describe the relationship between Shewhart's diagram of the ""New Way"" (refer back to the diagram on page 3 and also to your thoughts on page 4) wi | Surely the ""New Way"" diagram is an embryonic version of Deming's flow diagram---and in fact, with Shewhart's particular choice of words, of Deming's original ""P",TRUE
"Deming's flow diagram",NA,NA,5,"prose","An organisation chart! How the organisation should be organised! As opposed to what? Well, I think you may agree that there is some rather neat implicit teachin | How would you describe the relationship between Shewhart's diagram of the ""New Way"" (refer back to the diagram on page 3 and also to your thoughts on page 4) wi | Surely the ""New Way"" diagram is an embryonic version of Deming's flow diagram---and in fact, with Shewhart's particular choice of words, of Deming's original ""P",TRUE
"dimensional version",NA,NA,5,"prose","The prime purpose of Day 3 as a whole is best summarised by the short title of Don Wheeler's excellent little book: *Understanding Variation*. So, looking forwa | Believe me—my version is easier to perform and also results in less laundry costs! Basically, it's a one-dimensional version of the experiment, whereas the Funn | So, in our one-dimensional version, imagine we have two tracks both like the following:",TRUE
"dynamic scientific",NA,NA,5,"prose","### ""A dynamic scientific process of acquiring knowledge"" | > ""The three steps constitute a dynamic scientific process of acquiring knowledge."" | A dynamic scientific process of acquiring knowledge! Rather different from *done; finished; gone!* And this was back in 1939---hardly ""rocket science""! But emin",TRUE
"dynamic scientific process",NA,NA,5,"prose","### ""A dynamic scientific process of acquiring knowledge"" | > ""The three steps constitute a dynamic scientific process of acquiring knowledge."" | A dynamic scientific process of acquiring knowledge! Rather different from *done; finished; gone!* And this was back in 1939---hardly ""rocket science""! But emin",TRUE
"economic loss",NA,NA,5,"prose","> “So what shall we do? Anyone can set for himself a clean record from this hour henceforth on *one* of the two mistakes. But, if he does, he will achieve the m | > ""How can we aim for minimum economic loss? It is *nothing* to do with probabilities of the two kinds of mistakes. No, no, no, no: not at all. What we need is  | > ""How can we aim for minimum economic loss? It is *nothing* to do with probabilities of the two kinds of mistakes. No, no, no, no: not at all. … It is not a ma",TRUE
"eight options",NA,NA,5,"prose","Two side-by-side worksheets sharing the same layout: a tall left column **Areas and their Options** (rows grouped by Area A in blue, Area B in orange, Area C in | So, as in *DemDim*, three options are adopted in both Areas A and C, and two options in Area B. Otherwise Table One simply shows that all eight options are adva | The conclusion from this basic version of the exercise is that, since there happen to be an equal number of + signs and − signs in Table Two, all that work of a",TRUE
"either Specification",NA,NA,5,"prose","!Control chart showing an in-control process whose distance from the Central Line to either Specification Limit is only about 4.5σ, short of six-sigma quality | The process appears to be in statistical control, but the distance from the Central Line to either Specification Limit is only around 4.5σ rather than the desir | Spot the difference! Yes, we have now improved the process, i.e. reduced σ, sufficiently enough for the distance between the Central Line and either Specificati",TRUE
"either Specification Limit",NA,NA,5,"prose","!Control chart showing an in-control process whose distance from the Central Line to either Specification Limit is only about 4.5σ, short of six-sigma quality | The process appears to be in statistical control, but the distance from the Central Line to either Specification Limit is only around 4.5σ rather than the desir | Spot the difference! Yes, we have now improved the process, i.e. reduced σ, sufficiently enough for the distance between the Central Line and either Specificati",TRUE
"Eliminate work",NA,NA,5,"prose","**Eliminate work standards that prescribe quotas for the workforce and numerical goals for people in management.** Substitute aids and helpful leadership in ord | **POINT 11.** [Eliminate work standards that prescribe quotas for the workforce and numerical goals for people in management.] *(Day 5 pages 10--11.)*",TRUE
"Eliminate work standards",NA,NA,5,"prose","**Eliminate work standards that prescribe quotas for the workforce and numerical goals for people in management.** Substitute aids and helpful leadership in ord | **POINT 11.** [Eliminate work standards that prescribe quotas for the workforce and numerical goals for people in management.] *(Day 5 pages 10--11.)*",TRUE
"empirical evidence",NA,NA,5,"prose","But what about those control-chart constants like 2.66? Now, some nice mathematics *is* needed in order to derive them. And it is true that they are derived usi | > ""… the fact that the criterion which we happen to use has a fine ancestry of highbrow statistical theorems does not justify its use. Such justification must c | The conventional statistician has sometimes produced some claims about control charts, claims that indeed have a very fine ancestry. But where is their empirica",TRUE
"empirical observation",NA,NA,5,"prose","9. There is no such thing as a fact concerning an empirical observation. Any two people may have different ideas about what is important to know about any event | [Don't forget: an empirical observation depends on the operational definition by which it was obtained---and an operational definition is neither ""right"" nor ""w | Many news bulletins report empirical observations on matters such as unemployment, inflation, growth, the stock market, the structural deficit, national debt, a",TRUE
"Encourage effective",NA,NA,5,"prose","**Encourage effective two-way communication and other means to drive out fear throughout the organisation** so that everybody may work effectively and more prod | **POINT 8.** [Encourage effective two-way communication and other means to drive out fear throughout the organisation.] *(Day 5 pages 4--5.)*",TRUE
"encourage self",NA,NA,5,"prose","**Institute a vigorous programme of education, and encourage self-improvement for everyone.** What an organisation needs is not just good people; it needs peopl | **POINT 13.** [Institute a vigorous programme of education, and encourage self-improvement for everyone.] *(Day 5 pages 14--15.)*",TRUE
"encourage self improvement",NA,NA,5,"prose","**Institute a vigorous programme of education, and encourage self-improvement for everyone.** What an organisation needs is not just good people; it needs peopl | **POINT 13.** [Institute a vigorous programme of education, and encourage self-improvement for everyone.] *(Day 5 pages 14--15.)*",TRUE
"enumerative study",NA,NA,5,"prose","How about a brief explanation of ""enumerative studies"" in my own words? As we shall see later, an introductory course on conventional Statistics often begins by | Note that simply attempting to describe what is in the population (or frame) does not include any intent to explain *why* the population (frame) contains what i | 9. [*You will see some unfamiliar terms here. I'll briefly explain them in my comments below.*] Understanding of the distinction between enumerative studies and",TRUE
"ever improving",NA,NA,5,"prose","**Clearly define top management's permanent commitment to ever-improving quality and productivity,** and their obligation to implement all of these principles.  | **POINT 14.** [Clearly define top management's permanent commitment to ever-improving quality and productivity.] *(Day 5 pages 16--17.)*",TRUE
"ever improving quality",NA,NA,5,"prose","**Clearly define top management's permanent commitment to ever-improving quality and productivity,** and their obligation to implement all of these principles.  | **POINT 14.** [Clearly define top management's permanent commitment to ever-improving quality and productivity.] *(Day 5 pages 16--17.)*",TRUE
"fear throughout",NA,NA,5,"prose","**Encourage effective two-way communication and other means to drive out fear throughout the organisation** so that everybody may work effectively and more prod | **POINT 8.** [Encourage effective two-way communication and other means to drive out fear throughout the organisation.] *(Day 5 pages 4--5.)*",TRUE
"final Major",NA,NA,5,"prose","The final major difference in Part C compared with elsewhere will be for you to read through two chapters from *DemDim* that you haven't previously looked at. I | Section 6 is your final Major Activity of the course. This encourages you to develop the implications of what you have learned during the course in the context  | As you read through these pages for the first time, highlight those parts which immediately strike you as being particularly relevant and/or interesting to you ",TRUE
"fine ancestry",NA,NA,5,"prose","But what about those control-chart constants like 2.66? Now, some nice mathematics *is* needed in order to derive them. And it is true that they are derived usi | > ""… the fact that the criterion which we happen to use has a fine ancestry of highbrow statistical theorems does not justify its use. Such justification must c | The conventional statistician has sometimes produced some claims about control charts, claims that indeed have a very fine ancestry. But where is their empirica",TRUE
"first control chart",NA,NA,5,"prose","But, before that, it is worth making the intriguing and salutary point that Shewhart himself started out thinking that the subject *could* be developed from the | !Shewhart's 1924 control chart — ""the very first control chart"" — with guidelines placed at just one standard deviation either side of the Central Line and the  | Finally, recall where we saw our first control chart: it was in the Red Beads Experiment. The control limits there were computed from all 24 of the available da",TRUE
"first step",NA,NA,5,"prose","An updated version of the Chain Reaction appears on *Out of the Crisis* page 3 (both editions). There the final three steps stay the same. The first step become | A six-column, four-row table of red-bead counts (workers across, weeks down). At this first step, only the very first cell — Worker 1, Week 1 — is filled in: a  | **2. [The supposition that solving problems, automation, gadgets, and new machinery will transform industry.] ** (*Out of the Crisis* page 108 [pages 127–128]; ",TRUE
"fudging figures",NA,NA,5,"prose","Two particular problems with this attitude to quality are as follows (wherever the specifications originate). First, having worked to reach the standard or targ | An obvious trouble then is that it is the *number* which becomes the aim—as opposed to (a) *quality* being the aim and (b) the number (amongst many others) bein | However, despite getting into such sad short stories toward the end of today's material, I promise you that we'll finish on what I found to be a very positive n",TRUE
"Health Service",NA,NA,5,"prose","The Government judges by conformance to specifications. Think of the various Charters, league tables, etc, etc, … . A train meets the specification if it is no  | One of the stated aims of the British Government during the late 1990s was to reduce the number of people waiting for admission to NHS (National Health Service) | **Sweeping reforms of the National Health Service will be demanded by a public inquiry into one of the worst scandals in NHS history**",TRUE
"hourly workers",NA,NA,5,"prose","**Remove the barriers that rob hourly workers, and people in management, of their right to pride of workmanship.** This implies, *inter alia*, abolition of the  | **POINT 12.** [Remove the barriers that rob hourly workers, and people in management, of their right to pride of workmanship.] *(Day 5 pages 12--13.)*",TRUE
"Improve constantly",NA,NA,5,"prose","**Improve constantly and forever the system** of planning, production, and service, in order to improve every process and activity in the company, to improve qu | **POINT 5.** [Improve constantly and for ever the system.] *(Day 4 pages 24--25.)*",TRUE
"institute leadership aimed",NA,NA,5,"prose","**Adopt and institute leadership aimed at helping people to do a better job.** The responsibility of managers and supervisors must be changed from sheer numbers | **POINT 7.** [Adopt and institute leadership aimed at helping people to do a better job.] *(Day 5 pages 2--3.)*",TRUE
"Institute modern",NA,NA,5,"prose","**Institute modern methods of training** for everybody's job, including management, to make better use of every employee. New skills are required to keep up wit | **POINT 6.** [Institute modern methods of training.] *(Day 4 pages 26--27.)*",TRUE
"Institute modern methods",NA,NA,5,"prose","**Institute modern methods of training** for everybody's job, including management, to make better use of every employee. New skills are required to keep up wit | **POINT 6.** [Institute modern methods of training.] *(Day 4 pages 26--27.)*",TRUE
"introductory Statistics course",NA,NA,5,"prose","- Introduction - Part A: Using control charts on Funnel Experiment data — an extension of Major Activity 3–h 1. Introduction 2. Rules 1 and 2 of the Funnel *(** | So I'd better try some brief explanations in my own words! ""Analytic studies"" are indeed what we have been involved with, particularly in the early days of *12  | ### A typical syllabus for an introductory Statistics course",TRUE
"job hopping",NA,NA,5,"prose","## Disease 4. Management job-hopping *( )* | It is evident that mobility of management increases variation; how could it do otherwise? In the case of a ""job-hopping"" culture as opposed to a learning cultur | This really is a vital part of your learning. The 14 Points and the Diseases cover a multitude of topics: they include leadership, training, education, the impo",TRUE
"Ken ichi",NA,NA,5,"prose","KOYANAGI Ken-Ichi, *The Deming Prize*. See under ""Booklets"". | KOYANAGI Ken-Ichi, *The Deming Prize*. Union of Japanese Scientists and Engineers (JUSE), 1960. | !Ken-ichi Koyanagi with Dr Deming",TRUE
"limits computed",NA,NA,5,"prose","Apart from the feature of possibly wandering off to relatively enormous distances from wherever it starts, there is another aspect of Rule 4 which is often seen | [] In this sort of case, the sample mean cannot really do a very good job of genuinely reflecting the typical kind of values being recorded: it will still be a  | A control chart of all 24 values from the first process, but with the control limits computed using only the first 12 (LCL ≈ 9.75, UCL ≈ 14.59, Central Line at ",TRUE
"limits used",NA,NA,5,"prose","> ""Points outside the limits are noted on September 25 and 26, 1980. Having noted that exceptional variation was present, they looked for the Assignable *[Speci | Before returning to the matter of how to easily obtain numerical values for all those binomial probabilities (binomial coefficients and all!) there is one loose | Lastly, although we have been using Charts A3–F3 in this discussion, do not forget the importance of Charts A2–F2. These showed control limits which had been co",TRUE
"long Rule",NA,NA,5,"prose","!Two long Rule 1 control charts, each continuing the baseline (red) with a green extension to 50 points; both remain comfortably inside the control limits throu | !First long Rule 2 control chart: persistent zig-zag pattern throughout all 50 points, with the run line never approaching either control limit — the hugging-th | !Second long Rule 2 control chart: a less pronounced but still noticeably tight pattern — none of the 50 values come close to either the upper or lower control ",TRUE
"lower control limits",NA,NA,5,"prose","The upper and lower control limits for the statisticians’ data are UCL = 16.4 and LCL = 0.5. | The upper and lower control limits for the Spaniards’ data are UCL = 20.1 and LCL = 2.4. | Finally, the distance from out to the two control limits is . This gives the upper and lower control limits as",TRUE
"Major Activities",NA,NA,5,"prose","So on every Day of this course I shall from time to time ask you to stop and do something—let’s call it a “request for action”. At one extreme the request may s | On Days 2 and 3, the Major Activities will mainly be matters of time rather than requiring a great deal of deep thought. But, after Day 3, the Major Activities  | Day 6 is the first time that this happens—and it happens in quite a big way. However, it may of course be that you personally are not currently involved with an",TRUE
"management's permanent",NA,NA,5,"prose","**Clearly define top management's permanent commitment to ever-improving quality and productivity,** and their obligation to implement all of these principles.  | **POINT 14.** [Clearly define top management's permanent commitment to ever-improving quality and productivity.] *(Day 5 pages 16--17.)*",TRUE
"management's permanent commitment",NA,NA,5,"prose","**Clearly define top management's permanent commitment to ever-improving quality and productivity,** and their obligation to implement all of these principles.  | **POINT 14.** [Clearly define top management's permanent commitment to ever-improving quality and productivity.] *(Day 5 pages 16--17.)*",TRUE
"measurement process",NA,NA,5,"prose","However, as you would expect, it was pretty difficult to figure out how to upset the Red Beads data! All I could think of was (for the final six points) to add  | 48-point control chart for Process C (numbers of red beads from the Red Beads Experiment). Points 1–42 fluctuate inside the limits in the familiar Red Beads pat | [*The quality of the* **measurement process** *itself seems to be too little considered by conventional statisticians, let alone non-statisticians. The numbers ",TRUE
"Mitch Beedie",NA,NA,5,"prose","Yet again, the thrust of this Point is that the lack of quality, productivity, behaviour, performance—just about everything—comes from the system (common causes | On the other hand, you may of course *wish* to learn a little more or even a lot more about control charts. In that case I’ll mention three possibilities which  | So almost everything that follows here has been told to me by friends who were only too happy to let me publish their stories. However, in some cases they were,",TRUE
"modern methods",NA,NA,5,"prose","**Institute modern methods of training** for everybody's job, including management, to make better use of every employee. New skills are required to keep up wit | **POINT 6.** [Institute modern methods of training.] *(Day 4 pages 26--27.)*",TRUE
"Modern principles",NA,NA,5,"prose","Early on Day 5 we looked at the page of ""Attributes of a Leader"" (*DemDim* page 335) which Dr Deming started to use in some four-day seminars around 1989. That  | ### Modern principles of leadership | > “Modern principles of leadership ... will replace the annual performance review. The first step in a company will be to provide education in leadership. The a",TRUE
"multiplication rule",NA,NA,5,"prose","But what about the expected value of the *product* of two random variables? (""Product"" is the jargon for *multiplying* two or more things together.) So is equal | In other words, we were (quite reasonably!) *assuming* that the three events ""six on the first die"" and ""six on the second die"" and ""six on the third die"" were  | In order to prove this important multiplication rule for expected values, i.e. that if and are *independent* random variables then , it's easiest to first verif",TRUE
"natural process limits",NA,NA,5,"prose","It is when processes are *only* being affected by such inherent causes that they fluctuate between their natural process limits. We say that processes are ""norm | Do you remember how to compute those natural process limits? Deming usually called them the ""control limits"". You may have to do it on Day 3. Day 3 may seem a l | This method of determining process limits can be used for many kinds of processes. For instance, it has been used extensively in the field of medicine. When we ",TRUE
"Nelson's original version",NA,NA,5,"prose","So, returning to our version of the Funnel Experiment, if tampering doesn't do any good (to put it mildly), how might we really ""improve the process"", i.e. redu | As you know, **Rule 1** simply produces the unadulterated data coming from the underlying process of throwing the dice or, in Dr Nelson's original version of th | In case that might be possible, let me tell you what I did in my seminars. As you will remember, Dr Nelson's original version of the experiment is rather tricky",TRUE
"nominal value",NA,NA,5,"prose","There is obviously something wrong when a measured characteristic barely inside a specification is declared to be conforming; outside it is declared to be nonco | Input shafts for a transmission were turned in a machine equipped with an expensive automatic compensation device. If the diameter of a shaft was too large, the | The control chart (all hand-drawn and several feet long!) covered the period from August 1980 to March 1982. The points in Chart E3 are the daily averages of fo",TRUE
"normally distributed data",NA,NA,5,"prose","- A very long while ago, I used to teach control-charting the “conventional” way, i.e. trying to interpret control limits in terms of probabilities, saying that | Nevertheless, the normal distribution has such appealing mathematical properties for the conventional statistician that I need to tell you a little more about i | - Introduction - Part A: Using control charts on Funnel Experiment data — an extension of Major Activity 3–h 1. Introduction 2. Rules 1 and 2 of the Funnel *(**",TRUE
"optional extra",NA,NA,5,"prose","Yes: this material *is* all ""optional extra"". Your understanding of the main material of *12 Days to Deming* does *not* depend on your reading any of this. So t | On Days 2 and 3 and during parts of both of the projects, the emphasis was on understanding variation and why that is useful, and the role it plays in the impro | Assuming you do not have much or any background in conventional Statistics, this section will (like the first section) contain some words, terms and phrases wit",TRUE
"optional material",NA,NA,5,"prose","Actually, the good news is that, for the purpose of constructing and using control charts for a-few-at-a-time data, i.e. using *subgroups* rather than one-at-a- | That is clearly a matter touching upon the very management philosophy and approach of the organisation in which the control charts are being used—thus it is str | And lastly, if you are *really* keen to have a comprehensive introduction to control charts—going well beyond what is necessary for this course—there is the fai",TRUE
"permanent commitment",NA,NA,5,"prose","**Clearly define top management's permanent commitment to ever-improving quality and productivity,** and their obligation to implement all of these principles.  | **POINT 14.** [Clearly define top management's permanent commitment to ever-improving quality and productivity.] *(Day 5 pages 16--17.)*",TRUE
"PLEASE START",NA,NA,5,"prose","*Some colleagues (see my Preface in the ""A. PLEASE START HERE"" file) and I have made considerable efforts to trace copyright holders of content quoted in the co | Also in America, SPC Press Inc ( ), who published my book *The Deming Dimension* in 1990 (see pages 12–13 in the Welcome section of file A. PLEASE START HERE),  | There is some detailed information about *The Deming Dimension* on pages 12–13 of the Welcome section in the “A. PLEASE START HERE” file.",TRUE
"profound messages",NA,NA,5,"prose","Several further “profound messages” are to be found in the references provided earlier. But I shall content myself here with just one more. And this is (or shou | Let's begin at the beginning. As I introduced the experiment, I made no secret of Dr Deming's description of it as ""stupidly simple"" —indeed, I even gave delega | So now we have yet more of the profound messages which this ""stupidly simple"" experiment communicates. The emotions raised and havoc wreaked by treating common-",TRUE
"Prophet Unheard",NA,NA,5,"prose","*A Prophet Unheard*. ""Business Matters"" series, British Broadcasting Corporation (1992) | *A Prophet Unheard*: | Regarding videos, there were two quite well-known short British-made TV documentaries: *Doctor’s Orders* (produced by Central ITV in 1988) and *A Prophet Unhear",TRUE
"quality assurance",NA,NA,5,"prose","My acquaintance was, in fact, also now a member of staff in another part of the same university. This was around the time that British universities were first b | Why should a university teacher dislike “quality assurance”? Doesn’t he want to do a good job? | I believe that the large majority do indeed want to do a good job. But mostly they find that “quality assurance” hinders rather than helps. Yes, it can introduc",TRUE
"Red Beads data",NA,NA,5,"prose","So let's now carry on as we did through much of yesterday with the various sets of Red Beads data: let's now upgrade the run chart to a control chart by inserti | As a minor point of detail, notice the thin blue line in the middle of the chart. This is the ""Central Line"" representing the average of the data-values from wh | Interpreting the red beads as ""defective items"", we immediately see that the method for computing the limits described there is indeed appropriate for Red Beads",TRUE
"rob hourly",NA,NA,5,"prose","**Remove the barriers that rob hourly workers, and people in management, of their right to pride of workmanship.** This implies, *inter alia*, abolition of the  | **POINT 12.** [Remove the barriers that rob hourly workers, and people in management, of their right to pride of workmanship.] *(Day 5 pages 12--13.)*",TRUE
"rob hourly workers",NA,NA,5,"prose","**Remove the barriers that rob hourly workers, and people in management, of their right to pride of workmanship.** This implies, *inter alia*, abolition of the  | **POINT 12.** [Remove the barriers that rob hourly workers, and people in management, of their right to pride of workmanship.] *(Day 5 pages 12--13.)*",TRUE
"sample variance",NA,NA,5,"prose","- Summarising ""raw data"" through pictures such as histograms and the calculation of ""sample statistics"" such as the sample mean *X̄* and the sample standard dev | [] Finally as far as variances are concerned, let's return to that mystery of why, given a random sample of size , the sample variance was defined with the divi | Clearly, if we knew the value of , it would have made sense to use it in the expression for the sample variance rather than . is there because, in general, we *",TRUE
"scientific process",NA,NA,5,"prose","### ""A dynamic scientific process of acquiring knowledge"" | > ""The three steps constitute a dynamic scientific process of acquiring knowledge."" | A dynamic scientific process of acquiring knowledge! Rather different from *done; finished; gone!* And this was back in 1939---hardly ""rocket science""! But emin",TRUE
"scooter start",NA,NA,5,"prose","## What makes the scooter start? | Now, after some years, the son reached the eighth standard. His question of ""How did the scooter start?"" had remained unanswered. One day in class, his teacher  | When *information* answers a question that has come from *theory*, it becomes *knowledge*. Now the boy understood that, when he or his father kicked the lever o",TRUE
"Second Strategy",NA,NA,5,"prose","So now go ahead with Rules 1 and 2 using the data you generated on Day 3. Again, your Rule 1 (Ford's Second Strategy) data are on Day 3 page 47 and the data fro | But once you have become familiar with any particular strategy then you may soon find you can carry on without continuing to use the track. Use it for as long a | ## Rule 1 of the Funnel (Ford's Second Strategy)",TRUE
"selling feature",NA,NA,5,"prose","### Unique selling feature | I think any business has to have a unique selling feature. In other words, what is it that this company does that the other companies won't do, or are unable to | We had a customer buying furniture a couple of Saturdays ago. She lived about 60 miles from our store. It was a very unusual situation. Her house had burned dow",TRUE
"short control",NA,NA,5,"prose","Again let's look first at the short control charts of the two simulations. The second one does not appear to have anything much to tell us, but I suggest the fi | One aspect immediately noticeable about Rule 3's short control charts is their similarity to those of Rule 2 on page 10. A moment's reflection will show why. Re | Whereas Rule 3's short control charts did not give much warning of the horrors to come, Rule 4's short charts immediately show conclusive evidence of severe pro",TRUE
"short control charts",NA,NA,5,"prose","Again let's look first at the short control charts of the two simulations. The second one does not appear to have anything much to tell us, but I suggest the fi | One aspect immediately noticeable about Rule 3's short control charts is their similarity to those of Rule 2 on page 10. A moment's reflection will show why. Re | Whereas Rule 3's short control charts did not give much warning of the horrors to come, Rule 4's short charts immediately show conclusive evidence of severe pro",TRUE
"simple binomial",NA,NA,5,"prose","Let's develop the same theme to find the *standard deviation* σ or the *variance* σ² of this simple binomial distribution. So now we want to find the long-term  | However, only two very simple binomial distributions were introduced in Part D: those involving the count of Heads when two coins are tossed and then the number | If it is a while since you read that material on the simple binomial distributions at the beginning of Part D then I suggest, in order to put yourself back in t",TRUE
"single sided",NA,NA,5,"prose","The material for Day 6 includes a substantial case study on pages 7–16. Day 6's Major Activity then follows on pages 18–20. After you've read the first few para | Now that you know what this Major Activity involves, I also strongly recommend that you take my advice on by reading through Mack's story once more before conti | 2. On I advised you that you would need to print some copies of the tables to be used in today's Major Activity. I recommend that you print out single-sided cop",TRUE
"six Willing",NA,NA,5,"prose","Take a careful look through these results. What main feature occurs to you when comparing the six Willing Workers with each other? | !Handwritten results table for six Willing Workers (Ernie, Iggy, Richard, Martin, Andrew, Pat) showing red bead counts across four weeks, with weekly totals dec | A handwritten transparency from the Recorder, Declan, showing six Willing Workers (Ernie, Iggy, Richard, Martin, Andrew, Pat) as columns and four weeks as rows.",TRUE
"six Willing Workers",NA,NA,5,"prose","Take a careful look through these results. What main feature occurs to you when comparing the six Willing Workers with each other? | !Handwritten results table for six Willing Workers (Ernie, Iggy, Richard, Martin, Andrew, Pat) showing red bead counts across four weeks, with weekly totals dec | A handwritten transparency from the Recorder, Declan, showing six Willing Workers (Ernie, Iggy, Richard, Martin, Andrew, Pat) as columns and four weeks as rows.",TRUE
"Stats levels",NA,NA,5,"prose","So how can I guide you through these various possibilities? I’m going to ask you to choose which of four “Stats-levels” you feel is most suitable for you. Stats | If you are following my timing guidance, the difference between Stats-level 0 (including 00, of course) and the rest creates a small problem: on both Days 2 and | **NB** There will be no separation between Stats-levels 0 and Stats-levels 1–3 this afternoon, and so then the timing guidance will only be included on the righ",TRUE
"take joy",NA,NA,5,"prose","> “Just think what this country could be—think what North America could be—if half the people, even make it 25%, could take pride in their work, could take joy  | > [""A system of schools (public schools, private schools, parochial schools, trade schools, for example) is not merely pupils, teachers, school boards, and pare | A system of schools (public schools, private schools, parochial schools, trade schools, for example) is not merely pupils, teachers, school boards, and parents.",TRUE
"thinking defeats",NA,NA,5,"prose","**Short-term thinking defeats constancy of purpose to stay in business with long-term growth.** | **DISEASE 2.** [Short-term thinking defeats constancy of purpose.] *(Day 5 pages 20--21.)*",TRUE
"thinking defeats constancy",NA,NA,5,"prose","**Short-term thinking defeats constancy of purpose to stay in business with long-term growth.** | **DISEASE 2.** [Short-term thinking defeats constancy of purpose.] *(Day 5 pages 20--21.)*",TRUE
"top management's",NA,NA,5,"prose","**Clearly define top management's permanent commitment to ever-improving quality and productivity,** and their obligation to implement all of these principles.  | **POINT 14.** [Clearly define top management's permanent commitment to ever-improving quality and productivity.] *(Day 5 pages 16--17.)*",TRUE
"top management's permanent",NA,NA,5,"prose","**Clearly define top management's permanent commitment to ever-improving quality and productivity,** and their obligation to implement all of these principles.  | **POINT 14.** [Clearly define top management's permanent commitment to ever-improving quality and productivity.] *(Day 5 pages 16--17.)*",TRUE
"total area",NA,NA,5,"prose","I'll ask you to look one more time at the Optional Extras, this time on page 49. Here we have the same pictures as you saw two pages earlier (page 47) but now w | Note that these three probabilities add up to 1, as of course is bound to be true in any situation when adding up the probabilities of all possible mutually exc | However, following what we just observed about the *total area* contained within pictures of probabilities, it is more useful to include the *proportions* of ti",TRUE
"traditional Statistics",NA,NA,5,"prose","There is a close analogy in the branch of traditional Statistics known as the Design of Experiments or Analysis of Variance (so if you're Stats-level 0 then you | If the conventional statistician, trained in this way, subsequently comes across a control chart—by far the most important tool for an analytic study—it is rath | Not a lot! Firstly, as you may know and unlike most techniques in traditional Statistics, control charts are specifically designed for what Deming referred to a",TRUE
"Understanding Statistical Process Control",NA,NA,5,"prose","During Day 3 you were introduced to the ancient but valuable study by Don Wheeler of ""A Japanese Control Chart"": it is examined in some detail in Part B of the  | WHEELER D J and CHAMBERS D S, *Understanding Statistical Process Control*. SPC Press, Knoxville, TN (1985, 3rd edition 2010). | Before considering the details, it would be useful to take a look at part of the rather famous hand-drawn *X̄-R* chart of which we have already seen something a",TRUE
"uniform distribution",NA,NA,5,"prose","For the results of the computer simulations shown here, I generated samples of various sizes from three continuous probability distributions. The first was one  | Firstly, I generated samples of size just *n* = 2 from a uniform distribution: here is the histogram of values of the ""standardised"" version of (i.e. the ""*Z*""  | The feature of the uniform distribution which really helps the Central Limit Theorem's effect to become clear so quickly is the fact that, like the normal distr",TRUE
"unique selling",NA,NA,5,"prose","### Unique selling feature | I think any business has to have a unique selling feature. In other words, what is it that this company does that the other companies won't do, or are unable to | We had a customer buying furniture a couple of Saturdays ago. She lived about 60 miles from our store. It was a very unusual situation. Her house had burned dow",TRUE
"unique selling feature",NA,NA,5,"prose","### Unique selling feature | I think any business has to have a unique selling feature. In other words, what is it that this company does that the other companies won't do, or are unable to | We had a customer buying furniture a couple of Saturdays ago. She lived about 60 miles from our store. It was a very unusual situation. Her house had burned dow",TRUE
"Upper Specification",NA,NA,5,"prose","We'll restrict attention for now to situations where specifications are provided, e.g. by the customer (internal or external)—or by the boss! That is, there is  | You may recall that the Ford histograms on page 5 showed the positions of Lower and Upper Specification Limits. Deming's disapproval of judging quality merely i | A horizontal number line marked with two vertical tick-marks: **LSL** (Lower Specification Limit) on the left and **USL** (Upper Specification Limit) on the rig",TRUE
"Vice President",NA,NA,5,"prose","Specifications can not tell the whole story. The supplier must know what the material is to be used for. If the supplier knows that the steel will be used for t | Let's consider a longer illustration. A senior manager in a company is taking a walk in the workshop and notices a puddle of oil on the floor underneath a machi | But at the end of one month it was discovered that the vouchers and the amount of petrol taken did not match up. This meant that some petrol was being taken ill",TRUE
"vigorous programme",NA,NA,5,"prose","**Institute a vigorous programme of education, and encourage self-improvement for everyone.** What an organisation needs is not just good people; it needs peopl | **POINT 13.** [Institute a vigorous programme of education, and encourage self-improvement for everyone.] *(Day 5 pages 14--15.)*",TRUE
"Washington DC",NA,NA,5,"prose","SCHERKENBACH W W, *The Deming Route to Quality and Productivity*. CEEPress Books, Washington DC (1986). | SHEWHART W A, *Economic Control of Quality of Manufactured Product*. Van Nostrand (1931); American Society for Quality Control (1980); CEEPress Books, Washingto | SHEWHART W A, *Statistical Method from the Viewpoint of Quality Control*. Graduate School of the Department of Agriculture, Washington DC (1939); Dover Publicat",TRUE
"way communication",NA,NA,5,"prose","**Encourage effective two-way communication and other means to drive out fear throughout the organisation** so that everybody may work effectively and more prod | **POINT 8.** [Encourage effective two-way communication and other means to drive out fear throughout the organisation.] *(Day 5 pages 4--5.)*",TRUE
"Western Electric Company",NA,NA,5,"prose","I have mentioned the 1920s several times during the Overture, and so you know what’s coming here. Yes: Dr Walter Shewhart at the Western Electric Company, and u | Just like many students these days, Mr Deming (as, of course, he still was at the time) had to “work his way through college”: he needed to find temporary jobs  | People in the Western Electric Company at that time were heavily involved in the development of telephone technology and related equipment. They were investing ",TRUE
"wise words",NA,NA,5,"prose","On , I include what I trust are some wise words on putting theory into practice. I advise doing things gradually rather than precipitously and I spend a little  | ### Wise Words from Dr Don Wheeler | There is one aspect of the *Japanese Control Chart* that I must advise you *not* to copy unless you already have really considerable knowledge and understanding",TRUE
"within limits",NA,NA,5,"prose","## Performing ""within limits"" | Long ago in your *12 Days to Deming* course you became familiar with the importance of a system or parts of a system or processes performing ""within limits""—it  | When a process is performing ""within limits"", it is essentially the *process* which is producing the results. But nevertheless, even when this is the case, peop",TRUE
