"term_en","fr_rendering","source","frequency","occurrence_types","contexts","decision_needed","approved_fr","decision","reviewer_notes"
"Dr Deming",,,387,"prose","You know that in 1985 I initially thought of Dr Deming as a statistician and a fine mathematician. Of course, I soon found out that he was much more than either | I venture to suggest that if just this one message coming from Dr Deming’s teaching were generally understood and appreciated then this world would be a better  | - I changed my mind for two reasons. The first is that eventually I had two excellent and patient teachers: Dr Deming and Dr Don Wheeler. Secondly, I found in p",TRUE,,,
"control limits",,,282,"prose","In the “Springboard” article just mentioned on , as indeed in much of my other writing, I have largely followed the guidance of Dr Donald J Wheeler by using som | - A very long while ago, I used to teach control-charting the “conventional” way, i.e. trying to interpret control limits in terms of probabilities, saying that | What do we see? All the data are contained between the Lower and Upper Control Limits (LCL and UCL). Even Ernie’s 3, just after the forthcoming performance appr",TRUE,,,
"funnel","expérience de l'entonnoir","Établi: Minitab FR, ""Démonstration de l'expérience de l'entonnoir de Deming"", https://support.minitab.com/fr-fr/minitab/macro-library/macro-files/educational-macros/funnel/ — ""L'entonnoir représente le système des causes communes""; J.-M. Gogue (AFED) emploie aussi ""l'expérience de l'entonnoir""",271,"prose|ui","As mentioned near the end of the “Welcome” section, this is the reference list of preparatory tasks recommended for you to carry out between the different days  | **Before Day 3.** The more important task here is to prepare for the Funnel Experiment: see [Day 2 pages 43–44](../days/day-02/09-postscript.qmd#sec-page43) and | This is a very common phenomenon (no pun intended!). Even when people get to understand the concept of common-cause variation, they almost always hopelessly und",FALSE,"expérience de l'entonnoir","translate",
"control chart",,,230,"prose","In the “Springboard” article just mentioned on , as indeed in much of my other writing, I have largely followed the guidance of Dr Donald J Wheeler by using som | In extract from *EST* on , I referred to the control chart (process behaviour chart) as being “a remarkable statistical technique which, to all intents and purp | But now let us return to the first paradox summarised on : the apparently strange matter of neither the all-important tool of the control chart nor its creator,",TRUE,,,
"control charts",,,217,"prose","In the “Springboard” article just mentioned on , as indeed in much of my other writing, I have largely followed the guidance of Dr Donald J Wheeler by using som | Another great value of Don’s work is that, whereas it used to be the case that control charts were generally considered to require small *samples* of data to be | In extract from *EST* on , I referred to the control chart (process behaviour chart) as being “a remarkable statistical technique which, to all intents and purp",TRUE,,,
"in-statistical-control","sous contrôle statistique","Établi dans la littérature francophone (Western Electric, ""Manuel du contrôle statistique de la qualité"", https://www.fr-deming.org/WECSQ.pdf; Shewhart trad. fr. ""Les fondements de la maîtrise de la qualité"", Economica, 1989). Variante: ""maîtrise statistique""",210,"prose|ui","In our context, and with our special interest in processes being in, or at least heading toward, statistical control, we might try to narrow the breadth of the  | > “Some of the earliest attempts to characterise a state of statistical control were inspired by the belief that there existed a special form of frequency funct | He was talking about the two obvious kinds of mistakes that can be made when analysing process data: i.e. concluding that a process is in statistical control wh",FALSE,"sous contrôle statistique","translate",
"red-beads","expérience des billes rouges","J.-M. Gogue, ""L'expérience des billes rouges"", Association Française Edwards Deming, https://www.fr-deming.org/Billesrouges.pdf — ""L'expérience des billes rouges est un atelier conçu par William Edwards Deming""",185,"prose","In extract from *EST* on [Day 1 page 6](../days/day-01/02-rediscovered.qmd#sec-page6), I referred to the control chart (process behaviour chart) as being “a rem | title: ""DAY 2 — RED BEADS, CONTROL LIMITS & DAVE KERR’S WRAP-UP"" | *(Return to [Day 2 page 7](../days/day-02/02-intro-to-the-red-beads-experiment.qmd#sec-page7) or continue on [Day 2 page 8](../days/day-02/02-intro-to-the-red-b",FALSE,"expérience des billes rouges","translate",
"system-of-profound-knowledge","Système de la Connaissance Approfondie","W. E. Deming, ""La connaissance approfondie"" (conf. Versailles, 6 juillet 1989), trad. Association Française Edwards Deming, https://www.fr-deming.org/WED_Versailles89.pdf — ""ce que je nomme la connaissance approfondie""",173,"prose|ui","I’ll prepare the ground by quoting *verbatim* from a magnificent presentation that Deming gave to an audience at the Palace of Versailles, France in 1989, trans | And, having got that far, we may as well complete the job! As we know, a large part of the ""Scientific Approach"" is based on the understanding of Shewhart's fou | But, since the links with the Joiner Triangle are not quite so all-embracing here as in the first two parts of the System of Profound Knowledge, I'll now make s",FALSE,"Système de la Connaissance Approfondie","translate",
"Dr Deming's",,,165,"prose","Since there is considerable discussion on the Funnel Experiment in *DemDim* Chapter 5 and also in both *Out of the Crisis* (pages 280–284 [327–332]) and *The Ne | This is leadership aimed at doing everything possible to genuinely improve the quality of what an organisation does and how it does it—as opposed to such preval | First, whereas training is very focused, ""education"" implies breadth—learning about other areas—and this often provides inspiration about what could be helpful ",TRUE,,,
"special-cause","causes spéciales","W. E. Deming, ""La connaissance approfondie"" (conf. Versailles, 6 juillet 1989), trad. Association Française Edwards Deming, https://www.fr-deming.org/WED_Versailles89.pdf — ""il provient réellement d'une cause spéciale""",133,"prose","> “So what shall we do? Anyone can set for himself a clean record from this hour henceforth on *one* of the two mistakes. But, if he does, he will achieve the m | Three quick notes here. Firstly, Deming’s use of the terms “common cause” and “special cause” will be described this afternoon. However, if you’d like to check  | This is a very common phenomenon (no pun intended!). Even when people get to understand the concept of common-cause variation, they almost always hopelessly und",FALSE,"causes spéciales","translate",
"Major Activity",,,125,"prose","**Before Day 6.** For some extra pages of printing for your convenience during Day 6’s Major Activity, etc: see . On this page there is also a reminder to prepa | **Before Day 8.** For some extra copies to aid you in Day 8’s Major Activity: see and . | **Before Day 9.** For just a little extra printing, mostly to aid you in Day 9’s Major Activity: see .",TRUE,,,
"fourteen-points","les 14 points de Deming","Association Française Edwards Deming, ""Les 14 Points de Deming"", https://www.fr-deming.org/les14.html (titre exact de la page); issus de Deming, ""Hors de la crise"", trad. J.-M. Gogue, Economica",110,"prose|ui","(1) In the event that you are having difficulties here, I believe that plenty of thoughts will come to you as we work through the 14 Points and the Deadly Disea | Secondly, the more general lesson to learn from the words ""the need for"" in Point 3 is as follows. Although it may be feasible to start work on adopting some of | Too often this is the story. The management of a company, seized with a desire to improve quality and productivity, knowing not how to go about it, having not g",FALSE,"les 14 points de Deming","translate",
"normal distribution",,,109,"prose","So the original readers, like Balaji, of the seventh article were already familiar with the previous six articles—whereas you, of course, are not. Alternatively | A useful start is a sentence from : [""If you are uncomfortable with the use of the concept of 'distribution' … , you can simply think in terms of a histogram ha | !Bell-shaped curve of the normal distribution",TRUE,,,
"seven-deadly-diseases","les sept maladies mortelles","J.-M. Gogue, ""Le management selon Deming"", https://www.fr-deming.org/afed-F60.pdf — ""maladies mortelles qui affectent, selon Deming, la plupart des entreprises""; Deming, ""Hors de la crise"", trad. J.-M. Gogue, Economica",100,"prose|ui","**Before [Day 6](../days/day-06/01-introduction.qmd).** For some extra pages of printing for your convenience during Day 6’s Major Activity, etc: see [Day 5 pag | (1) In the event that you are having difficulties here, I believe that plenty of thoughts will come to you as we work through the 14 Points and the Deadly Disea | Secondly, the more general lesson to learn from the words ""the need for"" in Point 3 is as follows. Although it may be feasible to start work on adopting some of",FALSE,"les sept maladies mortelles","translate",
"Day pages",,,94,"prose","On Days 2 and 3 and during parts of both of the projects, the emphasis was on understanding variation and why that is useful, and the role it plays in the impro | Seeing that you have already drawn the run charts for your Rules 3 and 4 data (Day 3 pages 51 and 55 respectively), in each case preceded by the relevant data), | Before considering the details, it would be useful to take a look at part of the rather famous hand-drawn *X̄-R* chart of which we have already seen something a",TRUE,,,
"each other",,,86,"prose","We also, very significantly, need to understand that *those four needs are **not independent** of each other*: indeed, the *interactions* between them are proba | All One Team means what it says. Many approaches to quality improvement involve formation of teams, maybe lots of them—but, as previously observed (during Point | All One Team includes development of personal relationships, learning to work together, learning to help each other for mutual benefit and the benefit of the co",TRUE,,,
"run chart",,,79,"prose","So and . Thus the control limits at and , confirming the obvious message from the run chart that the process is trending downward. | The run chart for Simulation A's Rule 3 surprised me. I imagine it may also surprise you, assuming you had lots of fun and used games with Rule 3. In other word | Rule 3's behaviour is clearly catastrophic—though did you suspect that such would be the case when (as recalled on the previous page) we may have initially rega",TRUE,,,
"Optional Extras",,,78,"prose","Finally, if and when you decide to venture into the **Optional Extras** but without printing that file, there are just two pages in both Parts A and B which you | Another great value of Don’s work is that, whereas it used to be the case that control charts were generally considered to require small *samples* of data to be | If, either now or subsequently, you wish to obtain more substantial help and guidance on constructing and interpreting control charts than is included in my Spr",TRUE,,,
"standard deviation",,,77,"prose","Actually, it's a little misleading to talk of *""the""* normal distribution: there's a whole *family* of normal distributions. In particular, the ""bell-shape"" can | That question was largely addressed in the ""How do we compute those control limits—and why?"" section beginning on Day 3 page 13. There we argued how moving rang | Also as previously, we are likely to be interested in some way of measuring the *variation* of the numbers in our subgroup. On Day 3 we became familiar with the",TRUE,,,
"0–5",,,76,"ui","./content/days/day-10/03-activity-10a.qmd | ./content/days/day-10/05-activity-10b.qmd | ./content/days/day-11/05-activity-11a.qmd",TRUE,,,
"Rating (0–5):",,,76,"ui","./content/days/day-10/03-activity-10a.qmd | ./content/days/day-10/05-activity-10b.qmd | ./content/days/day-11/05-activity-11a.qmd",TRUE,,,
"Your comments.",,,76,"ui","./content/days/day-10/03-activity-10a.qmd | ./content/days/day-10/05-activity-10b.qmd | ./content/days/day-11/05-activity-11a.qmd",TRUE,,,
"Scientific Approach",,,74,"prose","### Scientific Approach | A very strong emphasis on viewing an organisation as a system is obvious throughout the Attributes of a Leader. The relevance of the Scientific Approach to unde | This is a case where what relates to the other two corners of the Triangle is also immediately relevant here. Regarding All One Team: although quality depends i",TRUE,,,
"four day",,,73,"prose","And so I think we now have several reasons to explain the paradox being considered. Why isn’t the control chart in most introductory (or even later) Statistics  | Here is a selection of illustrations *suggested by delegates* in the earliest four-day seminars at which Dr Deming included the Funnel Experiment. As suggested, | A delegate at a four-day seminar ventured to quote the well-known saying: ""If you can't measure it, you can't manage it"". Deming's typically brief and pointed r",TRUE,,,
"Beads Experiment",,,72,"prose","In extract from *EST* on , I referred to the control chart (process behaviour chart) as being “a remarkable statistical technique which, to all intents and purp | But take a look back at Activity 1–e ( ) concerning the manager of the call-centre. What were your answers? The question there was in effect the same: how much  | Many years ago the late Dr Myron Tribus, a respected consultant and speaker, took around with him some randomly-generated data, displayed in a format somewhat s",TRUE,,,
"Red Beads Experiment",,,72,"prose","In extract from *EST* on , I referred to the control chart (process behaviour chart) as being “a remarkable statistical technique which, to all intents and purp | But take a look back at Activity 1–e ( ) concerning the manager of the call-centre. What were your answers? The question there was in effect the same: how much  | Many years ago the late Dr Myron Tribus, a respected consultant and speaker, took around with him some randomly-generated data, displayed in a format somewhat s",TRUE,,,
"Appendix page",,,68,"prose","If either you never got round to reading that material which begins on Appendix page 15, or it's been quite a while since you did so, I suggest you first read t | Obviously, I don't know how your data turned out, so I can't describe what you will or won't see. So it's over to you now to discover what happens. When you ret | Whereas Rule 3's short control charts did not give much warning of the horrors to come, Rule 4's short charts immediately show conclusive evidence of severe pro",TRUE,,,
"common-cause","causes communes","W. E. Deming, ""La connaissance approfondie"" (conf. Versailles, 6 juillet 1989), trad. Association Française Edwards Deming, https://www.fr-deming.org/WED_Versailles89.pdf — ""variations aléatoires dues à des causes communes""",66,"prose|ui","> “So what shall we do? Anyone can set for himself a clean record from this hour henceforth on *one* of the two mistakes. But, if he does, he will achieve the m | Three quick notes here. Firstly, Deming’s use of the terms “common cause” and “special cause” will be described this afternoon. However, if you’d like to check  | What do we see? All the data are contained between the Lower and Upper Control Limits (LCL and UCL). Even Ernie’s 3, just after the forthcoming performance appr",FALSE,"causes communes","translate",
"DemDim page",,,63,"prose","As we know, Points 1 and 5 and the first Deadly Disease are concerned with genuine, sustained and sustainable improvement, and that most certainly is what the D | Suppose we are studying a particular process. Let's assume we know of five factors that are likely to be affecting its performance. After observing the process  | These were the starting-points in the three cases. Then what? In the case of the young boy, he began to observe carefully and eventually came up with his initia",TRUE,,,
"joiner-triangle","","Aucune traduction française établie trouvée. Le ""Joiner triangle"" (Joiner Associates) n'apparaît pas avec un rendu normalisé dans la littérature Deming francophone. Rendu à décider (p. ex. ""triangle de Joiner"").",63,"prose","*(Return to [Day 4 page 4](../days/day-04/02-the-joiner-triangle.qmd#sec-page4).)* | *(Return to [Day 4 page 5](../days/day-04/02-the-joiner-triangle.qmd#sec-page5).)* | *(Return to [Day 4 page 10](../days/day-04/02-the-joiner-triangle.qmd#sec-page10) or continue on [Day 4 page 11](../days/day-04/02-the-joiner-triangle.qmd#sec-p",TRUE,,,
"New Economics",,,62,"prose","Since there is considerable discussion on the Funnel Experiment in *DemDim* Chapter 5 and also in both *Out of the Crisis* (pages 280–284 [327–332]) and *The Ne | DEMING W Edwards, *The New Economics for Industry, Government, Education*. Massachusetts Institute of Technology, Center for Advanced Engineering Study, Cambrid | MIT Press (*Out of the Crisis* and *The New Economics*):",TRUE,,,
"transformation","transformation","W. E. Deming, ""La connaissance approfondie"" (Versailles 1989), https://www.fr-deming.org/WED_Versailles89.pdf — ""cette transformation nous ramène à la motivation intrinsèque""; J.-M. Gogue, ""Le management selon Deming"", https://www.fr-deming.org/afed-F60.pdf — ""la transformation du Japon""",60,"prose|ui","> ""We come back to this hotel (the Copthorne Orchid in Penang) year after year, as do many more people from the four corners of the Earth. The hotel is old, run | ### 2. The supposition that solving problems, automation, gadgets, and new machinery will transform industry. | At the time of first hearing of ""six-sigma"" quality, one of my frequent battles had been (and continued to be) that of getting people to think seriously of impr",FALSE,"transformation","translate",
"DemDim Chapter",,,55,"prose","Practically, surely the most important conclusion of all is that, if improvement is desired (as it should surely be), it is the *system* within which the worker | Since there is considerable discussion on the Funnel Experiment in *DemDim* Chapter 5 and also in both *Out of the Crisis* (pages 280–284 [327–332]) and *The Ne | There is considerable wisdom in understanding the *limitations* of figures as a vital part of maturity in the Scientific Approach—or indeed of a statistician—bu",TRUE,,,
"long term",,,52,"prose","One important fact to learn and appreciate is how *large* common-cause variation (variation produced by the system) can be. With 20% of the beads being red, it  | Several further “profound messages” are to be found in the references provided earlier. But I shall content myself here with just one more. And this is (or shou | The almost automatic presumption that the long-term proportion of red beads obtained in the experiment must equal the proportion of red beads in the container i",TRUE,,,
"Second Project",,,52,"prose","As mentioned near the end of the “Welcome” section, this is the reference list of preparatory tasks recommended for you to carry out between the different days  | **Before Day 10.** For details of your preparation for the Second Project: see . | **Before Day 11.** For details of preparation for the second half of the Second Project: see .",TRUE,,,
"flow diagram",,,51,"prose","!Medical research organisation flow diagram | My main initial task was to help set up and supervise a company-wide training scheme, mostly on some of what are often referred to as the “old tools” or “seven  | The two diagrams shown on the next page, or close variants of them, will be seen again, particularly on Days 9 and 4 respectively. Their importance is indicated",TRUE,,,
"Gallery Furniture",,,49,"prose","Gallery Furniture: | Dr Deming touched many lives both directly and indirectly. One amongst those, as you know from Day 6, was James McIngvale of Gallery Furniture. I finished my se | As a relief from the possible gloom to do with diseases, obstacles, and the fact that many managers certainly do *not* regard the 14 Points as “Obligations”, on",TRUE,,,
"operational-definition","définition opérationnelle","W. E. Deming, ""La connaissance approfondie"" (Versailles 1989), https://www.fr-deming.org/WED_Versailles89.pdf — ""Les définitions opérationnelles donnent une signification communicable à un concept (voir le livre Hors de la Crise, chapitre 10)""; Deming, ""Hors de la crise"", trad. J.-M. Gogue, Economica",49,"prose|ui","> “So what shall we do? Anyone can set for himself a clean record from this hour henceforth on *one* of the two mistakes. But, if he does, he will achieve the m | Three quick notes here. Firstly, Deming’s use of the terms “common cause” and “special cause” will be described this afternoon. However, if you’d like to check  | Links to the Joiner Triangle are less direct in the case of Theory of Knowledge, but nonetheless they are still there. Consider my grouping of the issues into """,FALSE,"définition opérationnelle","translate",
"day seminars",,,48,"prose","And so I think we now have several reasons to explain the paradox being considered. Why isn’t the control chart in most introductory (or even later) Statistics  | Here is a selection of illustrations *suggested by delegates* in the earliest four-day seminars at which Dr Deming included the Funnel Experiment. As suggested, | The notion that people always need a ""reward"" for doing good things has become so deep-seated that Dr Deming occasionally fell into the same trap himself! He re",TRUE,,,
"four day seminars",,,48,"prose","And so I think we now have several reasons to explain the paradox being considered. Why isn’t the control chart in most introductory (or even later) Statistics  | Here is a selection of illustrations *suggested by delegates* in the earliest four-day seminars at which Dr Deming included the Funnel Experiment. As suggested, | The notion that people always need a ""reward"" for doing good things has become so deep-seated that Dr Deming occasionally fell into the same trap himself! He re",TRUE,,,
"moving ranges",,,48,"prose","As before, the moving ranges are printed in italics: | I'll move straight on to **Rule 4** since that's the one you have dealt with most recently. The clue as to what happens to the control limits here follows direc | **Rule 3**'s zig-zag effect is the complete opposite. (This is *negative* autocorrelation.) ""Zig-zag"" *means* up-down-up-down-up … : i.e. here the moving ranges",TRUE,,,
"theory-of-knowledge","Théorie de la connaissance","W. E. Deming, ""La connaissance approfondie"" (Versailles 1989), https://www.fr-deming.org/WED_Versailles89.pdf — titre de section ""La théorie de la connaissance""",47,"prose|ui","Links to the Joiner Triangle are less direct in the case of Theory of Knowledge, but nonetheless they are still there. Consider my grouping of the issues into "" | But, since the links with the Joiner Triangle are not quite so all-embracing here as in the first two parts of the System of Profound Knowledge, I'll now make s | A. [Appreciation for a system]{.deming_quote} B. [Some knowledge of theory of variation]{.deming_quote} C. [Theory of knowledge]{.deming_quote} D. [Knowledge of",FALSE,"Théorie de la connaissance","translate",
"four parts",,,45,"prose","I can give some personal answers to these questions which have considerable relevance to what follows. (The “bullets” here relate to the four parts of this Paus | Our Preludes here respectively contain some introductory thoughts and illustrations on each of those four parts: | Where are we now? We have just mentioned matters to do with psychology. ""Knowledge of Psychology"" is the fourth and final part of the System of Profound Knowled",TRUE,,,
"Central Line",,,44,"prose","Regarding the control limits, there are two influences with Rule 2 that will widen the gap between them. Firstly, there is the approximately 40% increase in var | !Control chart showing an in-control process whose distance from the Central Line to either Specification Limit is only about 4.5σ, short of six-sigma quality | The process appears to be in statistical control, but the distance from the Central Line to either Specification Limit is only around 4.5σ rather than the desir",TRUE,,,
"short term",,,44,"prose","There is now no zig-zags with Rule 4. Instead, Rule 4 usually just gently ""wanders around"" (mathematicians often refer to this as a ""random walk""). It may mostl | And Rule 4 is really dangerous. Remember its motivation is to reduce *short-term* variation—which it succeeds in doing. Thus often it really does appear to be e | I'll move straight on to **Rule 4** since that's the one you have dealt with most recently. The clue as to what happens to the control limits here follows direc",TRUE,,,
"psychology","Psychologie","W. E. Deming, ""La connaissance approfondie"" (Versailles 1989), https://www.fr-deming.org/WED_Versailles89.pdf — titre de section ""La connaissance de la psychologie""",42,"prose|r|ui","At the very start of the Psychology section, we observed a considerable concentration on system thinking, concerning interactions not only between people and ot | A. [Appreciation for a system]{.deming_quote} B. [Some knowledge of theory of variation]{.deming_quote} C. [Theory of knowledge]{.deming_quote} D. [Knowledge of | Where are we now? We have just mentioned matters to do with psychology. ""Knowledge of Psychology"" is the fourth and final part of the System of Profound Knowled",FALSE,"Psychologie","translate",
"six sigma",,,42,"prose","Part E of the Optional Extras: ""Is There *Anything* Normal about Control Charts?"" is effectively a rewrite of the sixth of those short articles. That article wa | But beware! If you read Part E of the Optional Extras you will find me referring on page 60 to the famous British statistician, the late Professor George Box, s | Finally in this preamble to my revision of the seventh *SPC—Back to the Future* article, ""six-sigma"" quality is involved with judging quality in terms of confor",TRUE,,,
"Stats level",,,42,"prose","There is a close analogy in the branch of traditional Statistics known as the Design of Experiments or Analysis of Variance (so if you're Stats-level 0 then you | Now of course, in a sense, part of this discussion has become academic: in practice, when either Rule 3 or 4 behaviour starts to become at all extreme then it w | So how can I guide you through these various possibilities? I’m going to ask you to choose which of four “Stats-levels” you feel is most suitable for you. Stats",TRUE,,,
"understanding variation",,,41,"prose","If, either now or subsequently, you wish to obtain more substantial help and guidance on constructing and interpreting control charts than is included in my Spr | The subject of Statistics has largely been developed by mathematicians: indeed it is sometimes regarded simply (and wrongly) as merely a branch of Mathematics.  | Mathematics has, of course, contributed greatly to the development of Statistics. And, reflecting our interpretation of “Statistics” as “understanding variation",TRUE,,,
"read through",,,40,"prose","As mentioned in the main text, if you'd like to examine the actual control charts discussed here, take some ""time out"" to read through Part A of the Optional Ex | This Activity reminds me of an e-mail I received from my friend Dave Young after he had read through parts of this course while on holiday early in 2015 (there  | If either you never got round to reading that material which begins on Appendix page 15, or it's been quite a while since you did so, I suggest you first read t",TRUE,,,
"Type your comments here.",,,40,"ui","./content/days/day-01/07-quality-theory.qmd | ./content/days/day-01/08-attraction.qmd | ./content/days/day-02/01-run-charts.qmd",TRUE,,,
"Day page",,,39,"prose","Dr Deming touched many lives both directly and indirectly. One amongst those, as you know from Day 6, was James McIngvale of Gallery Furniture. I finished my se | After writing so much on what can and does go wrong, let's return to the System of Profound Knowledge. In case you might find it helpful, I would like to give y | In 1936, when he was in England studying the theory of statistics with Sir Ronald Fisher at London's University College, he befriended a very famous Indian stat",TRUE,,,
"Technical Aid",,,38,"prose|ui","## Technical Aid 4 | Now of course, in a sense, part of this discussion has become academic: in practice, when either Rule 3 or 4 behaviour starts to become at all extreme then it w | So, what are those ""various possibilities"" of what you might do next? The most challenging approach would be to throw you in at the deep end and simply suggest ",TRUE,,,
"Let me",,,37,"prose","Finally, let me bring together a few of the important illustrations we have described. First, the salesman who lied was in all probability selling more than cou | Let me tell you about a fancy-dress festival organised as part of a school gathering at a famous school in Pune. All the children came dressed in the most ridic | Let me relate a sad experience I had whilst visiting a very famous company in Pune. I came across a poster on the shop-floor which supposedly described KAIZEN. ",TRUE,,,
"loss function",,,37,"prose","There is obviously something wrong when a measured characteristic barely inside a specification is declared to be conforming; outside it is declared to be nonco | [""A better description of the world is the Taguchi loss function""] said Deming on *Out of the Crisis* page 120 *[141]*. What's that when it's at home?! Basicall | Years later, when I first came across the Taguchi Loss Function (studied on Day 7), I found rather more justification for concentrating on the variance than pur",TRUE,,,
"my own",,,37,"prose","In order to aid my own learning from the Funnel Experiment, I wrote a computer simulation of the whole of this Major Activity, including fixing the first five d | In the post-match conference, he was asked what was going on in his mind at the instant just described. His answer was simple: ""I was too focused on trying to b | After writing so much on what can and does go wrong, let's return to the System of Profound Knowledge. In case you might find it helpful, I would like to give y",TRUE,,,
"performance appraisal",,,37,"prose","What do we see? All the data are contained between the Lower and Upper Control Limits (LCL and UCL). Even Ernie’s 3, just after the forthcoming performance appr | As covered in my discussion, the whole concept of judgmental performance appraisal flies in the face of the fundamental understanding of variation: where does m | On , I include what I trust are some wise words on putting theory into practice. I advise doing things gradually rather than precipitously and I spend a little ",TRUE,,,
"times tfrac",,,37,"prose","$$ \bar = 0 \times \tfrac + 1 \times \tfrac + 2 \times \tfrac \quad\text \quad \bar = 0 \times \tfrac + 1 \times \tfrac + 2 \times \tfrac . $$ | $$ \bar = 0 \times \tfrac + 1 \times \tfrac + 2 \times \tfrac . $$ | $$ \begin \bar &= 0 \times \tfrac + 1 \times \tfrac + 2 \times \tfrac = 0.800, \\ \bar &= 0 \times \tfrac + 1 \times \tfrac + 2 \times \tfrac = 0.930, \\ \bar &",TRUE,,,
"difference between",,,36,"prose","Several further “profound messages” are to be found in the references provided earlier. But I shall content myself here with just one more. And this is (or shou | The run chart for Simulation A's Rule 3 surprised me. I imagine it may also surprise you, assuming you had lots of fun and used games with Rule 3. In other word | (2) Control limits inform us about the extent of variation being produced by the system. It follows that *where* a result lies between those limits—relatively h",TRUE,,,
"Commentary",,,35,"ui","./content/days/day-01/07-quality-theory.qmd | ./content/days/day-02/01-run-charts.qmd | ./content/days/day-02/02-intro-to-the-red-beads-experiment.qmd",TRUE,,,
"continual improvement",,,35,"prose","| Worker | Remark | |---|---| | Audrey’s 16 | “What a terrible start. But you’ve only just been trained—weren’t you watching?” | | John’s 9 | “That’s better.” | | You might possibly regard the first issue as somewhat ""quirky"", but some people are puzzled by it. Both phrases ""continuous improvement"" and ""continual improvem | I was delighted when, several years ago, I first heard the phrase ""six-sigma quality"", made famous through the quality programme bearing that name at Motorola, ",TRUE,,,
"cause variation",,,34,"prose","### Common-cause variation is much larger than expected | One important fact to learn and appreciate is how *large* common-cause variation (variation produced by the system) can be. With 20% of the beads being red, it  | This is a very common phenomenon (no pun intended!). Even when people get to understand the concept of common-cause variation, they almost always hopelessly und",TRUE,,,
"Edwards Deming",,,34,"prose","KILIAN Cecelia S, *The World of W Edwards Deming*. SPC Press, Knoxville, TN (2nd edition 1992). | WEDI (The W Edwards Deming Institute) (USA): | After Japan faced the repeated wrath of the tsunamis and earthquakes in 2011, they managed to resurrect themselves remarkably quickly. A note was sent from the ",TRUE,,,
"top management",,,33,"prose","## Point 14. Top management commitment and action *( )* | Recall the emphasis on *innovation* in the discussion of Point 1 in *Out of the Crisis*. There (on page 24*[25]* of his book) Dr Deming states unambiguously tha | Improvement of quality and productivity, to be successful in any company, must be a learning process, year by year, top management leading the whole company.",TRUE,,,
"Crisis page",,,32,"prose","Practically, surely the most important conclusion of all is that, if improvement is desired (as it should surely be), it is the *system* within which the worker | Several further “profound messages” are to be found in the references provided earlier. But I shall content myself here with just one more. And this is (or shou | Fear increases variation in so many obvious ways. People or groups ""doing their own thing"" for personal survival clearly increases variation. Another frequent o",TRUE,,,
"Deming's teaching",,,32,"prose","But instead, let's go more directly to the Points and Deadly Diseases. In Part D you will have seen strong emphasis on matters such as dignity, self-esteem, res | Dr Deming touched many lives both directly and indirectly. One amongst those, as you know from Day 6, was James McIngvale of Gallery Furniture. I finished my se | Along with all of this knowledge, we have seen something of how the Japanese not only learned from, but also *interpreted* and *applied*, Deming's teaching. The",TRUE,,,
"conventional Statistics",,,31,"prose","And there’s the difficulty. What kind of “terms and conditions” could possibly be specified that would apply in practice to data from processes of all the kinds | This article that Balaji Reddie has been very keen for me to show you (see his ""Contributions"" page 33) was the seventh in a series of eight short articles that | So the original readers, like Balaji, of the seventh article were already familiar with the previous six articles—whereas you, of course, are not. Alternatively",TRUE,,,
"First Project",,,31,"prose","As already observed, there cannot be much that was written earlier under ""All One Team"" that does not identify directly here with [""work together""] . We have al | The style of what I have to say here is much the same as for Activity 10–a. In this case, the eye is most immediately drawn to the ""Scientific Approach"" corner  | Yet again, this pattern is quite well-reflected in what happens during this course. For example, there is often some discussion on the various requests for acti",TRUE,,,
"next page",,,31,"prose","One important fact to learn and appreciate is how *large* common-cause variation (variation produced by the system) can be. With 20% of the beads being red, it  | I was delighted when, several years ago, I first heard the phrase ""six-sigma quality"", made famous through the quality programme bearing that name at Motorola,  | So, as we shall see on the next page, in *The New Economics* Dr Deming said that our need is to [""restore the individual, and do so in the complexities of inter",TRUE,,,
"Taguchi loss",,,31,"prose","There is obviously something wrong when a measured characteristic barely inside a specification is declared to be conforming; outside it is declared to be nonco | [""A better description of the world is the Taguchi loss function""] said Deming on *Out of the Crisis* page 120 *[141]*. What's that when it's at home?! Basicall | Actually, if you want to measure ""quality"", a little mathematics shows that Taguchi's study of ""loss"" leads to a very neat criterion. (For those who are interes",TRUE,,,
"Willing Workers",,,31,"prose","What do we see? All the data are contained between the Lower and Upper Control Limits (LCL and UCL). Even Ernie’s 3, just after the forthcoming performance appr | That is not what the Foreman thought—he thought it was *all* due to the Willing Workers! | Practically, surely the most important conclusion of all is that, if improvement is desired (as it should surely be), it is the *system* within which the worker",TRUE,,,
"six-processes","","Aucune traduction française établie trouvée dans la littérature Deming francophone pour ""Six Processes"" en tant que cadre nommé. (Gogue emploie ""étude des processus"" pour un concept distinct, https://www.fr-deming.org/afed-F60.pdf.) Rendu à décider.",30,"prose","**Before Day 3.** The more important task here is to prepare for the Funnel Experiment: see [Day 2 pages 43–44](../days/day-02/09-postscript.qmd#sec-page43) and | Apart from the feature of possibly wandering off to relatively enormous distances from wherever it starts, there is another aspect of Rule 4 which is often seen | So, in both cases, compute the positions of the Central Line and control limits from the data over your chosen baseline and draw them in on your run chart. Now,",TRUE,,,
"probability distribution",,,29,"prose","No probabilities, no fancy theory, no assumptions about any particular probability distribution, etc—*experience*! Shewhart carried out a lot of experimentation | - Summarising ""raw data"" through pictures such as histograms and the calculation of ""sample statistics"" such as the sample mean *X̄* and the sample standard dev | Portrayal of the probabilities of all possible individual outcomes in the situation being considered, either as a picture like that on page 38 or just the numbe",TRUE,,,
"normally distributed",,,28,"prose","And there’s the difficulty. What kind of “terms and conditions” could possibly be specified that would apply in practice to data from processes of all the kinds | - A very long while ago, I used to teach control-charting the “conventional” way, i.e. trying to interpret control limits in terms of probabilities, saying that | Nevertheless, the normal distribution has such appealing mathematical properties for the conventional statistician that I need to tell you a little more about i",TRUE,,,
"process limits",,,28,"prose","In the “Springboard” article just mentioned on , as indeed in much of my other writing, I have largely followed the guidance of Dr Donald J Wheeler by using som | The final section of Prelude A was: ""Performing 'within limits'"". The study of whether a process is or is not performing within its limits, and what that implie | It is when processes are *only* being affected by such inherent causes that they fluctuate between their natural process limits. We say that processes are ""norm",TRUE,,,
"work through",,,28,"prose","(1) In the event that you are having difficulties here, I believe that plenty of thoughts will come to you as we work through the 14 Points and the Deadly Disea | If you decided to work through the crash-course (Part D) then it may be quite a while since you read Part C. I shall therefore start by reproducing the final se | *How* can a control chart tell you what you need to know? That’s where you encounter the snag about skipping parts of the main text in the morning of Day 3. For",TRUE,,,
"zig zag",,,28,"prose","**Rule 3**'s zig-zag effect is the complete opposite. (This is *negative* autocorrelation.) ""Zig-zag"" *means* up-down-up-down-up … : i.e. here the moving ranges | Regarding the control limits, there are two influences with Rule 2 that will widen the gap between them. Firstly, there is the approximately 40% increase in var | ### Rules 2 and/or 3 (""zig-zag"")",TRUE,,,
"Control Limit",,,27,"prose","What do we see? All the data are contained between the Lower and Upper Control Limits (LCL and UCL). Even Ernie’s 3, just after the forthcoming performance appr | Again let's look first at the short control charts of the two simulations. The second one does not appear to have anything much to tell us, but I suggest the fi | !First long Rule 2 control chart: persistent zig-zag pattern throughout all 50 points, with the run line never approaching either control limit — the hugging-th",TRUE,,,
"day seminar",,,27,"prose","A delegate at a four-day seminar ventured to quote the well-known saying: ""If you can't measure it, you can't manage it"". Deming's typically brief and pointed r | My first direct contact with Dr Deming came in 1985, and in a wholly unexpected and very privileged fashion. In the Spring of that year, out of the blue I recei | The London four-day seminars became an annual event from 1985 to 1991 inclusive, and I had the same privilege of working with Dr Deming as his assistant at all ",TRUE,,,
"time data",,,27,"prose","Another great value of Don’s work is that, whereas it used to be the case that control charts were generally considered to require small *samples* of data to be | In extract from *EST* on , I referred to the control chart (process behaviour chart) as being “a remarkable statistical technique which, to all intents and purp | - Introduction - Part A: Using control charts on Funnel Experiment data — an extension of Major Activity 3–h 1. Introduction 2. Rules 1 and 2 of the Funnel *(**",TRUE,,,
"Central Limit",,,26,"prose","- A very long while ago, I used to teach control-charting the “conventional” way, i.e. trying to interpret control limits in terms of probabilities, saying that | - Introduction - Part A: Using control charts on Funnel Experiment data — an extension of Major Activity 3–h 1. Introduction 2. Rules 1 and 2 of the Funnel *(** | For example, the ""conventional"" student has been taught that both the theory and ""validity"" of control charts depend upon traditional Mathematical Statistical f",TRUE,,,
"Deming philosophy",,,26,"prose","My acquaintance was, in fact, also now a member of staff in another part of the same university. This was around the time that British universities were first b | > And for the third time, here I have quoted all that Dr Deming wrote for a particular Obstacle. > > This Obstacle struck a loud chord for me. In my very early  | That note was written by Dr Deming's elder daughter, Diana. One of the most distinguishing features of the Deming philosophy is the understanding of the pros an",TRUE,,,
"other hand",,,26,"prose","However, a few months later, these same people started complaining of low energy levels and low resistance to diseases. The research laboratories went into over | On the other hand, probably all the figures reported at monthly management meetings are from what I call ""man-made"" processes. Obviously, they are reported at t | Mixing up the two situations is dangerous—and very easy to do if you are not using process limits. ""Gut feel"" is not very reliable. Trying to find and eliminate",TRUE,,,
"work together",,,26,"prose","This is a case where what relates to the other two corners of the Triangle is also immediately relevant here. Regarding All One Team: although quality depends i | Another drawback of traditional ""education"" is its concentration on *individual* learning and either the sense or indeed the accusation of ""cheating"" if student | All One Team includes development of personal relationships, learning to work together, learning to help each other for mutual benefit and the benefit of the co",TRUE,,,
"years ago",,,26,"prose","In the “Springboard” article just mentioned on , as indeed in much of my other writing, I have largely followed the guidance of Dr Donald J Wheeler by using som | > “So what shall we do? Anyone can set for himself a clean record from this hour henceforth on *one* of the two mistakes. But, if he does, he will achieve the m | Many years ago the late Dr Myron Tribus, a respected consultant and speaker, took around with him some randomly-generated data, displayed in a format somewhat s",TRUE,,,
"Central Limit Theorem",,,25,"prose","- A very long while ago, I used to teach control-charting the “conventional” way, i.e. trying to interpret control limits in terms of probabilities, saying that | - Introduction - Part A: Using control charts on Funnel Experiment data — an extension of Major Activity 3–h 1. Introduction 2. Rules 1 and 2 of the Funnel *(** | For example, the ""conventional"" student has been taught that both the theory and ""validity"" of control charts depend upon traditional Mathematical Statistical f",TRUE,,,
"four day seminar",,,25,"prose","A delegate at a four-day seminar ventured to quote the well-known saying: ""If you can't measure it, you can't manage it"". Deming's typically brief and pointed r | My first direct contact with Dr Deming came in 1985, and in a wholly unexpected and very privileged fashion. In the Spring of that year, out of the blue I recei | The London four-day seminars became an annual event from 1985 to 1991 inclusive, and I had the same privilege of working with Dr Deming as his assistant at all ",TRUE,,,
"Limit Theorem",,,25,"prose","- A very long while ago, I used to teach control-charting the “conventional” way, i.e. trying to interpret control limits in terms of probabilities, saying that | - Introduction - Part A: Using control charts on Funnel Experiment data — an extension of Major Activity 3–h 1. Introduction 2. Rules 1 and 2 of the Funnel *(** | For example, the ""conventional"" student has been taught that both the theory and ""validity"" of control charts depend upon traditional Mathematical Statistical f",TRUE,,,
"main text",,,25,"prose","I am tackling the first paradox here rather than in the main text because I do need to refer to matters covered in the usual kind of Statistics courses. If you  | As mentioned in the main text, if you'd like to examine the actual control charts discussed here, take some ""time out"" to read through Part A of the Optional Ex | A couple of issues are discussed here which arise from the wording of Points 1 and 3: there was insufficient space to deal with these in the main text.",TRUE,,,
"pdsa-cycle","PDSA","Contesté. Deming désavoue ""PDCA""/""roue de Deming"" et préfère ""cycle de Shewhart"" / PDSA (J.-M. Gogue, ""PDCA : méfiez-vous des imitations"", https://www.fr-deming.org/afed-F54.pdf; Roue de Deming — Wikipédia FR, https://fr.wikipedia.org/wiki/Roue_de_Deming). Aucune traduction FR normalisée du sigle PDSA (Plan-Do-Study-Act); ""Planifier-Développer-Étudier-Agir"" non confirmée.",25,"prose","## PDSA cycle (Plan-Do-Study-Act) {#pdsa-cycle} | An iterative improvement cycle: Plan, Do, Study, Act. Deming preferred ""Study"" over the simpler ""Check"" because the third step is where the real learning takes  | [First defined in context: Day 1, ""The Deming story""](../days/day-01/11-deming-story.qmd#pdsa-cycle).",TRUE,,,
"Taguchi loss function",,,25,"prose","There is obviously something wrong when a measured characteristic barely inside a specification is declared to be conforming; outside it is declared to be nonco | [""A better description of the world is the Taguchi loss function""] said Deming on *Out of the Crisis* page 120 *[141]*. What's that when it's at home?! Basicall | Years later, when I first came across the Taguchi Loss Function (studied on Day 7), I found rather more justification for concentrating on the variance than pur",TRUE,,,
"conventional statistician",,,24,"prose","Nevertheless, the normal distribution has such appealing mathematical properties for the conventional statistician that I need to tell you a little more about i | So, whether or not you have a background in conventional Statistics, there you have many clues as to why much of the remaining content has been included within  | Assuming you do not have much or any background in conventional Statistics, this section will (like the first section) contain some words, terms and phrases wit",TRUE,,,
"moving range",,,24,"prose","The moving ranges add up to 18. There are nine of them and so the average moving range is = 18 ÷ 9 = 2 minutes. Then, if you recall, we compute the distance on  | But, with our knowledge of what Rule 2 is, isn't that precisely what we would expect? Rule 2's compensation mechanism virtually ensures that particularly high v | That question was largely addressed in the ""How do we compute those control limits—and why?"" section beginning on Day 3 page 13. There we argued how moving rang",TRUE,,,
"organisation chart",,,24,"prose","> ""It all goes back to understanding a system. And that is the way I taught the Japanese top management in 1950. The aim of the system. Draw a flow diagram: wha | An organisation chart! How the organisation should be organised! As opposed to what? Well, I think you may agree that there is some rather neat implicit teachin | So what? One way of answering that question is to relate something further that I learned from Peter Scholtes; and (not by coincidence, I suggest) this is ""up-f",TRUE,,,
"random variables",,,24,"prose","A straightforward yet vital property of expected values is that they are *additive*. If we express this property in terms of ""long-term averages"" you will soon  | But what about the expected value of the *product* of two random variables? (""Product"" is the jargon for *multiplying* two or more things together.) So is equal | But back to the original question: is the expected value of the product of two (or more) random variables equal to the product of their individual expected valu",TRUE,,,
"See Appendix",,,24,"prose","(For brief discussion see Appendix page 6.) | *(For brief but very important discussion, see Appendix page 7 one more time.)* | (For discussion see Appendix page 14.)",TRUE,,,
"true stories",,,24,"prose","## Two true stories | Let's look at a couple of true stories to illustrate these important matters. | Hopefully encouraged by that story, we return on Day 7 to many of the problematic matters that are raised in the 14 Points, etc. Day 7 includes numerous true st",TRUE,,,
"my seminars",,,23,"prose","But the links are stronger still. In one of my seminars I often used a slide which simply shows the Joiner Triangle with two words inscribed in the middle: ""Red | During Day 3 you were introduced to the ancient but valuable study by Don Wheeler of ""A Japanese Control Chart"": it is examined in some detail in Part B of the  | > ""When introducing control charts (for one-at-a-time data) to delegates at my seminars, reactions were usually very positive, even from those who started out b",TRUE,,,
"probability distributions",,,23,"prose","My great friend Don Wheeler (from whom I've learned so much over the years) told me about a family of probability distributions that was studied by Irving W Bur | - Introduction - Part A: Using control charts on Funnel Experiment data — an extension of Major Activity 3–h 1. Introduction 2. Rules 1 and 2 of the Funnel *(** | - Summarising ""raw data"" through pictures such as histograms and the calculation of ""sample statistics"" such as the sample mean *X̄* and the sample standard dev",TRUE,,,
"random variable",,,23,"prose","In Statistics books and courses you will often see the term ""random variable"", and I shall also use this term from time to time later in this material. A ""rando | However, before moving on to that section, let's get into just a little detail about probabilities when we have a normal distribution. So far we have establishe | On the next page there are the same three ""graphs of the normal curve"" as above but now with some ""proportions of area thereunder"" inserted. So, as an example, ",TRUE,,,
"Your notes on this item.",,,23,"ui","./content/days/day-10/02-appreciation-for-a-system.qmd | ./content/days/day-10/04-theory-of-variation.qmd | ./content/days/day-11/02-theory-of-knowledge-prediction.qmd",TRUE,,,
"crash course",,,22,"prose","This article that Balaji Reddie has been very keen for me to show you (see his ""Contributions"" page 33) was the seventh in a series of eight short articles that | So the original readers, like Balaji, of the seventh article were already familiar with the previous six articles—whereas you, of course, are not. Alternatively | - Introduction - Part A: Using control charts on Funnel Experiment data — an extension of Major Activity 3–h 1. Introduction 2. Rules 1 and 2 of the Funnel *(**",TRUE,,,
"Deming Dimension",,,22,"prose","NEAVE, H R, *The Deming Dimension*. SPC Press, Knoxville, TN (1990). | Also in America, SPC Press Inc ( ), who published my book *The Deming Dimension* in 1990 (see pages 12–13 in the Welcome section of file A. PLEASE START HERE),  | ## The Deming Dimension",TRUE,,,
"run charts",,,22,"prose","**Rule 2** is yet another matter. Unusually, this overcompensation problem is often quite difficult to recognise by comparing run charts alone. There is some te | If you are intending to study Part A: ""Using Control Charts on Funnel Experiment data"" then on pages 6 and 7 you will need to draw run-charts and then control c | As you'll recall, in Major Activity 3–h you summarised your data from Rules 1 and 2 of the Funnel on histograms and your data from Rules 3 and 4 on run charts. ",TRUE,,,
"sigma quality",,,22,"prose","Part E of the Optional Extras: ""Is There *Anything* Normal about Control Charts?"" is effectively a rewrite of the sixth of those short articles. That article wa | But beware! If you read Part E of the Optional Extras you will find me referring on page 60 to the famous British statistician, the late Professor George Box, s | Finally in this preamble to my revision of the seventh *SPC—Back to the Future* article, ""six-sigma"" quality is involved with judging quality in terms of confor",TRUE,,,
"appreciation-for-a-system","Appréciation d'un système","W. E. Deming, ""La connaissance approfondie"" (Versailles 1989), https://www.fr-deming.org/WED_Versailles89.pdf (partie sur l'appréciation du système); rendu confirmé par la littérature AFED francophone",21,"prose|ui","A. [Appreciation for a system]{.deming_quote} B. [Some knowledge of theory of variation]{.deming_quote} C. [Theory of knowledge]{.deming_quote} D. [Knowledge of | ### Appreciation for a System | Deming's attempt to summarise the essence of his whole life's work. It comprises four major parts — Appreciation for a System, Theory of Variation, Theory of Kn",FALSE,"Appréciation d'un système","translate",
"Deming's work",,,21,"prose","There are a lot of efforts now being carried out to teach Dr Deming's work in schools and colleges here in our country. One such school exists in Lucknow: the V | Let's begin at the beginning. As I introduced the experiment, I made no secret of Dr Deming's description of it as ""stupidly simple"" —indeed, I even gave delega | I'll start by telling you of something extremely basic that puzzled me in the 1980s when I was just beginning to learn about Dr Deming's work. It was a basic ma",TRUE,,,
"intrinsic motivation",,,21,"prose","But instead, let's go more directly to the Points and Deadly Diseases. In Part D you will have seen strong emphasis on matters such as dignity, self-esteem, res | Nevertheless, it could well be possible to see strong links between just this one aspect of Part D (let alone all the rest of it) and the need to adopt all the  | One of the most important reasons that the Japanese became so successful was that they did understand this. They focused on putting the right people in the righ",TRUE,,,
"long ago",,,21,"prose","During Day 3 you were introduced to the ancient but valuable study by Don Wheeler of ""A Japanese Control Chart"": it is examined in some detail in Part B of the  | This was documented by a very famous quantum physicist named Dr Fritjof Capra. He wrote extensively about this in his 2002 book: *The Hidden Connections*. There | Long ago in your *12 Days to Deming* course you became familiar with the importance of a system or parts of a system or processes performing ""within limits""—it ",TRUE,,,
"Peter Scholtes's",,,21,"prose","After writing so much on what can and does go wrong, let's return to the System of Profound Knowledge. In case you might find it helpful, I would like to give y | I liked it! Three succinctly-expressed major foundations of Dr Deming's work, and displayed in a simple diagrammatical form which also clearly broadcasts the me | It may be wise at this stage for me to remind you of my warning at the bottom of Appendix page 23 (see also my ""Obsession With Quality"" comment on about the dan",TRUE,,,
"Quality Control",,,21,"prose","In our context, and with our special interest in processes being in, or at least heading toward, statistical control, we might try to narrow the breadth of the  | ### 8. ""Our Quality Control Department takes care of all our problems of quality."" | Unfortunately, Quality Control Departments have taken the job of quality away from the people that can contribute most to quality—management, supervisors, manag",TRUE,,,
"six sigma quality",,,21,"prose","Part E of the Optional Extras: ""Is There *Anything* Normal about Control Charts?"" is effectively a rewrite of the sixth of those short articles. That article wa | But beware! If you read Part E of the Optional Extras you will find me referring on page 60 to the famous British statistician, the late Professor George Box, s | Finally in this preamble to my revision of the seventh *SPC—Back to the Future* article, ""six-sigma"" quality is involved with judging quality in terms of confor",TRUE,,,
"SPC Press",,,21,"prose","During Day 3 you were introduced to the ancient but valuable study by Don Wheeler of ""A Japanese Control Chart"": it is examined in some detail in Part B of the  | KILIAN Cecelia S, *The World of W Edwards Deming*. SPC Press, Knoxville, TN (2nd edition 1992). | NEAVE, H R, *The Deming Dimension*. SPC Press, Knoxville, TN (1990).",TRUE,,,
"theory-of-variation","Connaissance de la variation","W. E. Deming, ""La connaissance approfondie"" (Versailles 1989), https://www.fr-deming.org/WED_Versailles89.pdf — ""La connaissance des variations""; ""connaissance pour l'étude des variations"". Variante établie: ""théorie des variations"" (Techniques de l'Ingénieur, ""Découvrir Deming, la théorie des variations"").",21,"prose|ui","But the links are stronger still. In one of my seminars I often used a slide which simply shows the Joiner Triangle with two words inscribed in the middle: ""Red | A. [Appreciation for a system]{.deming_quote} B. [Some knowledge of theory of variation]{.deming_quote} C. [Theory of knowledge]{.deming_quote} D. [Knowledge of | ### Some Knowledge of Theory of Variation",FALSE,"Connaissance de la variation","translate",
"well known",,,21,"prose","In extract from *EST* on , I referred to the control chart (process behaviour chart) as being “a remarkable statistical technique which, to all intents and purp | A delegate at a four-day seminar ventured to quote the well-known saying: ""If you can't measure it, you can't manage it"". Deming's typically brief and pointed r | I would like to give you some background concerning four such well-known initiatives in order to indicate what can go wrong if they are attempted without Deming",TRUE,,,
"binomial distribution",,,20,"prose","- Introduction - Part A: Using control charts on Funnel Experiment data — an extension of Major Activity 3–h 1. Introduction 2. Rules 1 and 2 of the Funnel *(** | ## Probability distributions, particularly the binomial distribution | is a simple example of an important type of probability distribution known as the *binomial* distribution. Some other types of probability distributions are oft",TRUE,,,
"left hand",,,20,"prose","So, in both cases, compute the positions of the Central Line and control limits from the data over your chosen baseline and draw them in on your run chart. Now, | - a random variable has a 95% probability (coloured yellow) of lying within 1.96 standard deviations of its mean μ, 2.5% probability (left-hand tail coloured re | If you are following my timing guidance, the difference between Stats-level 0 (including 00, of course) and the rest creates a small problem: on both Days 2 and",TRUE,,,
"little time",,,20,"prose","On , I include what I trust are some wise words on putting theory into practice. I advise doing things gradually rather than precipitously and I spend a little  | There was another possibility. I also have a motorcycle. I don't often use it to get me to work, since it's more stressful—both to me and to the car-drivers as  | This Overture performs a similar function. It does indeed expose you to an initial ""feel"" of what is to follow, of both the nature and some of the content of th",TRUE,,,
"New Climate",,,20,"prose","On Days 2 and 3, the Major Activities will mainly be matters of time rather than requiring a great deal of deep thought. But, after Day 3, the Major Activities  | We shall cover these three emphases on Day 8 (see also *DemDim* Part 3: “The New Climate”). | ## The 1980s (second half): A new climate",TRUE,,,
"previous page",,,20,"prose","No probabilities, no fancy theory, no assumptions about any particular probability distribution, etc—*experience*! Shewhart carried out a lot of experimentation | Rule 3's behaviour is clearly catastrophic—though did you suspect that such would be the case when (as recalled on the previous page) we may have initially rega | We tend to react to things as they appear before our eyes, in the here and now (rather similarly to drawing that tree, as described on the previous page). But s",TRUE,,,
"sample size",,,20,"prose","- Summarising ""raw data"" through pictures such as histograms and the calculation of ""sample statistics"" such as the sample mean *X̄* and the sample standard dev | Notice how, with sample size , the picture is noticeably different from the picture of probabilities on the previous page but that, by the time we reach , the s | The above link between probability distributions and histograms immediately raises the idea of a *probability distribution* having its own *mean* and *standard ",TRUE,,,
"See Appendix page",,,20,"prose","(For brief discussion see Appendix page 6.) | *(For brief but very important discussion, see Appendix page 7 one more time.)* | (For discussion see Appendix page 14.)",TRUE,,,
"tfrac times",,,20,"prose","$$ \bar = 0 \times \tfrac + 1 \times \tfrac + 2 \times \tfrac \quad\text \quad \bar = 0 \times \tfrac + 1 \times \tfrac + 2 \times \tfrac . $$ | $$ \bar = 0 \times \tfrac + 1 \times \tfrac + 2 \times \tfrac . $$ | $$ \begin \bar &= 0 \times \tfrac + 1 \times \tfrac + 2 \times \tfrac = 0.800, \\ \bar &= 0 \times \tfrac + 1 \times \tfrac + 2 \times \tfrac = 0.930, \\ \bar &",TRUE,,,
"tfrac times tfrac",,,20,"prose","$$ \bar = 0 \times \tfrac + 1 \times \tfrac + 2 \times \tfrac \quad\text \quad \bar = 0 \times \tfrac + 1 \times \tfrac + 2 \times \tfrac . $$ | $$ \bar = 0 \times \tfrac + 1 \times \tfrac + 2 \times \tfrac . $$ | $$ \begin \bar &= 0 \times \tfrac + 1 \times \tfrac + 2 \times \tfrac = 0.800, \\ \bar &= 0 \times \tfrac + 1 \times \tfrac + 2 \times \tfrac = 0.930, \\ \bar &",TRUE,,,
"chart constants",,,19,"prose","- Introduction - Part A: Using control charts on Funnel Experiment data — an extension of Major Activity 3–h 1. Introduction 2. Rules 1 and 2 of the Funnel *(** | In this section we'll introduce the type of control charts that are almost universally employed for studying subgrouped data. There are other possibilities but, | And how about the second of the pair of control charts, the *R*-chart, on which we plot subgroup ranges? Obviously enough, the Central Line here will be the mea",TRUE,,,
"control chart constants",,,19,"prose","- Introduction - Part A: Using control charts on Funnel Experiment data — an extension of Major Activity 3–h 1. Introduction 2. Rules 1 and 2 of the Funnel *(** | In this section we'll introduce the type of control charts that are almost universally employed for studying subgrouped data. There are other possibilities but, | And how about the second of the pair of control charts, the *R*-chart, on which we plot subgroup ranges? Obviously enough, the Central Line here will be the mea",TRUE,,,
"conventional statistician's",,,19,"prose","- Introduction - Part A: Using control charts on Funnel Experiment data — an extension of Major Activity 3–h 1. Introduction 2. Rules 1 and 2 of the Funnel *(** | So, whether or not you have a background in conventional Statistics, there you have many clues as to why much of the remaining content has been included within  | That question was largely addressed in the ""How do we compute those control limits—and why?"" section beginning on Day 3 page 13. There we argued how moving rang",TRUE,,,
"Crisis pages",,,19,"prose","Since there is considerable discussion on the Funnel Experiment in *DemDim* Chapter 5 and also in both *Out of the Crisis* (pages 280–284 [327–332]) and *The Ne | The example described below is one which Dr Deming frequently showed in his four-day seminars and is covered on *Out of the Crisis* pages 227–228(264–266). Inst | This fifth Deadly Disease can come as a shock even to those who are warming to Deming's teachings—especially if they are statisticians or accountants! So what a",TRUE,,,
"expected value",,,19,"prose","Unfortunately, that notation is an abbreviation for surely one of the biggest misnomers in the whole subject of Statistics! It stands for ""Expectation"" or ""Expe | With a discrete distribution, sometimes is a possible value of . For example, when we considered tossing two coins and counting the number of Heads, then , i.e. | So, if expected values can be *added* together, perhaps a natural follow-on question is whether they can be straightforwardly *multiplied* together. That's not ",TRUE,,,
"numerical targets",,,19,"prose","The strong link here is wholly obvious. But note the implications concerning management style. Anything (and there is often much) that management does to erect  | ## Point 11. Eliminate arbitrary numerical targets *( )* | Again, this is quality ""across the board"". Those [""arbitrary numerical targets""] do the opposite—they focus attention on bits and pieces of the picture and, if ",TRUE,,,
"own words",,,19,"prose","Even before Prelude A began, we observed that Dr Deming, the man who largely catalysed the industrial turnround of Japan after World War Two, thought differentl | Children are taught the importance of *understanding* a subject. Teachers are taught how to help a student *love* a subject. There are video cameras in every cl | So I'd better try some brief explanations in my own words! ""Analytic studies"" are indeed what we have been involved with, particularly in the early days of *12 ",TRUE,,,
"parts per",,,19,"prose","But beware! If you read Part E of the Optional Extras you will find me referring on page 60 to the famous British statistician, the late Professor George Box, s | Sadly, my enthusiasm was short-lived. First, I soon came across some advisors who were extolling the virtue of ""six-sigma"" quality as being the greater freedom  | First, just a few weeks after initially hearing about ""six-sigma"", I read papers in two journals (which I shall not reference because I don't want you to read t",TRUE,,,
"process data",,,19,"prose","Mathematics has, of course, contributed greatly to the development of Statistics. And, reflecting our interpretation of “Statistics” as “understanding variation | He was talking about the two obvious kinds of mistakes that can be made when analysing process data: i.e. concluding that a process is in statistical control wh | A useful start is a sentence from : [""If you are uncomfortable with the use of the concept of 'distribution' … , you can simply think in terms of a histogram ha",TRUE,,,
"real world",,,19,"prose","Apart from the feature of possibly wandering off to relatively enormous distances from wherever it starts, there is another aspect of Rule 4 which is often seen | Part E of the Optional Extras: ""Is There *Anything* Normal about Control Charts?"" is effectively a rewrite of the sixth of those short articles. That article wa | But beware! If you read Part E of the Optional Extras you will find me referring on page 60 to the famous British statistician, the late Professor George Box, s",TRUE,,,
"something like",,,19,"prose","One important fact to learn and appreciate is how *large* common-cause variation (variation produced by the system) can be. With 20% of the beads being red, it  | If you are mathematically inclined, you might like to use the above criterion to verify the following alarming argument. Let's consider starting with the proces | In order to make progress with the Theory of Knowledge, we must first understand what the word ""theory"" really means. If you ask people the meaning of ""theory"",",TRUE,,,
"times tfrac times",,,19,"prose","$$ \bar = 0 \times \tfrac + 1 \times \tfrac + 2 \times \tfrac \quad\text \quad \bar = 0 \times \tfrac + 1 \times \tfrac + 2 \times \tfrac . $$ | $$ \bar = 0 \times \tfrac + 1 \times \tfrac + 2 \times \tfrac . $$ | $$ \begin \bar &= 0 \times \tfrac + 1 \times \tfrac + 2 \times \tfrac = 0.800, \\ \bar &= 0 \times \tfrac + 1 \times \tfrac + 2 \times \tfrac = 0.930, \\ \bar &",TRUE,,,
"visible figures",,,19,"prose","## Disease 5. Use of only visible figures *( )* | With that summary of invisible figures in mind, the obstructive effect to real quality of dependence on only visible figures becomes immediately evident—frighte | With regard to that response I have often noticed how, once people have become familiar with control charts and how to interpret them—particularly in terms of c",TRUE,,,
"DemDim pages",,,18,"prose","My treatment of the 14 Points in those days was rather along the lines of what you can read on *DemDim* pages 39–48. I simply took them one at a time, giving a  | (3) On *DemDim* pages 34–35 we saw Lloyd Nelson's statement about the importance of ""unknown and unknowable"" figures, followed by a number of illustrations. Spe | - I recommend that, whilst working on this project, you read my short discussions on *DemDim* pages 39–52 about each Point and Disease in turn. They will help y",TRUE,,,
"dice score",,,18,"prose","With the equipment as described, when the marble is dropped through the funnel it will finish up either to the left or right of the funnel or sometimes directly | A particularly appealing way of considering this strategy (i.e. Rule 2 of the Funnel) is that it tells you to move the funnel to the position (27) where, if onl | The same 20–40 track, with the **funnel placed above square 27** and the **marble resting on square 30** (the bullseye target). This is the Rule 2 thought-exper",TRUE,,,
"Dr Deming's teaching",,,18,"prose","Dr Deming touched many lives both directly and indirectly. One amongst those, as you know from Day 6, was James McIngvale of Gallery Furniture. I finished my se | Many here in India have instead been trying to copy the Americans and others elsewhere in the West without really getting into the depth of things. If they were | > ""Over the nearly 20 years of my seminars on Dr Deming's teaching I rarely suffered from any 'difficult' delegates. The few that I had could be divided into tw",TRUE,,,
"Extras section",,,18,"prose","Another great value of Don’s work is that, whereas it used to be the case that control charts were generally considered to require small *samples* of data to be | This article that Balaji Reddie has been very keen for me to show you (see his ""Contributions"" page 33) was the seventh in a series of eight short articles that | Regarding the two that are tackled in Part E of the Optional Extras section, there is a message to all of you who have been worrying about normality in connecti",TRUE,,,
"first time",,,18,"prose","But are we not subjected to this kind of illogicality throughout our lives? When you brought your report-card home from school for the first time, wasn't the fi | Yes: this material *is* all ""optional extra"". Your understanding of the main material of *12 Days to Deming* does *not* depend on your reading any of this. So t | Seeing that you have not drawn the run charts of these data previously, I suggest it would be a good idea for you to develop the charts for Rules 1 and 2 ""live""",TRUE,,,
"four step",,,18,"prose","If we think of this in terms of tossing the coins thousands or millions of times, it all looks rather messy! E.g., suppose we look at the situation where we hav | Three sketches stacked vertically, all from *Out of the Crisis*. **Fig. 9a (the old way)**: a straight line of three numbered arrows — *Design it → Make it → Tr | First, you have seen that the final step in the four-step procedure described on pages 19–21 is for you to think about the links between each part of the System",TRUE,,,
"Optional Extras section",,,18,"prose","Another great value of Don’s work is that, whereas it used to be the case that control charts were generally considered to require small *samples* of data to be | This article that Balaji Reddie has been very keen for me to show you (see his ""Contributions"" page 33) was the seventh in a series of eight short articles that | Regarding the two that are tackled in Part E of the Optional Extras section, there is a message to all of you who have been worrying about normality in connecti",TRUE,,,
"pretty much",,,18,"prose","Apart from the feature of possibly wandering off to relatively enormous distances from wherever it starts, there is another aspect of Rule 4 which is often seen | > *If you have a ""six-sigma"" quality process, pretty much properly centred and in statistical control, you'll never get anything outside specifications.* | Let me emphasise a few basics. By ""a-few-at-a-time"" data I am implying that we are now dealing with what were referred to above as ""samples"" rather than just si",TRUE,,,
"Specification Limit",,,18,"prose","!Control chart showing an in-control process whose distance from the Central Line to either Specification Limit is only about 4.5σ, short of six-sigma quality | The process appears to be in statistical control, but the distance from the Central Line to either Specification Limit is only around 4.5σ rather than the desir | !Control chart showing the same process after improvement: σ has been reduced so the distance from the Central Line to each Specification Limit is now about 6σ",TRUE,,,
"Statistics Tables",,,18,"prose","*EST*. Abbreviation for my *Elementary Statistics Tables* (see below). | NEAVE, H R, *Elementary Statistics Tables*. George Allen & Unwin (1981), Routledge (2nd edition 2011). | NEAVE, H R, *Statistics Tables for Mathematicians, Engineers, Economists and the Behavioural and Management Sciences*. George Allen & Unwin (1978), Routledge (2",TRUE,,,
"Technical Aids",,,18,"prose","There was some brief discussion on Day 3 about the length of the baseline in Technical Aids 8 (page 17) and 9 (page 27). In practice, the choice of baseline len | On the other hand, you may of course *wish* to learn a little more or even a lot more about control charts. In that case I’ll mention three possibilities which  | **Stats-level 0**: Don’t even bother with the few Technical Aids on Days 2 and 3. But you *will* be asked to look at some pictures!",TRUE,,,
"Technical Section",,,18,"prose","- Introduction - Part A: Using control charts on Funnel Experiment data — an extension of Major Activity 3–h 1. Introduction 2. Rules 1 and 2 of the Funnel *(** | Finally, Part F is a ""Technical Section"" which is likely to be of more interest to mathematically-inclined students: a number of results are verified here that  | So, what are those ""various possibilities"" of what you might do next? The most challenging approach would be to throw you in at the deep end and simply suggest ",TRUE,,,
"years later",,,18,"prose","A few years later the son inherited the scooter. Every time he encountered starting problems, he would run with the scooter to make it start. But, one day, even | Well, he never answered my question. Some five years later, a certain Henry Neave (who had by then taken me under his tutelage via some serious correspondence)  | Years later, when I first came across the Taguchi Loss Function (studied on Day 7), I found rather more justification for concentrating on the variance than pur",TRUE,,,
"Deadly Disease",,,17,"prose","This is where Dr Deming saw this Deadly Disease as being its most damaging (*Out of the Crisis* page 103 *[121]*): | As we know, Points 1 and 5 and the first Deadly Disease are concerned with genuine, sustained and sustainable improvement, and that most certainly is what the D | The three items under ""Operational Definitions"" also have some interesting contributions to make. Item 7 is particularly important with reference to Point 9: ""B",TRUE,,,
"Deming's own",,,17,"prose","My treatment of the 14 Points in those days was rather along the lines of what you can read on *DemDim* pages 39–48. I simply took them one at a time, giving a  | On each left-hand page I shall begin by stating the particular Point using the version in *DemDim* Chapter 3. As mentioned early today, these statements are all | Rather than my attempting to contrive introductory comments in this case, it will be far more useful for you to **turn to *DemDim* page 335 and read through the",TRUE,,,
"Dr Shewhart",,,17,"prose","In the “Springboard” article just mentioned on , as indeed in much of my other writing, I have largely followed the guidance of Dr Donald J Wheeler by using som | But now let us return to the first paradox summarised on : the apparently strange matter of neither the all-important tool of the control chart nor its creator, | > “So what shall we do? Anyone can set for himself a clean record from this hour henceforth on *one* of the two mistakes. But, if he does, he will achieve the m",TRUE,,,
"either side",,,17,"prose","But, before that, it is worth making the intriguing and salutary point that Shewhart himself started out thinking that the subject *could* be developed from the | !Shewhart's 1924 control chart — ""the very first control chart"" — with guidelines placed at just one standard deviation either side of the Central Line and the  | We then moved on to consider situations where we have subgrouped (a-few-at-a-time) data. This is where the - chart is commonly used, comprising both the -chart ",TRUE,,,
"few words",,,17,"prose","It is evident that mobility of management increases variation; how could it do otherwise? In the case of a ""job-hopping"" culture as opposed to a learning cultur | *Damaging* superstitions. There are more. For example, to even *mention* ""3.4 parts per million"" (even if it were true) is evidence of another very serious supe | NB Throughout this course, exact quotations from Dr Deming are printed in blue in order to set them apart from my own writing. His own quotations are especially",TRUE,,,
"four step procedure",,,17,"prose","If we think of this in terms of tossing the coins thousands or millions of times, it all looks rather messy! E.g., suppose we look at the situation where we hav | First, you have seen that the final step in the four-step procedure described on pages 19–21 is for you to think about the links between each part of the System | Finally, and particularly important, you will need to thoroughly familiarise yourself in advance with, as it were, the mechanics of the Second Project, i.e. wha",TRUE,,,
"Lower Control",,,17,"prose","What do we see? All the data are contained between the Lower and Upper Control Limits (LCL and UCL). Even Ernie’s 3, just after the forthcoming performance appr | The upper and lower control limits for the statisticians’ data are UCL = 16.4 and LCL = 0.5. | The upper and lower control limits for the Spaniards’ data are UCL = 20.1 and LCL = 2.4.",TRUE,,,
"many people",,,17,"prose","In Point 6 we observed that the Scientific Approach is certainly tied in with *training*, because of its tools content. But we know that this is the smaller par | The young boy's simple and wrong initial theory eventually led to some considerable knowledge which many people do not have. Without my initial theory, the litt | The course was of six months' duration. In the morning sessions the students had classroom interactions with the teachers. Then, in the afternoons, they worked ",TRUE,,,
"mass inspection",,,17,"prose","Secondly, the more general lesson to learn from the words ""the need for"" in Point 3 is as follows. Although it may be feasible to start work on adopting some of | An Obsession With Quality will surely result in quality being improved way beyond that which needs mass inspection to verify it. Notice again the words ""the nee | ## Point 3. Cease dependence on mass inspection",TRUE,,,
"normal distributions",,,17,"prose","Actually, it's a little misleading to talk of *""the""* normal distribution: there's a whole *family* of normal distributions. In particular, the ""bell-shape"" can | My great friend Don Wheeler (from whom I've learned so much over the years) told me about a family of probability distributions that was studied by Irving W Bur | Walter Shewhart referred to both types of fluctuations as ""variation"". By a process behaving ""normally"" we mean it has ""normal"" variation. (Incidentally, in cas",TRUE,,,
"right hand",,,17,"prose","- a random variable has a 95% probability (coloured yellow) of lying within 1.96 standard deviations of its mean μ, 2.5% probability (left-hand tail coloured re | There are quite a few little results and a couple of big ones in this section. The proof of later results often depends on one or more of the results proved ear | The ""shorthand"" for this big fraction that I've shown on the right-hand side is known as a *binomial coefficient*. Notice that there are exactly terms in both t",TRUE,,,
"step procedure",,,17,"prose","If we think of this in terms of tossing the coins thousands or millions of times, it all looks rather messy! E.g., suppose we look at the situation where we hav | First, you have seen that the final step in the four-step procedure described on pages 19–21 is for you to think about the links between each part of the System | Finally, and particularly important, you will need to thoroughly familiarise yourself in advance with, as it were, the mechanics of the Second Project, i.e. wha",TRUE,,,
"both cases",,,16,"prose","The almost automatic presumption that the long-term proportion of red beads obtained in the experiment must equal the proportion of red beads in the container i | If you are mathematically inclined, you might like to use the above criterion to verify the following alarming argument. Let's consider starting with the proces | Finally, let me bring together a few of the important illustrations we have described. First, the salesman who lied was in all probability selling more than cou",TRUE,,,
"Deming said",,,16,"prose","Shewhart’s general ideas leading to the construction of the control chart are not contentious. But the stage comes when he needs to propose in detail the criter | Secondly, the more general lesson to learn from the words ""the need for"" in Point 3 is as follows. Although it may be feasible to start work on adopting some of | Let's summarise more generally what we have covered. We have seen how theory is the basis of all learning and development of knowledge. We have seen that theory",TRUE,,,
"Dr Deming's own",,,16,"prose","My treatment of the 14 Points in those days was rather along the lines of what you can read on *DemDim* pages 39–48. I simply took them one at a time, giving a  | On each left-hand page I shall begin by stating the particular Point using the version in *DemDim* Chapter 3. As mentioned early today, these statements are all | Rather than my attempting to contrive introductory comments in this case, it will be far more useful for you to **turn to *DemDim* page 335 and read through the",TRUE,,,
"Dr Deming's work",,,16,"prose","There are a lot of efforts now being carried out to teach Dr Deming's work in schools and colleges here in our country. One such school exists in Lucknow: the V | Let's begin at the beginning. As I introduced the experiment, I made no secret of Dr Deming's description of it as ""stupidly simple"" —indeed, I even gave delega | I'll start by telling you of something extremely basic that puzzled me in the 1980s when I was just beginning to learn about Dr Deming's work. It was a basic ma",TRUE,,,
"expected values",,,16,"prose","- Introduction - Part A: Using control charts on Funnel Experiment data — an extension of Major Activity 3–h 1. Introduction 2. Rules 1 and 2 of the Funnel *(** | ## 2. ""Expected"" values — the great misnomer! | ### ""Expected"" values",TRUE,,,
"five Deadly",,,16,"prose","Here are some words from the video *Management's Five Deadly Diseases*. If you watched it earlier, I think you will remember them: | *Management's Five Deadly Diseases*. Encyclopaedia Britannica. | *Management's Five Deadly Diseases*:",TRUE,,,
"five Deadly Diseases",,,16,"prose","Here are some words from the video *Management's Five Deadly Diseases*. If you watched it earlier, I think you will remember them: | *Management's Five Deadly Diseases*. Encyclopaedia Britannica. | *Management's Five Deadly Diseases*:",TRUE,,,
"graph paper",,,16,"prose","So, what are those ""various possibilities"" of what you might do next? The most challenging approach would be to throw you in at the deep end and simply suggest  | Seeing that you have not drawn the run charts of these data previously, I suggest it would be a good idea for you to develop the charts for Rules 1 and 2 ""live"" | The two pages that follow reproduce the blank graph-paper from the original Optional Extras (pages 6 and 7). Print these pages, or draw on paper alongside the F",TRUE,,,
"large majority",,,16,"prose","In extract from *EST* on , I referred to the control chart (process behaviour chart) as being “a remarkable statistical technique which, to all intents and purp | I believe that the large majority do indeed want to do a good job. But mostly they find that “quality assurance” hinders rather than helps. Yes, it can introduc | (2) Control limits inform us about the extent of variation being produced by the system. It follows that *where* a result lies between those limits—relatively h",TRUE,,,
"make things",,,16,"prose","We face many such instances in life where we simply react to what has just occurred—sometimes called a ""knee-jerk reaction""—whether at home or in our place of w | Now, don't start jumping to wrong conclusions here. What he meant was that, if my learning process were known and understood, and I was therefore put onto the a | But what could be wrong with good intentions and best efforts? Nothing—*if* (and that’s a big “if”) they are guided by genuine understanding. But if they are no",TRUE,,,
"New Way",,,16,"prose","This is a whole new philosophy. It's not just optional add-ons to what we are already doing; it's not the use of a few new tools. At the beginning of the course | **3.** ""On the Melbourne rail system, a bonus is paid for on-time trains. A relatively new company running trains on the system has come up with a new way of me | ### The ""Old Way"" and the ""New Way""",TRUE,,,
"POINT Eliminate",,,16,"prose","## Point 10. Eliminate exhortations *( )* | ## Point 11. Eliminate arbitrary numerical targets *( )* | ## Point 10. Eliminate exhortations",TRUE,,,
"Points and Deadly Diseases",,,16,"prose","So the inevitable conclusion is that just about everything said on Days 4 and 5 as regards links between the Joiner Triangle to the 14 Points and Deadly Disease | (If you are not content with your answers here, you might like to return to this Activity after studying some of the 14 Points and Deadly Diseases in the forthc | Much of both today and tomorrow is closely linked with our study of the 14 Points and Deadly Diseases, the learning from which, as we have seen, does not merely",TRUE,,,
"refer back",,,16,"prose","This is a very common phenomenon (no pun intended!). Even when people get to understand the concept of common-cause variation, they almost always hopelessly und | Now of course, in a sense, part of this discussion has become academic: in practice, when either Rule 3 or 4 behaviour starts to become at all extreme then it w | So, what are those ""various possibilities"" of what you might do next? The most challenging approach would be to throw you in at the deep end and simply suggest ",TRUE,,,
"second half",,,16,"prose","**Before Day 11.** For details of preparation for the second half of the Second Project: see . | Finally, during the second half of *12 Days to Deming*, you will be reading some excellent material by my good friend Balaji Reddie, founder of the Deming Forum | >So, what’s new? The majority of the added material focuses on a remarkable statistical technique which, to all intents and purposes, was unknown at the time of",TRUE,,,
"time comes",,,16,"prose","So please just pick and choose what, if anything, you read here in these Optional Extras. Or just browse through them and see if anything catches your eye. Mayb | **Stats-level 3**: As Stats-level 2 but take a look at what’s available in the Optional Extras section whenever you like (out of hours!). Remember that this ext | *How* can a control chart tell you what you need to know? That’s where you encounter the snag about skipping parts of the main text in the morning of Day 3. For",TRUE,,,
"active learning",,,15,"prose","Why an ""Overture"" rather than an ""Introduction""? Simply because this half-day contains much more than you would expect in a mere introduction to this structured | As you may already have gathered, in my seminars the delegates did much more than just listen to me! In the same way, in this course I shall ask you to do much  | The 12 Days to Deming Active Learning Course was created by Dr Henry Neave and first launched in 2020. The course has been adapted for the web by me, Lee Durbin",TRUE,,,
"Appendix pages",,,15,"prose","If you have read my discussion of the Funnel Experiment Major Activity 3–h in Appendix pages 15–18, you will remember that I studied two simulated sets of Funne | Having worked on control charts for all four Rules using your own data, then move on to my control charts and discussion, starting on page 9, for the two simula | So if you would now like to read about the first paradox on Appendix pages 2–6 and are also following my guidance on timings at all closely then please “stop th",TRUE,,,
"case study",,,15,"prose","> In the case-study that I retold in *ST*, Don Wheeler did once use a baseline of length 4—but that was when there were only four data-points before the process | Regarding the ""serious"" processes, where nobody is ""All-Knowing"", the charts for Process D show my pulse-rate taken at breakfast-time over a period of 24 consec | Moving on to the ""serious"" processes, you may have noticed that my pulse-rates on Chart D1 were rather unhealthily high. Chart D2 shows my pulse-rates for a lat",TRUE,,,
"Deming Prize",,,15,"prose","KOYANAGI Ken-Ichi, *The Deming Prize*. See under ""Booklets"". | KOYANAGI Ken-Ichi, *The Deming Prize*. Union of Japanese Scientists and Engineers (JUSE), 1960. | So some are forgetting the lessons learned from Dr Deming more than 60 years ago. In 1985, he visited Japan for the annual Deming Prize Ceremony. While there he",TRUE,,,
"differences between",,,15,"prose","Some people make good use of computers. Few people are aware, however, of the negative input of computers. Time and time again, in my experience, when I ask for | But instead, let's go more directly to the Points and Deadly Diseases. In Part D you will have seen strong emphasis on matters such as dignity, self-esteem, res | In the 1970s there were four spin-bowlers in India's cricket team. Each spinner had a certain role to play, a role which was different from the others' roles. B",TRUE,,,
"each case",,,15,"prose","Seeing that you have already drawn the run charts for your Rules 3 and 4 data (Day 3 pages 51 and 55 respectively), in each case preceded by the relevant data), | There's only one way I know of finding out—yes, another computer simulation. This one was quite easy to write. All that was needed was to (a) generate a-few-at- | I therefore wrote a program to generate a large number of series of data from a normal distribution having σ = 1, and in each case calculate *MR̄* ÷ 1.128. I ch",TRUE,,,
"let alone",,,15,"prose","Nevertheless, it could well be possible to see strong links between just this one aspect of Part D (let alone all the rest of it) and the need to adopt all the  | But you will probably have already recognised this as equivalent to a table from the Red Beads Experiment. So, thinking back to Day 2, you know the sort of proc | Rule 2 is the case where, as we know both from the Ford example and from your own work in the Major Activity, the situation is undesirable compared with Rule 1,",TRUE,,,
"let's now",,,15,"prose","Let's now collect together some of the important learning from our first two Preludes and then consider some of the consequences of that learning. We have seen  | So let's now examine control charts produced by the two runs of the Funnel Experiment that were demonstrated in the Appendix. It will be useful to look at both  | Let's now summarise and develop what we have learned in these last few pages. Note that we haven't really been studying the four processes in terms of control c",TRUE,,,
"my guidance",,,15,"prose","The one thing they often remained understandably uneasy about was the matter of choosing the baseline, i.e. the number of data to use for computing the control  | After you’ve answered that question, here’s my guidance for you: | So if you would now like to read about the first paradox on Appendix pages 2–6 and are also following my guidance on timings at all closely then please “stop th",TRUE,,,
"parts per million",,,15,"prose","But beware! If you read Part E of the Optional Extras you will find me referring on page 60 to the famous British statistician, the late Professor George Box, s | Sadly, my enthusiasm was short-lived. First, I soon came across some advisors who were extolling the virtue of ""six-sigma"" quality as being the greater freedom  | First, just a few weeks after initially hearing about ""six-sigma"", I read papers in two journals (which I shall not reference because I don't want you to read t",TRUE,,,
"per million",,,15,"prose","But beware! If you read Part E of the Optional Extras you will find me referring on page 60 to the famous British statistician, the late Professor George Box, s | Sadly, my enthusiasm was short-lived. First, I soon came across some advisors who were extolling the virtue of ""six-sigma"" quality as being the greater freedom  | First, just a few weeks after initially hearing about ""six-sigma"", I read papers in two journals (which I shall not reference because I don't want you to read t",TRUE,,,
"process average",,,15,"prose","Actually, it's a little misleading to talk of *""the""* normal distribution: there's a whole *family* of normal distributions. In particular, the ""bell-shape"" can | Then recall the simple example on . I observed that changing the *average* of my process there would be very easy. And, in my experience, it is indeed very ofte | With subgrouped data it is usual to construct not just one but *two* control charts, one for the subgroup *means* (the term introduced in the previous section f",TRUE,,,
"shall see",,,15,"prose","This is a very common phenomenon (no pun intended!). Even when people get to understand the concept of common-cause variation, they almost always hopelessly und | As you know, these four Preludes respectively introduce some of the concepts in the four parts of Dr Deming's System of Profound Knowledge which you will study  | So, as we shall see on the next page, in *The New Economics* Dr Deming said that our need is to [""restore the individual, and do so in the complexities of inter",TRUE,,,
"statistical methods",,,15,"prose","And there’s the difficulty. What kind of “terms and conditions” could possibly be specified that would apply in practice to data from processes of all the kinds | And so I think we now have several reasons to explain the paradox being considered. Why isn’t the control chart in most introductory (or even later) Statistics  | ### 6. Poor teaching of statistical methods in industry.",TRUE,,,
"subject matter",,,15,"prose","Worse still are examples in education. Children's capabilities are confused with how well they answer the questions in a patterned questionnaire (i.e. a questio | Dr Deming was once asked: ""What is the job of a teacher?"". He replied that a teacher has three obligations to his students: (1) to make them fall in love with t | ## 4. Subject-matter knowledge",TRUE,,,
"told me",,,15,"prose","One of the slogans Dr Deming cites on *Out of the Crisis* page 57*[66]* is ""Getting Better Together"". He comments: [""… workers have told me that this slogan mak | Specifications can not tell the whole story. The supplier must know what the material is to be used for. If the supplier knows that the steel will be used for t | My great friend Don Wheeler (from whom I've learned so much over the years) told me about a family of probability distributions that was studied by Irving W Bur",TRUE,,,
"Upper Control",,,15,"prose","What do we see? All the data are contained between the Lower and Upper Control Limits (LCL and UCL). Even Ernie’s 3, just after the forthcoming performance appr | Before considering the details, it would be useful to take a look at part of the rather famous hand-drawn *X̄-R* chart of which we have already seen something a | The tables and notation being included here are extracts from the table of control-chart constants on page 46 of *EST*, my book of *Elementary Statistics Tables",TRUE,,,
"Walter Shewhart",,,15,"prose","You will recall that this topic of Statistical Thinking was born in the 1920s due to the brilliant insights of Dr Walter Shewhart. He made a discovery about pro | Walter Shewhart referred to both types of fluctuations as ""variation"". By a process behaving ""normally"" we mean it has ""normal"" variation. (Incidentally, in cas | Amongst many profound observations from Walter Shewhart were the following, and they all relate to matters upon which we have already touched:",TRUE,,,
"already seen",,,14,"prose","During Day 8 you have already seen another ""startling"" statement, this time on *DemDim* page 219 when reading about competition in Chapter 15. It was: | You will probably be familiar with Charles Darwin's famous expression: ""Survival of the Fittest"". People have often interpreted this in the sense of ""Red in Too | Since you have already seen the run charts of both Rules 3 and 4, you may well suspect there is not much further description necessary in either case. You'd be ",TRUE,,,
"Area Step",,,14,"prose","#### Area 1, Step 1: Browsing session | #### Area 1, Step 2: Dr Deming's May 1990 version | #### Area 1, Step 3: *DemDim* version",TRUE,,,
"control charting",,,14,"prose","- A very long while ago, I used to teach control-charting the “conventional” way, i.e. trying to interpret control limits in terms of probabilities, saying that | Some control-charting computer packages include a picture of a histogram turned through 90° (so that its scale coincides with the control chart's vertical scale | *(all more or less related to control-charting)*",TRUE,,,
"DemDim example",,,14,"prose","!Table One — blank (left) and filled in with the DemDim example (right) | Two side-by-side worksheets sharing the same layout: a tall left column **Areas and their Options** (rows grouped by Area A in blue, Area B in orange, Area C in | Table Two below reflects the beginning of the second phase in which the effects of the options on *all three areas* are now brought into consideration. (On *Dem",TRUE,,,
"Don Wheeler",,,14,"prose","- I changed my mind for two reasons. The first is that eventually I had two excellent and patient teachers: Dr Deming and Dr Don Wheeler. Secondly, I found in p | My great friend Don Wheeler (from whom I've learned so much over the years) told me about a family of probability distributions that was studied by Irving W Bur | ### Wise Words from Dr Don Wheeler",TRUE,,,
"extrinsic motivation",,,14,"prose","- to understand something about how we *behave in organisations*—in particular, to know and understand the *interactions* between the *system* in which we are w | But instead, let's go more directly to the Points and Deadly Diseases. In Part D you will have seen strong emphasis on matters such as dignity, self-esteem, res | But what do we see in the name of ""motivation"" these days? We get *extrinsic* motivation. Managers and others think that people get motivated by dangling a carr",TRUE,,,
"help us",,,14,"prose","Within the context of a desire to improve our organisations, I’d like to suggest to you that there are some key principles we can take and learn from the experi | In Point 6 we observed that the Scientific Approach is certainly tied in with *training*, because of its tools content. But we know that this is the smaller par | ### 16. ""Anyone that comes to try to help us must understand all about our business.""",TRUE,,,
"Leader's Handbook",,,14,"prose","SCHOLTES P R, *The Leader's Handbook*. McGraw-Hill (1998). | It may be wise at this stage for me to remind you of my warning at the bottom of Appendix page 23 (see also my ""Obsession With Quality"" comment on about the dan | No, you won't. Firstly, Day 12 will hopefully provide much helpful general learning and guidance on how to start moving the theory into practice. But, more impo",TRUE,,,
"look back",,,14,"prose","But take a look back at Activity 1–e ( ) concerning the manager of the call-centre. What were your answers? The question there was in effect the same: how much  | - to “lift our gaze up” and see *the wider system*—customers, suppliers, employees, managers, stakeholders …, and we may also need to “look back in time”. | First, let's compare the histograms for Rules 1 and 2. If you look back to the similar histograms in the Ford example, remember that the Ford people were initia",TRUE,,,
"Mathematical Statisticians",,,14,"prose","The subject of Statistics has largely been developed by mathematicians: indeed it is sometimes regarded simply (and wrongly) as merely a branch of Mathematics.  | And there’s the difficulty. What kind of “terms and conditions” could possibly be specified that would apply in practice to data from processes of all the kinds | After that final paragraph, those of you “in the know” will, I think, now begin to understand why “traditional” Mathematical Statisticians have tended to shy aw",TRUE,,,
"Organisation Viewed",,,14,"prose","The two diagrams shown on the next page, or close variants of them, will be seen again, particularly on Days 9 and 4 respectively. Their importance is indicated | It is worth recalling that the famous 1950 flow diagram: ""Organisation Viewed as a System"" includes both the organisation's suppliers and its customers—they are | I would describe what I have included in this morning's material as just sketching a background, rather like an artist's very broad brush-strokes at the earlies",TRUE,,,
"other people",,,14,"prose","> [""Annual appraisal of performance … annihilates teamwork: people can not work together … you have to get ahead. By working with a team, you help other people. | Only recently, the entire management of a large manufacturing concern supposed, by their own declaration, that if all 2,700 operations in the plant were carried | At the very start of the Psychology section, we observed a considerable concentration on system thinking, concerning interactions not only between people and ot",TRUE,,,
"radar diagram",,,14,"prose","| Section | Title | Pages | |---|---|---| | Section 1: | Your radar diagram | pages 2–6 | | Section 2: | Wisdom from Peter Scholtes | pages 7–10 | | Section 3:  | ## Section 1: YOUR RADAR DIAGRAM | Let's see why I asked you to enter those 0--5 ""scores"" of what you saw as the strengths of connections between the System of Profound Knowledge and the 14 Point",TRUE,,,
"random sample",,,14,"prose","Let me emphasise a few basics. By ""a-few-at-a-time"" data I am implying that we are now dealing with what were referred to above as ""samples"" rather than just si | How about a brief explanation of ""enumerative studies"" in my own words? As we shall see later, an introductory course on conventional Statistics often begins by | - Summarising ""raw data"" through pictures such as histograms and the calculation of ""sample statistics"" such as the sample mean *X̄* and the sample standard dev",TRUE,,,
"Shewhart's guidance",,,14,"prose","And how about the second of the pair of control charts, the *R*-chart, on which we plot subgroup ranges? Obviously enough, the Central Line here will be the mea | The two particular issues raised above both stem from the fact that *some* help from Mathematics is necessary in order to develop the details of where control l | As observed on page 57, the familiar 2.66 does depend on the assumption that we have normally distributed data (in conjunction with Shewhart's 3σ-guidance). The",TRUE,,,
"text tfrac",,,14,"prose","$$ \begin \text &= \tfrac \\ \text &= \tfrac \\ \text &= \tfrac \end $$ | $$\begin \text &= \tfrac \\ \text &= \tfrac \\ \text &= \tfrac \end $$ | $$\begin \text &= \tfrac & \text &= \tfrac \\ \text &= \tfrac & \text &= \tfrac . \end $$",TRUE,,,
"things worse",,,14,"prose","We face many such instances in life where we simply react to what has just occurred—sometimes called a ""knee-jerk reaction""—whether at home or in our place of w | But what could be wrong with good intentions and best efforts? Nothing—*if* (and that’s a big “if”) they are guided by genuine understanding. But if they are no | > “ ... the harder they tried, the worse were the effects. … When anything bad occurred, they went to work on it to try to correct it. A noble aim. There was on",TRUE,,,
"Tokai Rika",,,14,"prose","Before considering the details, it would be useful to take a look at part of the rather famous hand-drawn *X̄-R* chart of which we have already seen something a | !Portion of the Tokai Rika *X̄-R* control chart brought back from Japan in 1982: hand-drawn on grid paper for October–November 1980, with daily subgroups of fou | > ""As the Ford group was touring the Tokai Rika plant, they observed eight production workers 'engaged in active discussion' around this Average and Range Chart",TRUE,,,
"Before Day",,,13,"prose","**Before Day 2.** Just a reminder here that an ordinary basic calculator is likely to be useful to you on both Days 2 and 3. | **Before Day 3.** The more important task here is to prepare for the Funnel Experiment: see and . However, you may also find it useful to print a separate copy  | **Before Day 6.** For some extra pages of printing for your convenience during Day 6’s Major Activity, etc: see . On this page there is also a reminder to prepa",TRUE,,,
"better job",,,13,"prose","> “So what shall we do? Anyone can set for himself a clean record from this hour henceforth on *one* of the two mistakes. But, if he does, he will achieve the m | No probabilities, no fancy theory, no assumptions about any particular probability distribution, etc—*experience*! Shewhart carried out a lot of experimentation | > ""There are many reasons why US quality / productivity (they go hand in hand) have not kept ahead. A few of the major ones are: the educational system that tur",TRUE,,,
"come across",,,13,"prose","So I'd better try some brief explanations in my own words! ""Analytic studies"" are indeed what we have been involved with, particularly in the early days of *12  | except that the ""if""s are not usually emphasised as I have just done. Where do the ""if""s come from? In a subject like Mathematical Statistics they are quite lik | On the other hand, you may of course *wish* to learn a little more or even a lot more about control charts. In that case I’ll mention three possibilities which ",TRUE,,,
"Deming Library",,,13,"prose","*The Deming Library*. Films Inc, Chicago. (Contact WEDI or the UK Deming Transformation Forum.) | Worldwide, the W Edwards Deming Institute (WEDI) in America is the obvious initial source. The Institute was founded by Dr Deming just before his death in 1993  | Moving on to American material, the best-known set of relevant videos is *The Deming Library*. At the time of writing (2018) there are 32 titles, most of which ",TRUE,,,
"first half",,,13,"prose",">So, what’s new? The majority of the added material focuses on a remarkable statistical technique which, to all intents and purposes, was unknown at the time of | *DemDim* has often been described as written in a “conversational style”. I hope and expect the same may be said of this course. The truth is that I feel incapa | Yet again, this pattern is quite well-reflected in what happens during this course. For example, there is often some discussion on the various requests for acti",TRUE,,,
"half day",,,13,"prose","Why an ""Overture"" rather than an ""Introduction""? Simply because this half-day contains much more than you would expect in a mere introduction to this structured | There are various possibilities about how to tackle each part of the System of Profound Knowledge respectively over the four half-days. I'll describe some of th | There is one piece of advance reading that I shall definitely recommend for you near the start of each half-day. Later this afternoon I'll ask you to read some ",TRUE,,,
"hand side",,,13,"prose","So, in both cases, compute the positions of the Central Line and control limits from the data over your chosen baseline and draw them in on your run chart. Now, | There are quite a few little results and a couple of big ones in this section. The proof of later results often depends on one or more of the results proved ear | The ""shorthand"" for this big fraction that I've shown on the right-hand side is known as a *binomial coefficient*. Notice that there are exactly terms in both t",TRUE,,,
"let's see",,,13,"prose","Stated concisely, ""six-sigma"" quality is achieved when that tolerance reaches or exceeds 6σ. But that is likely to be easier said than done! Note that, in theor | So how about control charts of the Rule 2 data in our two simulations? Do they appear at all different in nature from control charts of genuinely in-control pro | So let's see how to construct an *X̄-R* chart. As with the control charts for single values in the main text, we will need to use data collected over a few time",TRUE,,,
"links between",,,13,"prose","So the inevitable conclusion is that just about everything said on Days 4 and 5 as regards links between the Joiner Triangle to the 14 Points and Deadly Disease | Nevertheless, it could well be possible to see strong links between just this one aspect of Part D (let alone all the rest of it) and the need to adopt all the  | - My notes and suggestions here on the links between the Points and the foundations are deliberately concise—there is no need for yours to be! Indeed, the more ",TRUE,,,
"long term average",,,13,"prose","One important fact to learn and appreciate is how *large* common-cause variation (variation produced by the system) can be. With 20% of the beads being red, it  | Several further “profound messages” are to be found in the references provided earlier. But I shall content myself here with just one more. And this is (or shou | At least, with these latter histograms, one can see some evidence of the one thing we know about the values of the probability of a false signal. We can actuall",TRUE,,,
"long while",,,13,"prose","I know. I was educated as a mathematician. So I cringed at the very idea. I avoided teaching it. I was in print a long while ago describing Shewhart’s version o | - A very long while ago, I used to teach control-charting the “conventional” way, i.e. trying to interpret control limits in terms of probabilities, saying that | Do you remember how to compute those natural process limits? Deming usually called them the ""control limits"". You may have to do it on Day 3. Day 3 may seem a l",TRUE,,,
"my friend",,,13,"prose","I believe that the large majority do indeed want to do a good job. But mostly they find that “quality assurance” hinders rather than helps. Yes, it can introduc | - to understand something *about processes* that is still not widely taught, i.e. that they are always “uppy and downy”. *[Dave thanks Mark Sheasby of the West  | Some time ago my friend Fran Wheeler sent me a Calvin and Hobbes cartoon which she had recognised as a rather sweet illustration of the ""zig-zag"" effect. Partic",TRUE,,,
"normal curve",,,13,"prose","Note in the diagrams that the area in either tail of the normal distribution beyond 3σ from the mean μ is 0.135%. (This is what led to the existence of the firs | The truth of all this (if ""truth"" can mean anything in the midst of such fantasy) depends, of course, on the process obeying the normal curve—*right* out into t | > ""It would … be wrong to attach any particular figure to the probability that a statistical signal for detection of a special cause could be wrong, or that the",TRUE,,,
"other areas",,,13,"prose","There is a close analogy in the branch of traditional Statistics known as the Design of Experiments or Analysis of Variance (so if you're Stats-level 0 then you | First, whereas training is very focused, ""education"" implies breadth—learning about other areas—and this often provides inspiration about what could be helpful  | Despite Dr Deming's particular wording here, the lessons from this Point relate just as strongly to service and other areas as to manufacturing.",TRUE,,,
"other words",,,13,"prose","The run chart for Simulation A's Rule 3 surprised me. I imagine it may also surprise you, assuming you had lots of fun and used games with Rule 3. In other word | I'll move straight on to **Rule 4** since that's the one you have dealt with most recently. The clue as to what happens to the control limits here follows direc | The destructive nature of short-termism on the Scientific Approach is compactly expressed by Dr Deming in that sentence: [""Cut down on research, education, trai",TRUE,,,
"performance indicator",,,13,"prose","I talked to a member of a police force. They had been set a target on the proportion of 999 (emergency) calls for which their response time, i.e. time to be on  | While speaking with a headteacher some years ago, he mentioned his school's ""Grade C club"". Seeing my puzzled look, he was kind enough to tell me what it was. I | Targets, appraisals, pay for performance, league-tabling, and all the rest: one aspect common to them all is the use of ""performance indicators"". A target is se",TRUE,,,
"points outside",,,13,"prose","That should make clear the considerable reduction of variation produced by Rule 1 compared with Rule 2. If you look back to the histograms, matching what was se | I'll move straight on to **Rule 4** since that's the one you have dealt with most recently. The clue as to what happens to the control limits here follows direc | Apart from the feature of possibly wandering off to relatively enormous distances from wherever it starts, there is another aspect of Rule 4 which is often seen",TRUE,,,
"right now",,,13,"prose","(1) In the event that you are having difficulties here, I believe that plenty of thoughts will come to you as we work through the 14 Points and the Deadly Disea | Secondly, the more general lesson to learn from the words ""the need for"" in Point 3 is as follows. Although it may be feasible to start work on adopting some of | We tend to react to things as they appear before our eyes, in the here and now (rather similarly to drawing that tree, as described on the previous page). But s",TRUE,,,
"self esteem",,,13,"prose","(3) Some that we shall consider later are pride of workmanship, indeed joy in work (see ), self-esteem, respect, reputation, willingness to cooperate, dignity,  | But instead, let's go more directly to the Points and Deadly Diseases. In Part D you will have seen strong emphasis on matters such as dignity, self-esteem, res | Nevertheless, it could well be possible to see strong links between just this one aspect of Part D (let alone all the rest of it) and the need to adopt all the ",TRUE,,,
"several times",,,13,"prose","As we have seen several times, the ""Quality"" being referred to at the top of the Joiner Triangle is quality on a very broad front. What happens in one part of t | Actually, it's a little misleading to talk of *""the""* normal distribution: there's a whole *family* of normal distributions. In particular, the ""bell-shape"" can | On the following day this man was given a job of carrying out some soldering. All he had to do was to take a board with components on it and immerse it in a ves",TRUE,,,
"simply because",,,13,"prose","Walter Shewhart referred to both types of fluctuations as ""variation"". By a process behaving ""normally"" we mean it has ""normal"" variation. (Incidentally, in cas | We have also emphasised that all of us are born with a natural desire to learn—it's a normal characteristic of human beings and, indeed, of other animal life. W | However in America, for example, an improvement is not considered to be an improvement unless there is a ""visible figure"" to support it: some cost reduction or ",TRUE,,,
"soon see",,,13,"prose","So, go ahead and write down the values of *X̄* and *R* for each subgroup—not very difficult with these data! And yes, you will soon see a few of those zero rang | Going by the results for tossing the two coins, it looked as if a sample size of 1,000 was quite sufficient to get a fairly accurate picture of the probability  | However, the language and the notation of expected values is so common—pretty much universal—that we are stuck with it. So let's get on and use it. As you will ",TRUE,,,
"Springboard article",,,13,"prose","In the “Springboard” article just mentioned on , as indeed in much of my other writing, I have largely followed the guidance of Dr Donald J Wheeler by using som | Another great value of Don’s work is that, whereas it used to be the case that control charts were generally considered to require small *samples* of data to be | If, either now or subsequently, you wish to obtain more substantial help and guidance on constructing and interpreting control charts than is included in my Spr",TRUE,,,
"term average",,,13,"prose","One important fact to learn and appreciate is how *large* common-cause variation (variation produced by the system) can be. With 20% of the beads being red, it  | Several further “profound messages” are to be found in the references provided earlier. But I shall content myself here with just one more. And this is (or shou | At least, with these latter histograms, one can see some evidence of the one thing we know about the values of the probability of a false signal. We can actuall",TRUE,,,
"today's Major",,,13,"prose","(If you cannot answer this question now, be sure that you will be able to do so before you finish working through today's Major Activity!) | You will find it helpful to make yourself quite familiar with Mack's account before you embark upon today's Major Activity. It is a pleasantly easy read, and th | *(Now please move on to page 18 to make a start on today's Major Activity.)*",TRUE,,,
"today's Major Activity",,,13,"prose","(If you cannot answer this question now, be sure that you will be able to do so before you finish working through today's Major Activity!) | You will find it helpful to make yourself quite familiar with Mack's account before you embark upon today's Major Activity. It is a pleasantly easy read, and th | *(Now please move on to page 18 to make a start on today's Major Activity.)*",TRUE,,,
"Today's material",,,13,"prose","So if, some time after you've worked through today's material, you feel you'd like to spend some money on the experiment, my recommendation is to definitely sti | However, despite getting into such sad short stories toward the end of today's material, I promise you that we'll finish on what I found to be a very positive n | Today involves rather less than the fairly full day's work designed for most days in this course. So, if you need more time on parts of today's study than I am ",TRUE,,,
"too much",,,13,"prose","You will probably be familiar with Charles Darwin's famous expression: ""Survival of the Fittest"". People have often interpreted this in the sense of ""Red in Too | In fact, in this case, a further approximation has been made. If you think about it you will realise that the number of red beads in the paddle *cannot* be exac | That brings us to the final issue to be discussed regarding the binomial distribution: how to obtain those binomial probabilities without getting involved with ",TRUE,,,
"Un Knowing",,,13,"prose","So the All-Knowing, looking down at the system from on high, has full comprehension of it. But to the Un-Knowing, looking up at it from floor level, it is far t | Of the two personalities mentioned above, the Foreman is in the ""Un-Knowing"" state—although he does not appear to appreciate the fact! In the context of this ex | As you will have realised some time ago, no worker has much control over the results which he produces! Most would agree that he actually has none at all; other",TRUE,,,
"unbiased estimator",,,13,"prose","As observed on page 57, the familiar 2.66 does depend on the assumption that we have normally distributed data (in conjunction with Shewhart's 3σ-guidance). The | it's so that . As we saw on page 65, an estimator whose expected value is equal to the thing that it is trying to estimate is known as an *unbiased estimator*.  | However, to conclude here, there was yet another example of the use of an unbiased estimator in Part B of these Optional Extras: see page 20. It was adjustment ",TRUE,,,
"Upper Control Limit",,,13,"prose","Before considering the details, it would be useful to take a look at part of the rather famous hand-drawn *X̄-R* chart of which we have already seen something a | The tables and notation being included here are extracts from the table of control-chart constants on page 46 of *EST*, my book of *Elementary Statistics Tables | > This recalls the occasion when a delegate came up to me with tears of gratitude after I had emphasised this point in the seminar. Her company had installed so",TRUE,,,
"work standards",,,13,"prose","- Procurement of materials, volume planning, MRP systems - Rifle adjustment, golf swing - Adjustments made to inventories based on surge demand - If I want my k | Unfortunately, Quality Control Departments have taken the job of quality away from the people that can contribute most to quality—management, supervisors, manag | **Eliminate work standards that prescribe quotas for the workforce and numerical goals for people in management.** Substitute aids and helpful leadership in ord",TRUE,,,
"Activity",,,12,"ui","./content/days/day-06/01-introduction.qmd | ./content/days/day-06/03-activity-6b.qmd | ./content/days/day-07/02-numerical-targets.qmd",TRUE,,,
"almost always",,,12,"prose","This is a very common phenomenon (no pun intended!). Even when people get to understand the concept of common-cause variation, they almost always hopelessly und | (2) Control limits inform us about the extent of variation being produced by the system. It follows that *where* a result lies between those limits—relatively h | > Sir: I have to take issue with the assertion in your leading article that Ofsted inspections are a ""rigorous procedure … which has done so much to keep standa",TRUE,,,
"already familiar",,,12,"prose","So the original readers, like Balaji, of the seventh article were already familiar with the previous six articles—whereas you, of course, are not. Alternatively | To help you understand something of the conventional statistician's mindset, Part D of these Optional Extras will introduce you to some content of a typical int | **NB** Some of the mathematical material on this topic and others in this Technical Section may be seen as overly basic by those who are experienced in Mathemat",TRUE,,,
"baseline length",,,12,"prose","So let's now examine control charts produced by the two runs of the Funnel Experiment that were demonstrated in the Appendix. It will be useful to look at both  | I therefore wrote a program to generate a large number of series of data from a normal distribution having σ = 1, and in each case calculate *MR̄* ÷ 1.128. I ch | There was some brief discussion on Day 3 about the length of the baseline in Technical Aids 8 (page 17) and 9 (page 27). In practice, the choice of baseline len",TRUE,,,
"before long",,,12,"prose","> ""When introducing control charts (for one-at-a-time data) to delegates at my seminars, reactions were usually very positive, even from those who started out b | When introducing control charts (for one-at-a-time data) to delegates at my seminars, reactions were usually very positive, even from those who started out by s | This Overture performs a similar function. It does indeed expose you to an initial ""feel"" of what is to follow, of both the nature and some of the content of th",TRUE,,,
"between people",,,12,"prose","At the very start of the Psychology section, we observed a considerable concentration on system thinking, concerning interactions not only between people and ot | > [""The transformation will take us into a new method of reward. We must restore the individual, and do so in the complexities of interaction with the rest of t | **2. [The supposition that solving problems, automation, gadgets, and new machinery will transform industry.] ** (*Out of the Crisis* page 108 [pages 127–128]; ",TRUE,,,
"bottom right",,,12,"prose","Firstly, notice that Dec recorded the total number of red beads obtained in the experiment near the bottom right of his table on page 11: it was 235. But now yo | A simple equilateral triangle with one short phrase written at each of its three corners: **Obsession With Quality** at the top, **Scientific Approach** at the  | The Joiner Triangle (Obsession With Quality at top, All One Team bottom-left, Scientific Approach bottom-right) with each corner now annotated by an adjacent bo",TRUE,,,
"British Deming",,,12,"prose","This article that Balaji Reddie has been very keen for me to show you (see his ""Contributions"" page 33) was the seventh in a series of eight short articles that | But a lot of other stuff that Deming had written did appeal to me, so I rather set aside that business about the two types of statistical studies and read about | ## The British Deming Association and later",TRUE,,,
"browsing session",,,12,"prose","### Step 1: Browsing session | There will be time for you to read through the whole of the ""Four Preludes and a Coda"" today. Also I am sure it will then be well worth your while to read it ag | **Step 1: Browsing session**",TRUE,,,
"Chain Reaction",,,12,"prose","5. Chain reaction from improvement of processes: | A left-to-right chain of five linked boxes showing Deming's Chain Reaction. **Improve processes and product** leads to **Costs decrease**, which leads to **Capt | An updated version of the Chain Reaction appears on *Out of the Crisis* page 3 (both editions). There the final three steps stay the same. The first step become",TRUE,,,
"course material",,,12,"prose","*Some colleagues (see my Preface in the ""A. PLEASE START HERE"" file) and I have made considerable efforts to trace copyright holders of content quoted in the co | *I would similarly welcome correspondence if you discover any errors in the above contact addresses or indeed anywhere in these References and Sources or elsewh | However, as already mentioned, on looking further down the list of Contents there is little doubt that the title of Part D catches your eye! Why on Earth should",TRUE,,,
"DemDim version",,,12,"prose","### Step 3: *DemDim* version | **Step 3: *DemDim* version** | There are some other differences specific to Part C. Firstly, Deming did not make many changes to Part C before the time that I rewrote *DemDim* Chapter 18 in 1",TRUE,,,
"Deming himself",,,12,"prose","Several further “profound messages” are to be found in the references provided earlier. But I shall content myself here with just one more. And this is (or shou | Dr Walter Shewhart's writing was often not easy to understand—as Dr Deming readily agreed! But Deming saw a purpose in Shewhart's style of writing—it was to hel | As already implied when referring to random sampling, many examples of probability calculations, both at the introductory stage and later, make use of considera",TRUE,,,
"Deming Management",,,12,"prose","WALTON Mary, *The Deming Management Method*. Dodd, Mead & Co Inc (1986), Mercury, London (1989). | WALTON Mary, *Deming Management at Work*. Putnam NY (1990), Mercury, London (1991). | [^a]: The ""Epilogue"" on pages 241–244 of Mary Walton's book *The Deming Management Method* contains a much more substantial account of Dr Deming's presentation ",TRUE,,,
"Deming story",,,12,"prose","First defined in context: Day 1, ""The Deming story"". | Although I hope you will find both this morning’s Overture and this afternoon’s “Deming story” to be mostly easy reading, there are times when you should be pre | In addition to this afternoon’s “Deming story”, there is a broader sense in which this course is designed in a “telling the story” mode. By and large (but not s",TRUE,,,
"don't know",,,12,"prose","So instead, the mathematical ""truth"" enthusiasts let the process mean (and thus the whole normal distribution) wander from its ideal central position. By how mu | Theory is the ground upon which knowledge and practice are founded. There can never be any knowledge or learning without theory. The children are using theory e | - Introduction - *""… but they don't know what to copy!""* - Kaizen - Quality Circles - Just In Time - Six Sigma - Summary - Back to Deming's Legacy - India's Mis",TRUE,,,
"Economics page",,,12,"prose","What exactly did Dr Deming mean by a ""system""? On *The New Economics* page 35 *[50]* he provided this description: [""A system is a network of interdependent com | On *The New Economics* page 36 *[51]*, Dr Deming included a suggestion for the aim of a system in which human beings are involved. It was [""for everybody to gai | The following sentence (*The New Economics* page 69 [102]) is a summary of what Dr Deming saw as necessary for conveying knowledge (as opposed to information):",TRUE,,,
"few years",,,12,"prose","A few years later the son inherited the scooter. Every time he encountered starting problems, he would run with the scooter to make it start. But, one day, even | However, Nehruji was not very keen to meet Dr Deming. He feared that Deming was a capitalist and a typical ""ugly American"". Besides, the Americans were not exac | For a long while, the Red Beads Experiment was the only experiment included in the four-day seminars. However, in his final few years, Deming also added a discu",TRUE,,,
"first week",,,12,"prose","| Worker | Remark | |---|---| | Audrey’s 10 | “At least it’s not as bad as yesterday.” | | John’s 11 | “Hey—that’s *worse* than yesterday. Concentrate!” | | Al’ | After the training period, the workers in turn perform their first week's work. But, despite using the special tool, and despite the comprehensive training that | ""ANALYSIS"" OF THE RESULTS The most obvious phenomenon is surely Ernie's remarkably good performance compared with everybody else. His second week was rather dis",TRUE,,,
"Henry Neave",,,12,"prose","Well, he never answered my question. Some five years later, a certain Henry Neave (who had by then taken me under his tutelage via some serious correspondence)  | The 12 Days to Deming Active Learning Course was created by Dr Henry Neave and first launched in 2020. The course has been adapted for the web by me, Lee Durbin | Dr Henry Neave created 12 Days to Deming to take you on a journey to deeply understand what Dr W. Edwards Deming (1900–1993) taught.",TRUE,,,
"improving quality",,,12,"prose","Links to the Joiner Triangle are less direct in the case of Theory of Knowledge, but nonetheless they are still there. Consider my grouping of the issues into "" | At the time of first hearing of ""six-sigma"" quality, one of my frequent battles had been (and continued to be) that of getting people to think seriously of impr | - Awareness of the distinction between common and special causes of variation and of how to interpret control charts; - Learning how to ask the right questions;",TRUE,,,
"Lower Control Limit",,,12,"prose","What do we see? All the data are contained between the Lower and Upper Control Limits (LCL and UCL). Even Ernie’s 3, just after the forthcoming performance appr | Again let's look first at the short control charts of the two simulations. The second one does not appear to have anything much to tell us, but I suggest the fi | !Second long Rule 2 control chart: a less pronounced but still noticeably tight pattern — none of the 50 values come close to either the upper or lower control ",TRUE,,,
"many others",,,12,"prose","You know that in 1985 I initially thought of Dr Deming as a statistician and a fine mathematician. Of course, I soon found out that he was much more than either | I believe that the large majority do indeed want to do a good job. But mostly they find that “quality assurance” hinders rather than helps. Yes, it can introduc | This leader did not learn from what was said there, and nor have many others. Today, there exist prizes for the ""best"" Quality Circles in India. Do you really t",TRUE,,,
"Mathematical Statistics",,,12,"prose","For a long while I couldn't understand *why* this method was in common use! Sure, the standard deviation is *some* kind of way of producing something like an av | The answer to the first pair of questions is that, quite simply, despite being easier and quicker for you and me to calculate, the MAD turns out to be very awkw | In Mathematical Statistics you will find loads of logical progressions such as",TRUE,,,
"New Economics page",,,12,"prose","What exactly did Dr Deming mean by a ""system""? On *The New Economics* page 35 *[50]* he provided this description: [""A system is a network of interdependent com | On *The New Economics* page 36 *[51]*, Dr Deming included a suggestion for the aim of a system in which human beings are involved. It was [""for everybody to gai | The following sentence (*The New Economics* page 69 [102]) is a summary of what Dr Deming saw as necessary for conveying knowledge (as opposed to information):",TRUE,,,
"now know",,,12,"prose","Compared with what happens with Rules 3 and 4, Rule 2 doesn't look too bad. But that *is* only relative. Think back to your initial reaction to the Ford compens | On Days 2 and 3 and during parts of both of the projects, the emphasis was on understanding variation and why that is useful, and the role it plays in the impro | Now, as we have seen, the hugging-the-Central-Line effect will be more apparent with some sets of Rule 2 data than others: it's a matter of luck! But, at least,",TRUE,,,
"own organisation",,,12,"prose","After you have read Mack's account, I shall ask you to carry out a similar exercise with what you then know about Gallery as you have just done in connection wi | To focus on the *learning* from the Gallery Furniture story, and to help you relate it to your own situation, I now ask you to carry out two similar exercises w | To complete this Major Activity, transcribe from the table on page 5 in Activity 6-a the scores for your own organisation into the central yellow column on page",TRUE,,,
"pages Appendix",,,12,"prose","**1. [Hope for instant pudding.] ** (*Out of the Crisis* pages 107–108[126–127]; Appendix page 32.) The ever-lasting search for the ""quick fix""! The term ""insta | **2. [The supposition that solving problems, automation, gadgets, and new machinery will transform industry.] ** (*Out of the Crisis* page 108 [pages 127–128];  | **3. [Search for examples.] ** (*Out of the Crisis* pages 109–110[128–128]; Appendix pages 32–33.) A large topic, the subject of *DemDim* Chapter 16. Also see P",TRUE,,,
"per week",,,12,"prose","One important fact to learn and appreciate is how *large* common-cause variation (variation produced by the system) can be. With 20% of the beads being red, it  | Several further “profound messages” are to be found in the references provided earlier. But I shall content myself here with just one more. And this is (or shou | A work standard is prescribed: 50 units of production per worker per week. It is important that this standard be achieved and maintained. If production were to ",TRUE,,,
"performance indicators",,,12,"prose","I believe that the large majority do indeed want to do a good job. But mostly they find that “quality assurance” hinders rather than helps. Yes, it can introduc | ## DAY 7: TARGETS, APPRAISALS, PERFORMANCE INDICATORS, QUOTAS, SPECIFICATIONS, PAY FOR PERFORMANCE, FINANCIAL INCENTIVES, LEAGUE TABLES AND OTHER OBSTACLES | Today's study is, in essence, structured in four parts. The work just described on conformance to specifications is the third of those four parts, and the Major",TRUE,,,
"Peter Scholtes",,,12,"prose","I like very much the representation of Dr Deming’s shown alongside, constructed by one of my many American friends, the late, great Peter Scholtes. The words di | On *DemDim* page 32, quoting from that great paper by Peter Scholtes and Heero Hacquebord, we saw: | Carl and I discussed salary pay vs commission. I was beginning to think the unthinkable. We already had what *Team Handbook's* author Peter Scholtes describes a",TRUE,,,
"POINT Institute",,,12,"prose","## Point 7. Institute leadership of people *( )* | But, since the links with the Joiner Triangle are not quite so all-embracing here as in the first two parts of the System of Profound Knowledge, I'll now make s | ## Point 6. Institute training",TRUE,,,
"previous section",,,12,"prose","Most of the time in the previous section was spent on considering how to measure *variation* in subgrouped data. In case you skipped that section, I'll summaris | In this section we'll introduce the type of control charts that are almost universally employed for studying subgrouped data. There are other possibilities but, | With subgrouped data it is usual to construct not just one but *two* control charts, one for the subgroup *means* (the term introduced in the previous section f",TRUE,,,
"purpose Day",,,12,"prose","**POINT 1.** [Create constancy of purpose.] *(Day 4 pages 16--17.)* | **DISEASE 1.** [The crippling disease is lack of constancy of purpose.] *(Day 5 pages 18--19.)* | **DISEASE 2.** [Short-term thinking defeats constancy of purpose.] *(Day 5 pages 20--21.)*",TRUE,,,
"purpose Day pages",,,12,"prose","**POINT 1.** [Create constancy of purpose.] *(Day 4 pages 16--17.)* | **DISEASE 1.** [The crippling disease is lack of constancy of purpose.] *(Day 5 pages 18--19.)* | **DISEASE 2.** [Short-term thinking defeats constancy of purpose.] *(Day 5 pages 20--21.)*",TRUE,,,
"remind yourself",,,12,"prose","So, in both cases, compute the positions of the Central Line and control limits from the data over your chosen baseline and draw them in on your run chart. Now, | To put a little flesh on the bones, it would be a good idea for you to compute these various control limits and see them in action. The easiest way to do that i | Now let's see how to obtain probabilities for *any* normal distribution N(μ,σ²), not just N(0,1). Perhaps it's worthwhile to take yet another look at page 49 to",TRUE,,,
"Rule control",,,12,"prose","Apart from the feature of possibly wandering off to relatively enormous distances from wherever it starts, there is another aspect of Rule 4 which is often seen | !Two short Rule 1 control charts: both baselines show a stable process with Central Line around 30 and control limits spanning roughly 20 to 40, reminiscent of  | !Two long Rule 1 control charts, each continuing the baseline (red) with a green extension to 50 points; both remain comfortably inside the control limits throu",TRUE,,,
"see page",,,12,"prose","Many years ago the late Dr Myron Tribus, a respected consultant and speaker, took around with him some randomly-generated data, displayed in a format somewhat s | As we would have hoped, the Central Lines and the control limits are quite similar in the two simulations—although, of course, they're not in exactly the same p | However, to conclude here, there was yet another example of the use of an unbiased estimator in Part B of these Optional Extras: see page 20. It was adjustment ",TRUE,,,
"stable process",,,12,"prose","As you know, **Rule 1** simply produces the unadulterated data coming from the underlying process of throwing the dice or, in Dr Nelson's original version of th | **Rule 2** is yet another matter. Unusually, this overcompensation problem is often quite difficult to recognise by comparing run charts alone. There is some te | As you'll recall, in Major Activity 3–h you summarised your data from Rules 1 and 2 of the Funnel on histograms and your data from Rules 3 and 4 on run charts. ",TRUE,,,
"standard normal",,,12,"prose","The normal distribution with mean μ and standard deviation σ is often denoted by N(μ, σ²)—again showing the conventional statistician's preference for referring | > If is the mean of a random sample of size *n* taken from a population having mean μ and variance σ² (i.e. standard deviation σ) then > > > > is a random varia | As you might expect from the fact that σ is a measure of variability, *dividing* a random variable by its standard deviation always changes its standard deviati",TRUE,,,
"Statistical Thinking",,,12,"prose","Unfortunately, Quality Control Departments have taken the job of quality away from the people that can contribute most to quality—management, supervisors, manag | - Prelude A: Understanding a System - Prelude B: Understanding Statistical Thinking - Prelude C: Understanding Learning - Prelude D: Understanding People - Coda | Long ago in your *12 Days to Deming* course you became familiar with the importance of a system or parts of a system or processes performing ""within limits""—it ",TRUE,,,
"well worth",,,12,"prose","Firstly, there will be a few of those “requests for action” that I described in the previous section, and it would usually be wise not to rush through those. Bu | So if, some time after you've worked through today's material, you feel you'd like to spend some money on the experiment, my recommendation is to definitely sti | Lastly, although we have been using Charts A3–F3 in this discussion, do not forget the importance of Charts A2–F2. These showed control limits which had been co",TRUE,,,
"without theory",,,12,"prose","- “Illusion of knowledge” comes from how we are taught, both formally and informally. And, sometimes, the more impressive the teacher, the more dangerous he is! | At the end of Prelude B we introduced some thoughts about the word ""theory"". Dr Deming emphasised that all theory leads to knowledge, indeed that no knowledge i | Theory is the ground upon which knowledge and practice are founded. There can never be any knowledge or learning without theory. The children are using theory e",TRUE,,,
"against each",,,11,"prose","This brings to light another attribute of a system: since every person or thing has its role to play in the system, how can it be justifiable to compare that pe | Indeed, ranking and rating are not just senseless—they are harmful. Reflecting the question posed on page 1, why should people [""work together""] (for the advant | When Dr Deming was speaking to Japanese industrialists in the early 1950s, he warned them that they would be in danger of destroying each other if they focused ",TRUE,,,
"already know",,,11,"prose","This is a very common phenomenon (no pun intended!). Even when people get to understand the concept of common-cause variation, they almost always hopelessly und | So, in both cases, compute the positions of the Central Line and control limits from the data over your chosen baseline and draw them in on your run chart. Now, | So if you obtained either of those short control charts in practice then there'd have been no point in extending their control limits into the future. The purpo",TRUE,,,
"better practice",,,11,"prose","So Deming had a very different take on the word ""theory"". Theory is not the ""opposite"" to practice: to him, the purpose of theory was to guide *better* practice | Seeing that you have not drawn the run charts of these data previously, I suggest it would be a good idea for you to develop the charts for Rules 1 and 2 ""live"" | So the truth is that the first of the three stages is strictly all you need to know in order to be able to understand Dr Deming’s *theory* of management, which ",TRUE,,,
"better way",,,11,"prose","### A Better Way | Then, during the second day, there was a noticeable change of atmosphere amongst the 90% of the audience that remained. Now there were increasing signs of recog | But there is a better way. There is an ingenious yet simple approach to substantially reducing the ""contamination"" effect of special causes on the control limit",TRUE,,,
"compensation device",,,11,"prose","Then recall the simple example on . I observed that changing the *average* of my process there would be very easy. And, in my experience, it is indeed very ofte | Input shafts for a transmission were turned in a machine equipped with an expensive automatic compensation device. If the diameter of a shaft was too large, the | A histogram of 50 shaft diameters made *with* the automatic compensation device switched on. The distribution is broad and reaches outside the specification lim",TRUE,,,
"construct control",,,11,"prose","Another great value of Don’s work is that, whereas it used to be the case that control charts were generally considered to require small *samples* of data to be | The prime purpose of Day 3 as a whole is best summarised by the short title of Don Wheeler's excellent little book: *Understanding Variation*. So, looking forwa | So, what are those ""various possibilities"" of what you might do next? The most challenging approach would be to throw you in at the deep end and simply suggest ",TRUE,,,
"construct control charts",,,11,"prose","Another great value of Don’s work is that, whereas it used to be the case that control charts were generally considered to require small *samples* of data to be | The prime purpose of Day 3 as a whole is best summarised by the short title of Don Wheeler's excellent little book: *Understanding Variation*. So, looking forwa | So, what are those ""various possibilities"" of what you might do next? The most challenging approach would be to throw you in at the deep end and simply suggest ",TRUE,,,
"data points",,,11,"prose","Rule 3's behaviour is clearly catastrophic—though did you suspect that such would be the case when (as recalled on the previous page) we may have initially rega | > In the case-study that I retold in *ST*, Don Wheeler did once use a baseline of length 4—but that was when there were only four data-points before the process | Drawing a run chart is straightforward. Of course, with a very large number of data-points such as were used for the run chart alongside, it would also be very ",TRUE,,,
"Deming taught",,,11,"prose","He was making the point just mentioned: he had been competing *against* instead of competing *with* and thus was losing out. When he reversed his thinking, ever | So the Japanese were already well-steeped in what Deming taught long before these practices came into existence, and thus they were able to develop the concepts | Children are taught the importance of *understanding* a subject. Teachers are taught how to help a student *love* a subject. There are video cameras in every cl",TRUE,,,
"Deming Transformation",,,11,"prose","^a^ (page 10) This quotation from the Deming A5 Booklet W2 (formally BDA Booklet W2) has been reproduced with the approval of the Deming Transformation Forum. | BDA BOOKLETS (now known as the Deming A5 Booklets and obtainable from the UK Deming Transformation Forum—see the ""Internet contacts"" section). | *The Deming Library*. Films Inc, Chicago. (Contact WEDI or the UK Deming Transformation Forum.)",TRUE,,,
"different ways",,,11,"prose","So how do we create theory? How do we start? We have seen some different ways. First, the young boy observed the scooter starting and wondered: ""What makes it s | For a start, a particularly important issue which arose in Prelude C is that we are all born with the natural desire to learn. Dr Deming most certainly subscrib | But what about the probability of there being exactly *one* six out of three? Here it's easier to think of one die being thrown three times. There are three dif",TRUE,,,
"during Day",,,11,"prose","**Before Day 6.** For some extra pages of printing for your convenience during Day 6’s Major Activity, etc: see . On this page there is also a reminder to prepa | During Day 3 you were introduced to the ancient but valuable study by Don Wheeler of ""A Japanese Control Chart"": it is examined in some detail in Part B of the  | [""A better description of the world is the Taguchi loss function""] said Deming on *Out of the Crisis* page 120 *[141]*. What's that when it's at home?! Basicall",TRUE,,,
"each day",,,11,"prose","On the other hand, probably all the figures reported at monthly management meetings are from what I call ""man-made"" processes. Obviously, they are reported at t | > ""As the Ford group was touring the Tokai Rika plant, they observed eight production workers 'engaged in active discussion' around this Average and Range Chart | I’ll briefly describe the style of the four-day seminars for you. Basically, except for the breaks, Dr Deming spoke from 9.00 to 4.00 each day (except for finis",TRUE,,,
"each time",,,11,"prose","Another great value of Don’s work is that, whereas it used to be the case that control charts were generally considered to require small *samples* of data to be | > ""Another great value of Don *[Wheeler]*'s books is that, whereas it used to be the case that control charts were generally considered to require small *sample | With subgrouped data it is usual to construct not just one but *two* control charts, one for the subgroup *means* (the term introduced in the previous section f",TRUE,,,
"early stage",,,11,"prose","So let's now examine control charts produced by the two runs of the Funnel Experiment that were demonstrated in the Appendix. It will be useful to look at both  | In this histogram it is fairly easy to see the combined influence of both the original exponential distribution and of an early stage of the Central Limit Theor | With our Shewhart/Deming background we are very likely to presume that the data being illustrated in a histogram come from some *process*: we regard the underst",TRUE,,,
"great deal",,,11,"prose","Secondly, the more general lesson to learn from the words ""the need for"" in Point 3 is as follows. Although it may be feasible to start work on adopting some of | I appreciate that, at this stage, the standard deviation σ of a probability distribution may not mean a great deal to you! But its importance will become more a | NB Throughout this course, exact quotations from Dr Deming are printed in blue in order to set them apart from my own writing. His own quotations are especially",TRUE,,,
"improve quality",,,11,"prose","Obsession With Quality implies having the time to learn how to genuinely improve quality in the specific organisation and environment rather than e.g. just chan | Too often this is the story. The management of a company, seized with a desire to improve quality and productivity, knowing not how to go about it, having not g | A common disease that afflicts management and government administration the world over is the impression that ""Our problems are different"". They are different, ",TRUE,,,
"interpreting control",,,11,"prose","If, either now or subsequently, you wish to obtain more substantial help and guidance on constructing and interpreting control charts than is included in my Spr | On Days 2 and 3 and during parts of both of the projects, the emphasis was on understanding variation and why that is useful, and the role it plays in the impro | I hope you will have found it helpful to gain that additional experience of constructing and interpreting control charts. However, to be fair, Funnel Experiment",TRUE,,,
"interpreting control charts",,,11,"prose","If, either now or subsequently, you wish to obtain more substantial help and guidance on constructing and interpreting control charts than is included in my Spr | On Days 2 and 3 and during parts of both of the projects, the emphasis was on understanding variation and why that is useful, and the role it plays in the impro | I hope you will have found it helpful to gain that additional experience of constructing and interpreting control charts. However, to be fair, Funnel Experiment",TRUE,,,
"Japanese Control",,,11,"prose","During Day 3 you were introduced to the ancient but valuable study by Don Wheeler of ""A Japanese Control Chart"": it is examined in some detail in Part B of the  | *A Japanese Control Chart*. SPC Press Inc (1990). | Before considering the details, it would be useful to take a look at part of the rather famous hand-drawn *X̄-R* chart of which we have already seen something a",TRUE,,,
"Japanese Control Chart",,,11,"prose","During Day 3 you were introduced to the ancient but valuable study by Don Wheeler of ""A Japanese Control Chart"": it is examined in some detail in Part B of the  | *A Japanese Control Chart*. SPC Press Inc (1990). | Before considering the details, it would be useful to take a look at part of the rather famous hand-drawn *X̄-R* chart of which we have already seen something a",TRUE,,,
"league tables",,,11,"prose","The Government judges by conformance to specifications. Think of the various Charters, league tables, etc, etc, … . A train meets the specification if it is no  | Much of both management and government strategy seems based on driving fear *in* rather than *out*. Certainly, for many years, British governments have made exc | ## DAY 7: TARGETS, APPRAISALS, PERFORMANCE INDICATORS, QUOTAS, SPECIFICATIONS, PAY FOR PERFORMANCE, FINANCIAL INCENTIVES, LEAGUE TABLES AND OTHER OBSTACLES",TRUE,,,
"my book",,,11,"prose","The tables and notation being included here are extracts from the table of control-chart constants on page 46 of *EST*, my book of *Elementary Statistics Tables | As you know by now, I have always been quite keen on using computer simulation studies when faced with problems that are difficult or impossible to solve just b | Also in America, SPC Press Inc ( ), who published my book *The Deming Dimension* in 1990 (see pages 12–13 in the Welcome section of file A. PLEASE START HERE), ",TRUE,,,
"my experience",,,11,"prose","Some people make good use of computers. Few people are aware, however, of the negative input of computers. Time and time again, in my experience, when I ask for | Then recall the simple example on . I observed that changing the *average* of my process there would be very easy. And, in my experience, it is indeed very ofte | But even the conventional statistician will probably not be familiar with some or all of what I shall now introduce—so you're on a level playing-field for the t",TRUE,,,
"Old Climate",,,11,"prose","*So ends our concentration on the ""Old Climate"".* | As described near the beginning of the course, this overall structure largely reflects the way that the four-day seminars developed during the second half of th | ""Deming '88"" was not aimed at newcomers. Instead, its purpose was to introduce the ""New Climate"" to those who were already familiar with Deming's work as portra",TRUE,,,
"original version",,,11,"prose","So, returning to our version of the Funnel Experiment, if tampering doesn't do any good (to put it mildly), how might we really ""improve the process"", i.e. redu | As you know, **Rule 1** simply produces the unadulterated data coming from the underlying process of throwing the dice or, in Dr Nelson's original version of th | In case that might be possible, let me tell you what I did in my seminars. As you will remember, Dr Nelson's original version of the experiment is rather tricky",TRUE,,,
"process behaviour",,,11,"prose","In the “Springboard” article just mentioned on , as indeed in much of my other writing, I have largely followed the guidance of Dr Donald J Wheeler by using som | In extract from *EST* on , I referred to the control chart (process behaviour chart) as being “a remarkable statistical technique which, to all intents and purp | > ""Points outside the limits are noted on September 25 and 26, 1980. Having noted that exceptional variation was present, they looked for the Assignable *[Speci",TRUE,,,
"random variation",,,11,"prose","Here is every reaction you gave—to pure, random variation. Read them back and let the absurdity sink in. | So now we have yet more of the profound messages which this ""stupidly simple"" experiment communicates. The emotions raised and havoc wreaked by treating common- | 1. Treating a fault, complaint, mistake, accident as if it came from a special cause when in fact there was nothing special at all, i.e. it came from the system",TRUE,,,
"same time",,,11,"prose","Only recently, the entire management of a large manufacturing concern supposed, by their own declaration, that if all 2,700 operations in the plant were carried | Rather than dangling that carrot in front of a child (""If you do that then I'll reward you like this""), were we instead to give them the privilege of enjoying t | Let me emphasise a few basics. By ""a-few-at-a-time"" data I am implying that we are now dealing with what were referred to above as ""samples"" rather than just si",TRUE,,,
"senior management",,,11,"prose","At this time, as we have moved into the second half of the course, I think I can anticipate what some students may be beginning to think. You are learning about | ""Illustration of selfish competition *versus* cooperation between departments. *Harm comes from internal competition and conflict, and from the fear that is the | Having carried out this exercise, you may already be thinking of ways it can be improved. That's fine: even with the increased choice of ""grades"", this was stil",TRUE,,,
"short term variation",,,11,"prose","There is now no zig-zags with Rule 4. Instead, Rule 4 usually just gently ""wanders around"" (mathematicians often refer to this as a ""random walk""). It may mostl | And Rule 4 is really dangerous. Remember its motivation is to reduce *short-term* variation—which it succeeds in doing. Thus often it really does appear to be e | The ""motivation"" for the various Rules is discussed in *DemDim* Chapter 5, so there is no need for me to say much about that here. In brief, recall that, as we'",TRUE,,,
"something else",,,11,"prose","Secondly, the more general lesson to learn from the words ""the need for"" in Point 3 is as follows. Although it may be feasible to start work on adopting some of | Let's try something else. What about if we let the process mean slide out by 1.5σ (where the normal distribution produces the famous ""3.4 parts per million"")? W | Before considering the details, it would be useful to take a look at part of the rather famous hand-drawn *X̄-R* chart of which we have already seen something a",TRUE,,,
"stable system",,,11,"prose","One of the many needs for understanding the Red Beads process as a stable system is that, were this a real production process, such understanding would enable s | However, *all* we see in the main material of this course that is related to the subject of Statistics is what I like to summarise in just two words: “understan | In the context of the Funnel Experiment, what’s missing is the understanding of what Deming meant by a “stable system”. The reason I want you to try out the Fun",TRUE,,,
"standard deviations",,,11,"prose","As we would have hoped, the Central Lines and the control limits are quite similar in the two simulations—although, of course, they're not in exactly the same p | Actually, the good news is that, for the purpose of constructing and using control charts for a-few-at-a-time data, i.e. using *subgroups* rather than one-at-a- | However, as mentioned earlier, the theory underlying where we place the control limits relates to standard deviations rather than to any other type of measure o",TRUE,,,
"such things",,,11,"prose","My acquaintance was, in fact, also now a member of staff in another part of the same university. This was around the time that British universities were first b | - A very long while ago, I used to teach control-charting the “conventional” way, i.e. trying to interpret control limits in terms of probabilities, saying that | Walter Shewhart referred to both types of fluctuations as ""variation"". By a process behaving ""normally"" we mean it has ""normal"" variation. (Incidentally, in cas",TRUE,,,
"tell us",,,11,"prose","We, of course, had never heard of it. He then went on to tell us how Motorola, the famous electronic component giant from the USA, had started a Quality initiat | Again let's look first at the short control charts of the two simulations. The second one does not appear to have anything much to tell us, but I suggest the fi | What do dictionaries tell us about those puzzling words? Actually, I discovered that neither dictionaries on the internet nor in print seem very helpful with th",TRUE,,,
"term variation",,,11,"prose","There is now no zig-zags with Rule 4. Instead, Rule 4 usually just gently ""wanders around"" (mathematicians often refer to this as a ""random walk""). It may mostl | And Rule 4 is really dangerous. Remember its motivation is to reduce *short-term* variation—which it succeeds in doing. Thus often it really does appear to be e | The ""motivation"" for the various Rules is discussed in *DemDim* Chapter 5, so there is no need for me to say much about that here. In brief, recall that, as we'",TRUE,,,
"anything else",,,10,"prose","In addition to the emphasis yet again on improvement of the system, think of the additional variation that is caused if this Point is *not* put into effect. The | And this is all from two distributions which *look* virtually the same where we can see them and where, in practice, we could *never* tell apart. And we haven't | There are also lots of circumstances which will lead to positively autocorrelated data. Financial data are a good case in point. Stock market indices, inflation",TRUE,,,
"Balaji Reddie",,,10,"prose","*(BY REQUEST OF BALAJI REDDIE …)* | This article that Balaji Reddie has been very keen for me to show you (see his ""Contributions"" page 33) was the seventh in a series of eight short articles that | *(Return to Contributions from Balaji Reddie page 33.)*",TRUE,,,
"BDA Booklet",,,10,"prose","I’ll prepare the ground by quoting *verbatim* from a magnificent presentation that Deming gave to an audience at the Palace of Versailles, France in 1989, trans | Many years ago the late Dr Myron Tribus, a respected consultant and speaker, took around with him some randomly-generated data, displayed in a format somewhat s | ^a^ (page 10) This quotation from the Deming A5 Booklet W2 (formally BDA Booklet W2) has been reproduced with the approval of the Deming Transformation Forum.",TRUE,,,
"binomial distributions",,,10,"prose","A more organised way of dealing with *all* binomial distributions is presented in the Technical Section on pages 85–89. | Let's start by revisiting the development of the two illustrations on pages 37–42 in Part D of (a) tossing two coins and counting the number of Heads and of (b) | However, only two very simple binomial distributions were introduced in Part D: those involving the count of Heads when two coins are tossed and then the number",TRUE,,,
"blood pressure",,,10,"prose","Apart from the feature of possibly wandering off to relatively enormous distances from wherever it starts, there is another aspect of Rule 4 which is often seen | Many years ago, in the early 1970s, if people were diagnosed with high blood pressure, some research showed that this was often related to the blood containing  | However, a few months later, these same people started complaining of low energy levels and low resistance to diseases. The research laboratories went into over",TRUE,,,
"British Deming Association",,,10,"prose","This article that Balaji Reddie has been very keen for me to show you (see his ""Contributions"" page 33) was the seventh in a series of eight short articles that | But a lot of other stuff that Deming had written did appeal to me, so I rather set aside that business about the two types of statistical studies and read about | ## The British Deming Association and later",TRUE,,,
"browse through",,,10,"prose","So please just pick and choose what, if anything, you read here in these Optional Extras. Or just browse through them and see if anything catches your eye. Mayb | **Stats-level 2**: As Stats-level 1 but also browse through the Springboard article when you feel like it and take time to go through it more thoroughly after D | I hope therefore that you will find pages 19–34 interesting to browse through now (so that you get some idea of what's there) but, more importantly, that they w",TRUE,,,
"Chief Executive",,,10,"prose","In the 1970s, a medium-sized American company, the Nashua Corporation, was an agent for copying machines made by Ricoh, the well-known Japanese manufacturer. In | Let me emphasise even further Deming’s concentration on the importance of control charts. He was clear that it is generally desirable for *everyone* in an organ | *B J:* The answer is absolutely yes. The question is: how widely? We know, for example, from the Francis enquiry into Mid-Staffordshire *(see pages 23--24)*, th",TRUE,,,
"competing against",,,10,"prose","Indeed, ranking and rating are not just senseless—they are harmful. Reflecting the question posed on page 1, why should people [""work together""] (for the advant | When Dr Deming was speaking to Japanese industrialists in the early 1950s, he warned them that they would be in danger of destroying each other if they focused  | ## Competing against or competing with?",TRUE,,,
"Crisis pages Appendix",,,10,"prose","**1. [Hope for instant pudding.] ** (*Out of the Crisis* pages 107–108[126–127]; Appendix page 32.) The ever-lasting search for the ""quick fix""! The term ""insta | **3. [Search for examples.] ** (*Out of the Crisis* pages 109–110[128–128]; Appendix pages 32–33.) A large topic, the subject of *DemDim* Chapter 16. Also see P | **5. [Obsolescence in Schools [i.e. Schools of Business].] ** (*Out of the Crisis* pages 110–111[130–131]; Appendix page 33.) On *Out of the Crisis* page 110[13",TRUE,,,
"Deming Association",,,10,"prose","This article that Balaji Reddie has been very keen for me to show you (see his ""Contributions"" page 33) was the seventh in a series of eight short articles that | But a lot of other stuff that Deming had written did appeal to me, so I rather set aside that business about the two types of statistical studies and read about | ## The British Deming Association and later",TRUE,,,
"Deming Institute",,,10,"prose","WEDI (The W Edwards Deming Institute) (USA): | After Japan faced the repeated wrath of the tsunamis and earthquakes in 2011, they managed to resurrect themselves remarkably quickly. A note was sent from the  | Worldwide, the W Edwards Deming Institute (WEDI) in America is the obvious initial source. The Institute was founded by Dr Deming just before his death in 1993 ",TRUE,,,
"Deming's own words",,,10,"prose","My treatment of the 14 Points in those days was rather along the lines of what you can read on *DemDim* pages 39–48. I simply took them one at a time, giving a  | On each left-hand page I shall begin by stating the particular Point using the version in *DemDim* Chapter 3. As mentioned early today, these statements are all | An obvious trouble then is that it is the *number* which becomes the aim—as opposed to (a) *quality* being the aim and (b) the number (amongst many others) bein",TRUE,,,
"distance between",,,10,"prose","Spot the difference! Yes, we have now improved the process, i.e. reduced σ, sufficiently enough for the distance between the Central Line and either Specificati | If you have a control chart then you can immediately compute a value for this expression. You will (directly or indirectly) have used a value of σ to find the c | But, with our knowledge of what Rule 2 is, isn't that precisely what we would expect? Rule 2's compensation mechanism virtually ensures that particularly high v",TRUE,,,
"Dr Walter",,,10,"prose","You will recall that this topic of Statistical Thinking was born in the 1920s due to the brilliant insights of Dr Walter Shewhart. He made a discovery about pro | Dr Walter Shewhart's writing was often not easy to understand—as Dr Deming readily agreed! But Deming saw a purpose in Shewhart's style of writing—it was to hel | For example, the ""conventional"" student has been taught that both the theory and ""validity"" of control charts depend upon traditional Mathematical Statistical f",TRUE,,,
"enumerative studies",,,10,"prose","But even the conventional statistician will probably not be familiar with some or all of what I shall now introduce—so you're on a level playing-field for the t | Now, at that time, I had already been a Lecturer in Statistics in the University of Nottingham's Department of Mathematics for over 15 years. So I suppose I had | How about a brief explanation of ""enumerative studies"" in my own words? As we shall see later, an introductory course on conventional Statistics often begins by",TRUE,,,
"etc etc",,,10,"prose","And there’s the difficulty. What kind of “terms and conditions” could possibly be specified that would apply in practice to data from processes of all the kinds | The Government judges by conformance to specifications. Think of the various Charters, league tables, etc, etc, … . A train meets the specification if it is no  | Your body temperature is an example of what I call a ""natural"" process. Its optimum value is said to be 98.4°F or 98.6°F, depending on the country in which you ",TRUE,,,
"false alarms",,,10,"prose","Firstly I'll look at the possibility of ""false alarms"", i.e. signals that a special cause exists when in fact the process has remained stable. False alarms can  | ### (A) How often will false alarms occur when the control chart is being used ""live""? | With the assumptions made in the simulation study, and with the variety of baseline lengths as shown, here are the percentages of false alarms (i.e. signals tha",TRUE,,,
"far too",,,10,"prose","Again let's look first at the short control charts of the two simulations. The second one does not appear to have anything much to tell us, but I suggest the fi | * Dr Deming’s focus was on the longer rather than the shorter term. If you are looking for the next short-term quick fix, this is the wrong place. Besides which | So the All-Knowing, looking down at the system from on high, has full comprehension of it. But to the Un-Knowing, looking up at it from floor level, it is far t",TRUE,,,
"find yourself",,,10,"prose","As I said back on page 29 (which in turn recalled something on Day 1 page 6), delegates having some qualification in Statistics could be something of a problem  | This Overture performs a similar function. It does indeed expose you to an initial ""feel"" of what is to follow, of both the nature and some of the content of th | Now, that was quite a mouthful. I know it—I warned you! But, a word of caution. I’m not arguing for the appropriateness of all of these things in *isolation.* (",TRUE,,,
"First defined",,,10,"prose","A short, alphabetical reference for the course's most-recurring specialised terms. Definitions are taken verbatim from Neave's prose (or from a Deming quote tha | First defined in context: Day 1, ""The Deming story"". | First defined in context: Day 11, ""Theory of Knowledge — Operational Definitions"".",TRUE,,,
"first heard",,,10,"prose","But, since the links with the Joiner Triangle are not quite so all-embracing here as in the first two parts of the System of Profound Knowledge, I'll now make s | I was delighted when, several years ago, I first heard the phrase ""six-sigma quality"", made famous through the quality programme bearing that name at Motorola,  | Just one further example of poor understanding—although this one is not from Japan. In 1995 I embarked on a course in Management of Quality which was titled: ""P",TRUE,,,
"Ford example",,,10,"prose","First, let's compare the histograms for Rules 1 and 2. If you look back to the similar histograms in the Ford example, remember that the Ford people were initia | That should make clear the considerable reduction of variation produced by Rule 1 compared with Rule 2. If you look back to the histograms, matching what was se | Rule 2 is the case where, as we know both from the Ford example and from your own work in the Major Activity, the situation is undesirable compared with Rule 1,",TRUE,,,
"Four Preludes",,,10,"prose","**FOUR PRELUDES AND A CODA** | As you know, these four Preludes respectively introduce some of the concepts in the four parts of Dr Deming's System of Profound Knowledge which you will study  | There were around five of Balaji's short articles relating to each of the four parts, plus a summing-up as the final article of the set. We have called the revi",TRUE,,,
"gap between",,,10,"prose","I'll move straight on to **Rule 4** since that's the one you have dealt with most recently. The clue as to what happens to the control limits here follows direc | Regarding the control limits, there are two influences with Rule 2 that will widen the gap between them. Firstly, there is the approximately 40% increase in var | Whereas Rule 3's short control charts did not give much warning of the horrors to come, Rule 4's short charts immediately show conclusive evidence of severe pro",TRUE,,,
"General Motors",,,10,"prose","During one of his seminars at General Motors in Michigan, Deming came out with such a ""startling"" statement about pay. It was: | In *The Deming of America* video, he repeated those exact words. This certainly startled Priscilla Petty, his interviewer! Deming then recalled that occasion at | > [""Sure you have to have enough to live on, and to live right. Beyond that, pay is not a motivator. Remember Norb Keller's statement which I think is famous. O",TRUE,,,
"gives us",,,10,"prose","The next step is to test our theory. How? We create different situations where we vary the factors and see how they behave with each other. If the effect in whi | That link between the picture of the probabilities and the histograms as the amount of sampling increases has its parallel with the sample statistics. Let's con | That's better—much easier arithmetic! It simply boils down to . So then taking the square root gives us , which is equal to 0.707.",TRUE,,,
"horizontal axis",,,10,"prose","But beware! If you read Part E of the Optional Extras you will find me referring on page 60 to the famous British statistician, the late Professor George Box, s | In my introduction, I've already told you one of the extraordinary things about the normal distribution: i.e. that, although the curve gives the visual *impress | My great friend Don Wheeler (from whom I've learned so much over the years) told me about a family of probability distributions that was studied by Irving W Bur",TRUE,,,
"I'd say",,,10,"prose","**Rule 2** is yet another matter. Unusually, this overcompensation problem is often quite difficult to recognise by comparing run charts alone. There is some te | What would have happened if Ravi *had* reported his collection of Rs. 20 lakhs? Chances are that his manager would have promptly revised his target to Rs. 21 la | And, as becomes very clear, in the first simulation the experiment this effect continues all the way through the complete control chart. Even in the second simu",TRUE,,,
"Indian man",,,10,"prose","Quite simply, the Quality Circle concept was created as one of many ways to promote cooperation and learning. Let me now take this a step further. I would like  | The course was of six months' duration. In the morning sessions the students had classroom interactions with the teachers. Then, in the afternoons, they worked  | On the following day this man was given a job of carrying out some soldering. All he had to do was to take a board with components on it and immerse it in a ves",TRUE,,,
"left tfrac",,,10,"prose","$$\begin \sigma^2 &= \left(0 - \tfrac \right)^2 \times \tfrac + \left(1 - \tfrac \right)^2 \times \tfrac + \left(2 - \tfrac \right)^2 \times \tfrac + \left(3 -  | $$\begin \mathrm [\bar ] &= \mathrm \!\left[\tfrac (X_1 + X_2 + \dots + X_n)\right] = \tfrac \mathrm [X_1 + X_2 + \dots + X_n] = \tfrac \bigl(\mathrm [X_1] + \m | $$\begin \mathrm \!\left[\tfrac \sum (X - \mu)^2\right] &= \tfrac \mathrm \!\left[\sum (X - \mu)^2\right] = \tfrac \mathrm \bigl\ \\ &= \tfrac \bigl(\mathrm [(X",TRUE,,,
"let us",,,10,"prose","But now let us return to the first paradox summarised on : the apparently strange matter of neither the all-important tool of the control chart nor its creator, | Let's consider a further example of interconnectedness. Take the case of a classroom in a college where a lecture is to be conducted. Some obvious components of | Because of their importance, let us learn something of the circumstances in which Shewhart’s great discoveries took place, as that will help us to understand mu",TRUE,,,
"Let's consider",,,10,"prose","If you are mathematically inclined, you might like to use the above criterion to verify the following alarming argument. Let's consider starting with the proces | Take the case of that beautiful but fearsome animal: a tiger. Besides procreation, let's consider three possibilities for its aim: | Let's consider a further example of interconnectedness. Take the case of a classroom in a college where a lecture is to be conducted. Some obvious components of",TRUE,,,
"little later",,,10,"prose","In connection with what is often referred to as the UK Government's ""hostile immigration environment"", Home Secretary Amber Rudd told the Home Affairs Select Co | Before proceeding to the final case, let's note something that will be important a little later. This is that, in the two cases so far considered, the calculati | As he explained it just a little later in his presentation:",TRUE,,,
"make things worse",,,10,"prose","We face many such instances in life where we simply react to what has just occurred—sometimes called a ""knee-jerk reaction""—whether at home or in our place of w | But what could be wrong with good intentions and best efforts? Nothing—*if* (and that’s a big “if”) they are guided by genuine understanding. But if they are no | > “ ... the harder they tried, the worse were the effects. … When anything bad occurred, they went to work on it to try to correct it. A noble aim. There was on",TRUE,,,
"Motor Company",,,10,"prose","Here is one more very famous Japanese invention, in this case originating in the Toyota Motor Company. Americans named it ""Just in Time"" because they did not un | When he went to work the following day, he told his trusted aides, Taichi Ohno and Shiego Shengo, what had happened. They were puzzled. ""What do you want us to  | Before considering the details, it would be useful to take a look at part of the rather famous hand-drawn *X̄-R* chart of which we have already seen something a",TRUE,,,
"my mind",,,10,"prose","- I changed my mind for two reasons. The first is that eventually I had two excellent and patient teachers: Dr Deming and Dr Don Wheeler. Secondly, I found in p | One genuinely fit and healthy athlete does come readily to my mind. That is the great Dara Singh, who always believed in being fit and healthy the natural way.  | You have seen several instances in the course where I've made what might have appeared to be derogatory comments about ""conventional"" or ""traditional"" Statistic",TRUE,,,
"new philosophy",,,10,"prose","## Point 2. The new philosophy | **Adopt the new philosophy. We are in a new economic age,** created in Japan. We can no longer live with commonly accepted levels of delays, mistakes, defective | This is a whole new philosophy. It's not just optional add-ons to what we are already doing; it's not the use of a few new tools. At the beginning of the course",TRUE,,,
"other parts",,,10,"prose","Every person, every part, everything has its importance in a system—else why is it there? Some parts may be able to do absolutely nothing on their own yet have  | This brings to light another attribute of a system: since every person or thing has its role to play in the system, how can it be justifiable to compare that pe | This fourth Deadly Disease needs some clarification in order to avoid misinterpretation. Dr Deming is not suggesting that one should necessarily be stuck in the",TRUE,,,
"other sources",,,10,"prose","Part D includes a fairly extensive introduction and discussion on the normal distribution. So effectively all that is left is (as promised on page 50) to introd | However, my personal favourite amongst the American videos is *The Deming of America*. This video, which was made for PBS (America’s Public Broadcasting Service | > At this early stage of the course, you probably do not have access to other sources. But if you do, or will be doing so before long, you may find plenty more ",TRUE,,,
"outside specifications",,,10,"prose","Now, if a process having ""six-sigma"" quality is properly centred, the relevant figure from the table is the final one, the 0.000000000987—except that there are  | So instead, the mathematical ""truth"" enthusiasts let the process mean (and thus the whole normal distribution) wander from its ideal central position. By how mu | I'll just quote a few figures. First, actually now having a ""six-sigma"" process *properly centred*. Recall that the normal distribution tells us that then there",TRUE,,,
"page references",,,10,"prose","I carried out some fairly important updates to *DemDim* in 1992, not long before *The New Economics* was first published, and I think there is little if any inc | NB New editions of *Out of the Crisis* (Second Edition) and *The New Economics* (Third Edition) were published in 2018, both now including contributions from re | In the Second Project on Days 10 and 11 I shall be introducing you to what I regard as some of Dr Deming’s very best writing—concise but containing a wealth of ",TRUE,,,
"people learn",,,10,"prose","For a start, a particularly important issue which arose in Prelude C is that we are all born with the natural desire to learn. Dr Deming most certainly subscrib | - Understanding that people are inherently good: they *want* to do a good job; - Understanding that different people learn differently and hence think different | Training budgets in many organisations are absurdly small. So how do people learn the skills necessary for their jobs? Notice Deming's emphasis in his second se",TRUE,,,
"per hour",,,10,"prose","Indeed, ranking and rating are not just senseless—they are harmful. Reflecting the question posed on page 1, why should people [""work together""] (for the advant | People's contributions to a system also need to be regulated. A favourite example of Dr Deming's was that of an orchestra with 140 players who are all there to  | Finally, let me bring together a few of the important illustrations we have described. First, the salesman who lied was in all probability selling more than cou",TRUE,,,
"Peter Scholtes's diagram",,,10,"prose","After writing so much on what can and does go wrong, let's return to the System of Profound Knowledge. In case you might find it helpful, I would like to give y | I liked it! Three succinctly-expressed major foundations of Dr Deming's work, and displayed in a simple diagrammatical form which also clearly broadcasts the me | Second, you have now seen three short introductions to the System of Profound Knowledge: Peter Scholtes's diagram, the introduction in *DemDim* Chapter 18, and ",TRUE,,,
"Quality Productivity",,,10,"prose","Yet again, the thrust of this Point is that the lack of quality, productivity, behaviour, performance—just about everything—comes from the system (common causes | The big gain is not the \$500 per year that the men saved. What is important is that these men could now take pride in the improvement. They felt important to t | > ""There are many reasons why US quality / productivity (they go hand in hand) have not kept ahead. A few of the major ones are: the educational system that tur",TRUE,,,
"quick look",,,10,"prose","So, in summary, unless you *really* want to limit yourself to Stats-level 00, do take at least a quick look at all of the main text (except possibly for the Tec | Now, also as previously promised, let's return to the illustrative example with which we started Day 2. So, if you need to, take a quick look back at the first  | - If you are studying this course in a small group rather than on your own, you may have time to take a quick look at the relevant chapter in Part 5 of *DemDim*",TRUE,,,
"random sampling",,,10,"prose","### Mechanical *vs* random sampling | The almost automatic presumption that the long-term proportion of red beads obtained in the experiment must equal the proportion of red beads in the container i | Random sampling can only properly be done by allocating a number to each bead and then selecting the beads according to genuine random numbers (or, more practic",TRUE,,,
"sales figures",,,10,"prose","For illustration, imagine we have just launched a new product on the market, and consider how its monthly sales figures might develop and how the management mig | To keep things easy, I'll present the supposed monthly sales figures as simple whole numbers. For example, we might be rounding to the nearest 1,000 sales so th | A run chart of monthly sales figures, with months 1 to 3 on the x-axis and sales values on the y-axis. The line goes up sharply from 13 in Month 1 to 19 in Mont",TRUE,,,
"Scholtes's diagram",,,10,"prose","After writing so much on what can and does go wrong, let's return to the System of Profound Knowledge. In case you might find it helpful, I would like to give y | I liked it! Three succinctly-expressed major foundations of Dr Deming's work, and displayed in a simple diagrammatical form which also clearly broadcasts the me | Second, you have now seen three short introductions to the System of Profound Knowledge: Peter Scholtes's diagram, the introduction in *DemDim* Chapter 18, and ",TRUE,,,
"simulation study",,,10,"prose","Having learned something about that, there was an obvious way to examine the claim that our data *have to* come from a normal distribution in order for the cont | Full details of this simulation study and the results it produced are provided in Section 4 (pages 68–70). | There's an obvious way to examine this (without raising the tricky matter of exact stability not being feasible!). And that is to modify the program so as to ge",TRUE,,,
"somewhere between",,,10,"prose","However, suppose Ravi had been working for a different manager, one who had some understanding of the fact that (irrespective of whether or not he set a target  | There is still more good news to come! The almost universally accepted way of computing control limits for control charts based on a-few-at-a-time data, i.e. us | However, it is more usual to read body temperatures to one place of decimals. So in that case, on the occasions when you record exactly 37°C (which, to one plac",TRUE,,,
"Table Five",,,10,"prose","(ii) refer to the table numbers here in words, i.e. Table One, Table Two, …, up to Table Five. | In Table Four we see that there were altogether seven such new options under consideration; all of these therefore had a − in the area which was able to adopt i | !Table Five — blank (left) and filled in with the DemDim example (right)",TRUE,,,
"The Deming of America",,,10,"prose","But, since the links with the Joiner Triangle are not quite so all-embracing here as in the first two parts of the System of Profound Knowledge, I'll now make s | However, my personal favourite amongst the American videos is *The Deming of America*. This video, which was made for PBS (America’s Public Broadcasting Service | Having recently checked on the internet, I cannot find *Doctor’s Orders* anywhere, but *A Prophet Unheard* is available. Also, both the *Deming Library* collect",TRUE,,,
"using moving",,,10,"prose","Also as previously, we are likely to be interested in some way of measuring the *variation* of the numbers in our subgroup. On Day 3 we became familiar with the | The two particular issues raised above both stem from the fact that *some* help from Mathematics is necessary in order to develop the details of where control l | The major point is that, in most cases, using moving ranges substantially reduces the ""contamination"" effect of special causes on the control limits compared wi",TRUE,,,
"using moving ranges",,,10,"prose","Also as previously, we are likely to be interested in some way of measuring the *variation* of the numbers in our subgroup. On Day 3 we became familiar with the | The two particular issues raised above both stem from the fact that *some* help from Mathematics is necessary in order to develop the details of where control l | The major point is that, in most cases, using moving ranges substantially reduces the ""contamination"" effect of special causes on the control limits compared wi",TRUE,,,
"Win Win",,,10,"prose","First, whereas training is very focused, ""education"" implies breadth—learning about other areas—and this often provides inspiration about what could be helpful  | But, by the late 1980s, Dr Deming’s teaching had broadened and deepened. The phrase “A New Climate” repeatedly came into my mind. Just as in Japan more than 35  | The words ""All One Team"" surely speak for themselves. They have strong connections with the concepts of optimisation of the system (i.e. helping it to work in t",TRUE,,,
"working together",,,10,"prose","All One Team implies working together for the benefit of all. But fear results in our working narrowly for what we see as personal survival, and ""Devil take the | But the links are stronger still. In one of my seminars I often used a slide which simply shows the Joiner Triangle with two words inscribed in the middle: ""Red | In the 1970s there were four spin-bowlers in India's cricket team. Each spinner had a certain role to play, a role which was different from the others' roles. B",TRUE,,,
"active learning course",,,9,"prose","Why an ""Overture"" rather than an ""Introduction""? Simply because this half-day contains much more than you would expect in a mere introduction to this structured | The 12 Days to Deming Active Learning Course was created by Dr Henry Neave and first launched in 2020. The course has been adapted for the web by me, Lee Durbin | Why an “active-learning” course? You are probably more familiar with the term “distance-learning.” However, distance cannot improve learning, but activity certa",TRUE,,,
"against each other",,,9,"prose","This brings to light another attribute of a system: since every person or thing has its role to play in the system, how can it be justifiable to compare that pe | Indeed, ranking and rating are not just senseless—they are harmful. Reflecting the question posed on page 1, why should people [""work together""] (for the advant | When Dr Deming was speaking to Japanese industrialists in the early 1950s, he warned them that they would be in danger of destroying each other if they focused ",TRUE,,,
"already pointed",,,9,"prose","As you are now well aware from Part D, since the normal distribution is a *continuous* distribution we cannot now sensibly consider probabilities of individual  | * He was concerned not with mere change but with transformation of Western style of management (his own term for it). * He was working toward the very best imag | For the second part of the question I'll simply suggest that you repeatedly refer to Charts A1–F1 (or, to be on the safe side, A1–E1). As I've already pointed o",TRUE,,,
"analytic studies",,,9,"prose","But even the conventional statistician will probably not be familiar with some or all of what I shall now introduce—so you're on a level playing-field for the t | Now, at that time, I had already been a Lecturer in Statistics in the University of Nottingham's Department of Mathematics for over 15 years. So I suppose I had | So I'd better try some brief explanations in my own words! ""Analytic studies"" are indeed what we have been involved with, particularly in the early days of *12 ",TRUE,,,
"Author's note",,,9,"ui","./content/days/day-01/08-attraction.qmd | ./content/days/day-01/09-different.qmd | ./content/days/day-02/04-our-first-control-chart.qmd",TRUE,,,
"average number",,,9,"prose","So the average number of red beads obtained by the statisticians was . | Then the average number of red beads obtained by the Spaniards was . | One important fact to learn and appreciate is how *large* common-cause variation (variation produced by the system) can be. With 20% of the beads being red, it ",TRUE,,,
"bar mu",,,9,"prose","$$\begin \sum (X - \bar )^2 &= \sum (X - \mu - \bar + \mu)^2 = \sum \ - \mu)\}^2 \\ &= \sum \ -\mu)^2 - 2(X-\mu)(\bar -\mu)\}. \end $$ | $$\begin \sum \ -\mu)^2 &- 2(X-\mu)(\bar -\mu)\} \\ = \ &(X_1-\mu)^2 + (\bar -\mu)^2 - 2(\bar -\mu)(X_1-\mu) \\ + \ &(X_2-\mu)^2 + (\bar -\mu)^2 - 2(\bar -\mu)(",TRUE,,,
"batch inspection",,,9,"prose","One of the earliest applications of Shewhart's invention of the control chart was for batch inspection of mass production processes. In such inspection, samples | If during Day 1 you read the discussion in the Appendix about the first paradox then you may recall Dr Deming's mention of Shewhart's ""3σ-limits"" (σ is a Greek  | > ""One of the earliest applications of Shewhart's invention of the control chart was for batch inspection of mass production processes. In such inspection, samp",TRUE,,,
"become familiar",,,9,"prose","With regard to that response I have often noticed how, once people have become familiar with control charts and how to interpret them—particularly in terms of c | Once people have become familiar with Statistical Thinking, it alters their way of thinking and acting even when they are not using any data. Here is an illustr | If you have read my discussion of the Funnel Experiment Major Activity 3–h in Appendix pages 15–18, you will remember that I studied two simulated sets of Funne",TRUE,,,
"behaviour chart",,,9,"prose","In the “Springboard” article just mentioned on , as indeed in much of my other writing, I have largely followed the guidance of Dr Donald J Wheeler by using som | In extract from *EST* on , I referred to the control chart (process behaviour chart) as being “a remarkable statistical technique which, to all intents and purp | > ""Points outside the limits are noted on September 25 and 26, 1980. Having noted that exceptional variation was present, they looked for the Assignable *[Speci",TRUE,,,
"below average",,,9,"prose","Sadly, we do not have to look far to see innumerable examples of this being done. Children are ranked and graded by comparison with the average marks obtained.  | Please note that I am not indicating my approval of this or any other such scheme! To criticise people simply because, according to some set of results, they ap | Careless thought about the concept of “average” can have various peculiar consequences, either serious or humorous depending upon circumstances. I relate a few ",TRUE,,,
"better quality",,,9,"prose","The big gain is not the \$500 per year that the men saved. What is important is that these men could now take pride in the improvement. They felt important to t | A left-to-right chain of five linked boxes showing Deming's Chain Reaction. **Improve processes and product** leads to **Costs decrease**, which leads to **Capt | Reduced variation! Better quality! Everything clearly within the specifications! *With that sensible and very expensive compensation device turned off!*",TRUE,,,
"between departments",,,9,"prose","The strong link here is wholly obvious. But note the implications concerning management style. Anything (and there is often much) that management does to erect  | Less trivially, suppose the data alternately measure efficiency or productivity etc of both a day-shift and a night-shift. There could be many reasons for a zig | **Break down barriers between departments and staff areas.** People in different areas, such as Research, Design, Sales, Administration, and Production, must wo",TRUE,,,
"cdot mathrm",,,9,"prose","$$\begin \mathrm [XY] &= \sum xy \cdot \mathrm (X = x \text Y = y) \\ &= x_1 y_1 \cdot \mathrm (X = x_1 \text Y = y_1) + x_1 y_2 \cdot \mathrm (X = x_1 \text Y  | $$\begin &x_1 y_1 \cdot \mathrm (X = x_1) . \mathrm (Y = y_1) + x_1 y_2 \cdot \mathrm (X = x_1) . \mathrm (Y = y_2) \\ &\quad + x_2 y_1 \cdot \mathrm (X = x_2) ",TRUE,,,
"Competitive Position",,,9,"prose","DEMING W Edwards, *Quality, Productivity and Competitive Position*. Massachusetts Institute of Technology, Center for Advanced Engineering Study (1982). | Then in 1982 a friend at Nashua here in the UK gave me a copy of the mimeographed book which Dr Deming was now issuing to all the delegates at his seminars. It  | However, before we begin, here's a warning. I first read about the Experiment on Red Beads at least three years before I first saw it carried out at Dr Deming's",TRUE,,,
"computer simulation",,,9,"prose","In order to aid my own learning from the Funnel Experiment, I wrote a computer simulation of the whole of this Major Activity, including fixing the first five d | - Introduction - Part A: Using control charts on Funnel Experiment data — an extension of Major Activity 3–h 1. Introduction 2. Rules 1 and 2 of the Funnel *(** | So, whether or not you have a background in conventional Statistics, there you have many clues as to why much of the remaining content has been included within ",TRUE,,,
"computer simulations",,,9,"prose","The prime purpose of Day 3 as a whole is best summarised by the short title of Don Wheeler's excellent little book: *Understanding Variation*. So, looking forwa | Since manual sampling is now effectively out of the question, we'll need to resort to computer simulations (and it won't be the last time in these Optional Extr | Of course, usually our sample sizes *n* are rather small compared with "" ""! But what makes the Central Limit Theorem even more attractive is that, almost always",TRUE,,,
"confidence intervals",,,9,"prose","And there’s the difficulty. What kind of “terms and conditions” could possibly be specified that would apply in practice to data from processes of all the kinds | - Introduction - Part A: Using control charts on Funnel Experiment data — an extension of Major Activity 3–h 1. Introduction 2. Rules 1 and 2 of the Funnel *(** | - Summarising ""raw data"" through pictures such as histograms and the calculation of ""sample statistics"" such as the sample mean *X̄* and the sample standard dev",TRUE,,,
"dice scores",,,9,"prose","In order to aid my own learning from the Funnel Experiment, I wrote a computer simulation of the whole of this Major Activity, including fixing the first five d | We'll use my own dice-scores to start with so that you can follow my illustration exactly; you'll be able to start throwing your own dice very soon! Work throug | **Use the interactive below to step through Rule 2.** The first 5 stages use the author's worked example (dice-scores 10, 8, 6, 7, 4); from Stage 6 onward your ",TRUE,,,
"dissatisfied callers",,,9,"prose","At the end of each week you hold a “progress meeting” to comment on the results. Let’s look on the grim side to start with! How much worse than the average of 1 | Naturally, we would not expect everyone to get *exactly* 10 dissatisfied callers and 40 satisfied callers every week (something to do with understanding variati | So, to repeat the above question, how much worse than the average of 10 dissatisfied callers would the result need to be for you to feel justified in at least c",TRUE,,,
"each part",,,9,"prose","Let's now collect together some of the important learning from our first two Preludes and then consider some of the consequences of that learning. We have seen  | I'll divide the work you'll carry out on each part of the System of Profound Knowledge into four steps that I will describe over the next two and a half pages a | There are various possibilities about how to tackle each part of the System of Profound Knowledge respectively over the four half-days. I'll describe some of th",TRUE,,,
"even though",,,9,"prose","A programmer has a similar problem. She learns, after she finishes the job, that she has programmed very well the specifications as delivered to her, but that t | > ""If we observe a signal even though the process has not changed, we have made a *Type I error* (α). This error leads to inefficiency since we will react to a  | Even though these were not real sales figures, and this was not a real management team, do you think that this was a reasonable account of how management might ",TRUE,,,
"Experiment data",,,9,"prose","- Introduction - Part A: Using control charts on Funnel Experiment data — an extension of Major Activity 3–h 1. Introduction 2. Rules 1 and 2 of the Funnel *(** | If you are intending to study Part A: ""Using Control Charts on Funnel Experiment data"" then on pages 6 and 7 you will need to draw run-charts and then control c | # PART A: USING CONTROL CHARTS ON FUNNEL EXPERIMENT DATA",TRUE,,,
"false alarm",,,9,"prose","| Baseline length | 4 | 6 | 10 | 15 | 20 | 30 | 50 | 100 | |----------------------------|-------|-------|-------|-------|-------|-------|-------|-------| | Prob | | Baseline length | 4 | 6 | 10 | 15 | 20 | 30 | 50 | 100 | |----------------------------|---|------|------|------|------|------|-------|-------| | Prob of any f | So yes, it is possible to have signals *within* the baseline period. Indeed, if you read Part A of these Optional Extras then you will have seen some on page 13",TRUE,,,
"final column",,,9,"prose","Let's add up these terms column by column. The first column is . The second column's terms are all the same, and so their sum is simply . The final column has a | The results produced when the experiment was performed at that company in Ireland were as shown on the next page (it is a copy of the Recorder's overhead transp | **Step 6.** Finally, as shown in the table below and also in *DemDim* Figure 46, insert row totals in the right-hand column, column totals in the bottom row, an",TRUE,,,
"first few",,,9,"prose","If it is a while since you read that material on the simple binomial distributions at the beginning of Part D then I suggest, in order to put yourself back in t | Let me tell you now what first really began to attract me seriously to Deming’s work. It wasn’t the statistical ideas (as you might have thought, because of my  | Here is an example of a “request for action” that is exceedingly open-ended. You could content yourself by writing some notes on the first few thoughts that com",TRUE,,,
"first five",,,9,"prose","In order to aid my own learning from the Funnel Experiment, I wrote a computer simulation of the whole of this Major Activity, including fixing the first five d | So, what are those ""various possibilities"" of what you might do next? The most challenging approach would be to throw you in at the deep end and simply suggest  | !Blank graph-paper for the Rule 1 run chart, with the first five points already plotted in red over the interval 1–5 on the horizontal axis",TRUE,,,
"first paradox",,,9,"prose","But now let us return to the first paradox summarised on : the apparently strange matter of neither the all-important tool of the control chart nor its creator, | I am tackling the first paradox here rather than in the main text because I do need to refer to matters covered in the usual kind of Statistics courses. If you  | I first mentioned ""a-few-at-a-time"" data a long while ago: in the discussion on the First Paradox (Appendix page 2). So it may have been quite some time since y",TRUE,,,
"five years",,,9,"prose","Well, he never answered my question. Some five years later, a certain Henry Neave (who had by then taken me under his tutelage via some serious correspondence)  | Now, I was taught management at the University of Texas. And so Gallery had a very conventional management structure—that's the way I was taught. We had somebod | UK readers may have recognised several parallels between the above account and something that happened some five years later and led to the resignation from the",TRUE,,,
"four Rules",,,9,"prose","In case that might be possible, let me tell you what I did in my seminars. As you will remember, Dr Nelson's original version of the experiment is rather tricky | So, what are those ""various possibilities"" of what you might do next? The most challenging approach would be to throw you in at the deep end and simply suggest  | Having worked on control charts for all four Rules using your own data, then move on to my control charts and discussion, starting on page 9, for the two simula",TRUE,,,
"Funnel Experiment data",,,9,"prose","- Introduction - Part A: Using control charts on Funnel Experiment data — an extension of Major Activity 3–h 1. Introduction 2. Rules 1 and 2 of the Funnel *(** | If you are intending to study Part A: ""Using Control Charts on Funnel Experiment data"" then on pages 6 and 7 you will need to draw run-charts and then control c | # PART A: USING CONTROL CHARTS ON FUNNEL EXPERIMENT DATA",TRUE,,,
"go wrong",,,9,"prose","I would like to give you some background concerning four such well-known initiatives in order to indicate what can go wrong if they are attempted without Deming | After writing so much on what can and does go wrong, let's return to the System of Profound Knowledge. In case you might find it helpful, I would like to give y | > “ ... the harder they tried, the worse were the effects. … When anything bad occurred, they went to work on it to try to correct it. A noble aim. There was on",TRUE,,,
"good sense",,,9,"prose","Good sense prevailed and he pulled the cord. The Japanese supervisor came running. He saw what had happened. Very coolly he went on to demonstrate the process a | So he regarded getting into some training, even on something as vital as the construction of control charts, would be inappropriate during his teaching—it would | * It’s certainly one in which far greater respect is paid to what psychologists call “intrinsic” motivation, as opposed to “extrinsic” motivation which is sadly",TRUE,,,
"Government Education",,,9,"prose","DEMING W Edwards, *The New Economics for Industry, Government, Education*. Massachusetts Institute of Technology, Center for Advanced Engineering Study, Cambrid | This was documented by a very famous quantum physicist named Dr Fritjof Capra. He wrote extensively about this in his 2002 book: *The Hidden Connections*. There | Deming told Japan's leadership that industry, government, education and healthcare must come together as a system and work forward getting Japan out of their cr",TRUE,,,
"helping people",,,9,"prose","* It’s certainly one in which far greater respect is paid to what psychologists call “intrinsic” motivation, as opposed to “extrinsic” motivation which is sadly | **Adopt and institute leadership aimed at helping people to do a better job.** The responsibility of managers and supervisors must be changed from sheer numbers | Management is now spending time helping people, coaching and nurturing rather than ranking, rating, firing, or refereeing commission battles. A learning environ",TRUE,,,
"helps us",,,9,"prose","We also, very significantly, need to understand that *those four needs are **not independent** of each other*: indeed, the *interactions* between them are proba | So Deming had a very different take on the word ""theory"". Theory is not the ""opposite"" to practice: to him, the purpose of theory was to guide *better* practice | “ … why we have to do what we have to do.” I think there could be no better description of what Dr Deming meant when he used that word “theory”. Theory helps us",TRUE,,,
"hours note",,,9,"prose","*(This note would have been referred to elsewhere as an ""Out-of-hours"" note; however, of course, all of the Optional Extras section is ""out-of-hours""!)* | **""Out-of-hours"" note** | ## ""Out-of-hours"" note",TRUE,,,
"I'd like",,,9,"prose","I'd like to set the scene by repeating some brief extracts from the Psychology part of the System of Profound Knowledge that you have been studying on Day 11: | There are two questions I'd like you to consider in each of those three scenarios: | Firstly, for your own interest and later use, I'd like you to spend some time thinking and ""scoring"" your organisation with reference to the 14 Points and Deadl",TRUE,,,
"Industry Government",,,9,"prose","DEMING W Edwards, *The New Economics for Industry, Government, Education*. Massachusetts Institute of Technology, Center for Advanced Engineering Study, Cambrid | This was documented by a very famous quantum physicist named Dr Fritjof Capra. He wrote extensively about this in his 2002 book: *The Hidden Connections*. There | Deming told Japan's leadership that industry, government, education and healthcare must come together as a system and work forward getting Japan out of their cr",TRUE,,,
"Industry Government Education",,,9,"prose","DEMING W Edwards, *The New Economics for Industry, Government, Education*. Massachusetts Institute of Technology, Center for Advanced Engineering Study, Cambrid | This was documented by a very famous quantum physicist named Dr Fritjof Capra. He wrote extensively about this in his 2002 book: *The Hidden Connections*. There | Deming told Japan's leadership that industry, government, education and healthcare must come together as a system and work forward getting Japan out of their cr",TRUE,,,
"interactions between",,,9,"prose","- to understand something about how we *behave in organisations*—in particular, to know and understand the *interactions* between the *system* in which we are w | We also, very significantly, need to understand that *those four needs are **not independent** of each other*: indeed, the *interactions* between them are proba | **2. [The supposition that solving problems, automation, gadgets, and new machinery will transform industry.] ** (*Out of the Crisis* page 108 [pages 127–128]; ",TRUE,,,
"learning course",,,9,"prose","Why an ""Overture"" rather than an ""Introduction""? Simply because this half-day contains much more than you would expect in a mere introduction to this structured | The 12 Days to Deming Active Learning Course was created by Dr Henry Neave and first launched in 2020. The course has been adapted for the web by me, Lee Durbin | Why an “active-learning” course? You are probably more familiar with the term “distance-learning.” However, distance cannot improve learning, but activity certa",TRUE,,,
"let's suppose",,,9,"prose","So now you know that, if you see either the zig-zag effect or the ""wandering"" effect in a control chart, you might immediately have a suggestion as to what migh | From the practical viewpoint, one could simply express the prime purpose of Statistics as being ""data analysis"". So let's suppose we have available for analysis | Let's suppose we throw three dice (or, what comes to the same thing) one die three times. What is the probability of there being no sixes, or 1 six, or 2 sixes,",TRUE,,,
"little while",,,9,"prose","> A little boy is in the bath (or, in view of the American source, I guess I should say ""tub""!). He shouts for help: > > *Little boy:* The water's too cold! > > | In my introduction, I've already told you one of the extraordinary things about the normal distribution: i.e. that, although the curve gives the visual *impress | > ""When introducing control charts (for one-at-a-time data) to delegates at my seminars, reactions were usually very positive, even from those who started out b",TRUE,,,
"management team",,,9,"prose","Many years ago the late Dr Myron Tribus, a respected consultant and speaker, took around with him some randomly-generated data, displayed in a format somewhat s | Even though these were not real sales figures, and this was not a real management team, do you think that this was a reasonable account of how management might  | Furthermore, doesn't that type of management behaviour remind you of what you were doing yesterday when playing the part of the Foreman in the Red Beads Experim",TRUE,,,
"Motor Equipment",,,9,"prose","### Profound Knowledge in a motor equipment operation | “One of my first experiences in applying Deming’s philosophy was with the City of Madison, Wisconsin Motor Equipment Operation. Motor Equipment was responsible  | In the first meeting with the people from the First Street Garage, where Motor Equipment was located, we asked them: ‘What are your biggest problems?’. ‘Morale!",TRUE,,,
"mu bar",,,9,"prose","$$\begin \sum (X - \bar )^2 &= \sum (X - \mu - \bar + \mu)^2 = \sum \ - \mu)\}^2 \\ &= \sum \ -\mu)^2 - 2(X-\mu)(\bar -\mu)\}. \end $$ | $$\begin \sum \ -\mu)^2 &- 2(X-\mu)(\bar -\mu)\} \\ = \ &(X_1-\mu)^2 + (\bar -\mu)^2 - 2(\bar -\mu)(X_1-\mu) \\ + \ &(X_2-\mu)^2 + (\bar -\mu)^2 - 2(\bar -\mu)(",TRUE,,,
"mu bar mu",,,9,"prose","$$\begin \sum (X - \bar )^2 &= \sum (X - \mu - \bar + \mu)^2 = \sum \ - \mu)\}^2 \\ &= \sum \ -\mu)^2 - 2(X-\mu)(\bar -\mu)\}. \end $$ | $$\begin \sum \ -\mu)^2 &- 2(X-\mu)(\bar -\mu)\} \\ = \ &(X_1-\mu)^2 + (\bar -\mu)^2 - 2(\bar -\mu)(X_1-\mu) \\ + \ &(X_2-\mu)^2 + (\bar -\mu)^2 - 2(\bar -\mu)(",TRUE,,,
"much time",,,9,"prose","> And for the third time, here I have quoted all that Dr Deming wrote for a particular Obstacle. > > This Obstacle struck a loud chord for me. In my very early  | The prime purpose of Day 3 as a whole is best summarised by the short title of Don Wheeler's excellent little book: *Understanding Variation*. So, looking forwa | The cycle time project studied how long it took from the time a vehicle broke down until it was back in service. They identified all the stages of the downtime ",TRUE,,,
"must surely",,,9,"prose","Practically, surely the most important conclusion of all is that, if improvement is desired (as it should surely be), it is the *system* within which the worker | Secondly, the more general lesson to learn from the words ""the need for"" in Point 3 is as follows. Although it may be feasible to start work on adopting some of | Anything which is a barrier to people taking pride in their work must surely, as an automatic consequence, be a barrier to quality. If there is quality, people ",TRUE,,,
"Now it's",,,9,"prose","> A little boy is in the bath (or, in view of the American source, I guess I should say ""tub""!). He shouts for help: > > *Little boy:* The water's too cold! > > | So, in both cases, compute the positions of the Central Line and control limits from the data over your chosen baseline and draw them in on your run chart. Now, | Now it's time to take a break to watch the video *Management's Five Deadly Diseases* (see the link on page 1). Delegates used to appreciate my description of th",TRUE,,,
"Old Way",,,9,"prose","Even before Prelude A began, we observed that Dr Deming, the man who largely catalysed the industrial turnround of Japan after World War Two, thought differentl | ### The ""Old Way"" and the ""New Way"" | So what is the important difference between the ""Old Way"" and the ""New Way""?",TRUE,,,
"other type",,,9,"prose","> ""Over the nearly 20 years of my seminars on Dr Deming's teaching I rarely suffered from any 'difficult' delegates. The few that I had could be divided into tw | since *X̄* is the notation specifically reserved by statisticians for ""the *mean* of the values being represented by *X*"". The notation *X̄* (""X-bar"") isn't use | However, as mentioned earlier, the theory underlying where we place the control limits relates to standard deviations rather than to any other type of measure o",TRUE,,,
"per day",,,9,"prose","Ravi is a member of staff in a Credit Control department. One month he was told by his manager to collect money from different retailers after their predetermin | What would have happened if Ravi *had* reported his collection of Rs. 20 lakhs? Chances are that his manager would have promptly revised his target to Rs. 21 la | What exactly is it? Let's assume that Toyota makes 5,000 cars per day. (In fact the number is much larger, but 5,000 will suffice for this illustration.) They h",TRUE,,,
"process behaviour chart",,,9,"prose","In the “Springboard” article just mentioned on , as indeed in much of my other writing, I have largely followed the guidance of Dr Donald J Wheeler by using som | In extract from *EST* on , I referred to the control chart (process behaviour chart) as being “a remarkable statistical technique which, to all intents and purp | > ""Points outside the limits are noted on September 25 and 26, 1980. Having noted that exceptional variation was present, they looked for the Assignable *[Speci",TRUE,,,
"reading through",,,9,"prose","Now that you know what this Major Activity involves, I also strongly recommend that you take my advice on by reading through Mack's story once more before conti | Finally, I'll say a little about the second of the four parts, which continues the series of short true stories that began toward the end of Day 6. There is rat | (a) If you have not already been doing so while reading through those stories, please return to Category 3 in both Activity 7–a (page 4) and Activity 7–b (page ",TRUE,,,
"reduce variation",,,9,"prose","But the links are stronger still. In one of my seminars I often used a slide which simply shows the Joiner Triangle with two words inscribed in the middle: ""Red | The ""motivation"" for the various Rules is discussed in *DemDim* Chapter 5, so there is no need for me to say much about that here. In brief, recall that, as we' | As you will have realised some time ago, no worker has much control over the results which he produces! Most would agree that he actually has none at all; other",TRUE,,,
"shall ask",,,9,"prose","As you may already have gathered, in my seminars the delegates did much more than just listen to me! In the same way, in this course I shall ask you to do much  | So, in total contrast to all the video material mentioned, we shall now spend the whole of the rest of today with the Experiment on Red Beads! And I will do my  | > In the Major Activity near the end of the day, I shall ask you to write a comprehensive account of the messages that you will have learned from the various ru",TRUE,,,
"small print",,,9,"prose","In the “Springboard” article just mentioned on , as indeed in much of my other writing, I have largely followed the guidance of Dr Donald J Wheeler by using som | > Here’s a little exercise for the statisticians—all others should skip this small-print section. > > If you are keen on hypothesis tests, you might like to con | >So, what’s new? The majority of the added material focuses on a remarkable statistical technique which, to all intents and purposes, was unknown at the time of",TRUE,,,
"Specification Limits",,,9,"prose","We'll restrict attention for now to situations where specifications are provided, e.g. by the customer (internal or external)—or by the boss! That is, there is  | Spot the difference! Yes, we have now improved the process, i.e. reduced σ, sufficiently enough for the distance between the Central Line and either Specificati | A histogram of 50 shaft diameters made *with* the automatic compensation device switched on. The distribution is broad and reaches outside the specification lim",TRUE,,,
"stable processes",,,9,"prose","I hope you will have found it helpful to gain that additional experience of constructing and interpreting control charts. However, to be fair, Funnel Experiment | !Two short Rule 1 control charts: both baselines show a stable process with Central Line around 30 and control limits spanning roughly 20 to 40, reminiscent of  | In the long versions of the control charts I've coloured in green the sections following the baseline, i.e. after the positions of the control limits have been ",TRUE,,,
"Statistical Process",,,9,"prose","My great friend Don Wheeler (from whom I've learned so much over the years) told me about a family of probability distributions that was studied by Irving W Bur | During Day 3 you were introduced to the ancient but valuable study by Don Wheeler of ""A Japanese Control Chart"": it is examined in some detail in Part B of the  | WHEELER D J, *Advanced Topics in Statistical Process Control*. SPC Press, Knoxville, TN (2005).",TRUE,,,
"statistical theory",,,9,"prose","*Right!* So where does that leave those who depend in practical applications only on standard statistical theory based on ideal mathematical models and random s | Awakening to the need for quality, and with no idea what quality means nor how to achieve it, American management have resorted to mass assemblies for crash cou | **B.** Some knowledge of theory of variation (sometimes he called it ""statistical theory"");",TRUE,,,
"stupidly simple",,,9,"prose","So indeed, at one level, this is a “stupidly simple” experiment. At another level, however, it is enormously rich and profound—and is it not surely close to man | You know that Dr Deming sometimes described the Red Beads Experiment as ""stupidly simple"". As I've indicated, the Funnel Experiment could surely be similarly de | So now you know that, if you see either the zig-zag effect or the ""wandering"" effect in a control chart, you might immediately have a suggestion as to what migh",TRUE,,,
"such matters",,,9,"prose","*(If, at some time, you would like to study such matters in greater depth, you will find much to read in Parts C, D and E of the “Optional Extras”.)* | Of two books by Dr Wheeler that I particularly recommend, some such matters are touched upon in *Understanding Variation* but are dealt with more comprehensivel | Note that simply attempting to describe what is in the population (or frame) does not include any intent to explain *why* the population (frame) contains what i",TRUE,,,
"System flow",,,9,"prose","I would describe what I have included in this morning's material as just sketching a background, rather like an artist's very broad brush-strokes at the earlies | Why did it finish up there? Simply because at the time of writing *DemDim* (1989–90), although realising the topic was important, I had not realised how *overwh | !Deming's ""Organisation Viewed as a System"" flow diagram",TRUE,,,
"Table Four",,,9,"prose","In terms of this exercise therefore, the third phase implies that e.g. Area A will now begin to consider options that are actually disadvantageous to themselves | !Table Four — blank (left) and filled in with the DemDim example (right) | #### TABLE FOUR",TRUE,,,
"text tfrac text",,,9,"prose","$$ \begin \text &= \tfrac \\ \text &= \tfrac \\ \text &= \tfrac \end $$ | $$\begin \text &= \tfrac \\ \text &= \tfrac \\ \text &= \tfrac \end $$ | $$\begin \text &= \tfrac & \text &= \tfrac \\ \text &= \tfrac & \text &= \tfrac . \end $$",TRUE,,,
"tfrac text",,,9,"prose","$$ \begin \text &= \tfrac \\ \text &= \tfrac \\ \text &= \tfrac \end $$ | $$\begin \text &= \tfrac \\ \text &= \tfrac \\ \text &= \tfrac \end $$ | $$\begin \text &= \tfrac & \text &= \tfrac \\ \text &= \tfrac & \text &= \tfrac . \end $$",TRUE,,,
"tfrac text tfrac",,,9,"prose","$$ \begin \text &= \tfrac \\ \text &= \tfrac \\ \text &= \tfrac \end $$ | $$\begin \text &= \tfrac \\ \text &= \tfrac \\ \text &= \tfrac \end $$ | $$\begin \text &= \tfrac & \text &= \tfrac \\ \text &= \tfrac & \text &= \tfrac . \end $$",TRUE,,,
"third phase",,,9,"prose","So what's the third phase? This is the one that really reflects Deming's *Dream* (see ): ""This formation of a *System* was *of management*"" (although the style  | Then we move on to the third phase: the really solid understanding of the organisation as a system, Cooperation: Win-Win, ""All One Team"", etc. The *whole* empha | In terms of this exercise therefore, the third phase implies that e.g. Area A will now begin to consider options that are actually disadvantageous to themselves",TRUE,,,
"Thought",,,9,"ui","./content/days/day-01/07-quality-theory.qmd | ./content/days/day-01/08-attraction.qmd | ./content/days/day-03/01-variation-the-enemy-of-quality.qmd",TRUE,,,
"traditional Statistics",,,9,"prose","There is a close analogy in the branch of traditional Statistics known as the Design of Experiments or Analysis of Variance (so if you're Stats-level 0 then you | If the conventional statistician, trained in this way, subsequently comes across a control chart—by far the most important tool for an analytic study—it is rath | Not a lot! Firstly, as you may know and unlike most techniques in traditional Statistics, control charts are specifically designed for what Deming referred to a",TRUE,,,
"using control",,,9,"prose","In Point 6 we observed that the Scientific Approach is certainly tied in with *training*, because of its tools content. But we know that this is the smaller par | - Introduction - Part A: Using control charts on Funnel Experiment data — an extension of Major Activity 3–h 1. Introduction 2. Rules 1 and 2 of the Funnel *(** | If you are intending to study Part A: ""Using Control Charts on Funnel Experiment data"" then on pages 6 and 7 you will need to draw run-charts and then control c",TRUE,,,
"using control charts",,,9,"prose","In Point 6 we observed that the Scientific Approach is certainly tied in with *training*, because of its tools content. But we know that this is the smaller par | - Introduction - Part A: Using control charts on Funnel Experiment data — an extension of Major Activity 3–h 1. Introduction 2. Rules 1 and 2 of the Funnel *(** | If you are intending to study Part A: ""Using Control Charts on Funnel Experiment data"" then on pages 6 and 7 you will need to draw run-charts and then control c",TRUE,,,
"Western Electric",,,9,"prose","But what could be wrong with good intentions and best efforts? Nothing—*if* (and that’s a big “if”) they are guided by genuine understanding. But if they are no | The oldest in my list comes from an internal memo written by William Orton, President of Western Electric, the American communications company, in 1876: | I have mentioned the 1920s several times during the Overture, and so you know what’s coming here. Yes: Dr Walter Shewhart at the Western Electric Company, and u",TRUE,,,
"Western management",,,9,"prose","> ""Western management operates on management by numbers, management by objective, QC Circles, quality of work life, employee involvement, daily reports on peopl | When I met and began working with Dr Deming in 1985, besides the Red Beads Experiment the majority of the time in his four-day seminars involved his 14 Points ( | The content of the four-day seminars in the mid-1980s is well reflected in *Out of the Crisis*: with particularly long and deep discussion of the 14 Points and ",TRUE,,,
"worse still",,,9,"prose","Indeed, ranking and rating are not just senseless—they are harmful. Reflecting the question posed on page 1, why should people [""work together""] (for the advant | Worse still are examples in education. Children's capabilities are confused with how well they answer the questions in a patterned questionnaire (i.e. a questio | > ""When introducing control charts (for one-at-a-time data) to delegates at my seminars, reactions were usually very positive, even from those who started out b",TRUE,,,
"years before",,,9,"prose","When he went to work the following day, he told his trusted aides, Taichi Ohno and Shiego Shengo, what had happened. They were puzzled. ""What do you want us to  | But even the conventional statistician will probably not be familiar with some or all of what I shall now introduce—so you're on a level playing-field for the t | However, before we begin, here's a warning. I first read about the Experiment on Red Beads at least three years before I first saw it carried out at Dr Deming's",TRUE,,,
"zag effect",,,9,"prose","**Rule 3**'s zig-zag effect is the complete opposite. (This is *negative* autocorrelation.) ""Zig-zag"" *means* up-down-up-down-up … : i.e. here the moving ranges | Some time ago my friend Fran Wheeler sent me a Calvin and Hobbes cartoon which she had recognised as a rather sweet illustration of the ""zig-zag"" effect. Partic | So, in both cases, compute the positions of the Central Line and control limits from the data over your chosen baseline and draw them in on your run chart. Now,",TRUE,,,
"zig zag effect",,,9,"prose","**Rule 3**'s zig-zag effect is the complete opposite. (This is *negative* autocorrelation.) ""Zig-zag"" *means* up-down-up-down-up … : i.e. here the moving ranges | Some time ago my friend Fran Wheeler sent me a Calvin and Hobbes cartoon which she had recognised as a rather sweet illustration of the ""zig-zag"" effect. Partic | So, in both cases, compute the positions of the Central Line and control limits from the data over your chosen baseline and draw them in on your run chart. Now,",TRUE,,,
"after writing",,,8,"prose","After writing so much on what can and does go wrong, let's return to the System of Profound Knowledge. In case you might find it helpful, I would like to give y | Click this after writing your comments",TRUE,,,
"already mentioned",,,8,"prose","If, either now or subsequently, you wish to obtain more substantial help and guidance on constructing and interpreting control charts than is included in my Spr | However, as already mentioned, on looking further down the list of Contents there is little doubt that the title of Part D catches your eye! Why on Earth should | To put a little flesh on the bones, it would be a good idea for you to compute these various control limits and see them in action. The easiest way to do that i",TRUE,,,
"anything like",,,8,"prose","Dr Deming was once asked this question: ""What is the most important part of a system?"". His answer was not anything like ""In the case of a human being it's the  | Again let's look first at the short control charts of the two simulations. The second one does not appear to have anything much to tell us, but I suggest the fi | So how can I guide you through these various possibilities? I’m going to ask you to choose which of four “Stats-levels” you feel is most suitable for you. Stats",TRUE,,,
"anywhere near",,,8,"prose","But you will probably have already recognised this as equivalent to a table from the Red Beads Experiment. So, thinking back to Day 2, you know the sort of proc | Again let's look first at the short control charts of the two simulations. The second one does not appear to have anything much to tell us, but I suggest the fi | If you'd like to examine this period by drawing the *X̄-R* chart on the graph-paper below, you will see that the process remained in control during this time, a",TRUE,,,
"automatic compensation",,,8,"prose","Then recall the simple example on . I observed that changing the *average* of my process there would be very easy. And, in my experience, it is indeed very ofte | Rule 2 is the case where, as we know both from the Ford example and from your own work in the Major Activity, the situation is undesirable compared with Rule 1, | Input shafts for a transmission were turned in a machine equipped with an expensive automatic compensation device. If the diameter of a shaft was too large, the",TRUE,,,
"bad management",,,8,"prose","Thus, in summary, we have emphasised that the different parts of a system need to optimise their combined performances (""work together"") rather than maximising  | I began to get the clear message that Gallery Furniture had been lucky and successful in spite of my bad management practices which crush people and their intri | ""Numbers for guidance and help"" should also be what they say. They may include predictions, forecasts, anything to help you decide priorities, numbers which wil",TRUE,,,
"beads obtained",,,8,"prose","So the average number of red beads obtained by the statisticians was . | Then the average number of red beads obtained by the Spaniards was . | The almost automatic presumption that the long-term proportion of red beads obtained in the experiment must equal the proportion of red beads in the container i",TRUE,,,
"believe me",,,8,"prose","You might immediately notice a very good reason *why* we're using ""gaps"" or ""distances"" in preference to ""differences"" or ""deviations"": if we were to include th | Multiply out all the terms in that expression if you don't believe me! And this is indeed equal to . As I said, that pattern of proof can be extended to *any* d | In the context of the Funnel Experiment, what’s missing is the understanding of what Deming meant by a “stable system”. The reason I want you to try out the Fun",TRUE,,,
"both Drs",,,8,"prose","That is wisdom which I most certainly did not have in 1985. So I shall be ever grateful that both Drs Deming and Wheeler proved to be such excellent and patient | Again, is all this really as pessimistic as it sounds? No, it is not. Although it is not possible to gain ""complete"" knowledge about a system, there are most ce | However, *all* we see in the main material of this course that is related to the subject of Statistics is what I like to summarise in just two words: “understan",TRUE,,,
"bottom row",,,8,"prose","**Step 6.** Finally, as shown in the table below and also in *DemDim* Figure 46, insert row totals in the right-hand column, column totals in the bottom row, an | It is worth noting that, as a check on your arithmetic, the total number of + signs and − signs in the bottom row should, of course, be exactly the same as in t | **Step 8.** Step 7 included copying over the relevant row totals into the final column. Now complete Table Three by adding up and inserting on the bottom row th",TRUE,,,
"call centre",,,8,"prose","But take a look back at Activity 1–e ( ) concerning the manager of the call-centre. What were your answers? The question there was in effect the same: how much  | Indeed, ranking and rating are not just senseless—they are harmful. Reflecting the question posed on page 1, why should people [""work together""] (for the advant | Thus, in summary, we have emphasised that the different parts of a system need to optimise their combined performances (""work together"") rather than maximising ",TRUE,,,
"continuous probability",,,8,"prose","- Introduction - Part A: Using control charts on Funnel Experiment data — an extension of Major Activity 3–h 1. Introduction 2. Rules 1 and 2 of the Funnel *(** | - Summarising ""raw data"" through pictures such as histograms and the calculation of ""sample statistics"" such as the sample mean *X̄* and the sample standard dev | ## Continuous probability distributions, particularly the normal distribution",TRUE,,,
"Create constancy",,,8,"prose","So Deming's statement is guidance for us to focus instead on what would be *best*, and work steadily to get closer and closer to it. It's called ""continual impr | **Create constancy of purpose for continual improvement of products and service,** allocating resources to provide for long-range needs rather than only short-t | **POINT 1.** [Create constancy of purpose.] *(Day 4 pages 16--17.)*",TRUE,,,
"crippling disease",,,8,"prose","So Deming's statement is guidance for us to focus instead on what would be *best*, and work steadily to get closer and closer to it. It's called ""continual impr | **The crippling disease is lack of constancy of purpose by planning to provide product and service in the future that will help man to live better materially, a | In fact, Dr Deming began this statement with ""The crippling disease in America…"". I have omitted the two extra words for the obvious reason that this Disease is",TRUE,,,
"data values",,,8,"prose","And how about the second of the pair of control charts, the *R*-chart, on which we plot subgroup ranges? Obviously enough, the Central Line here will be the mea | If the value of σ is known then the first and last parts of this relationship can be evaluated, thus providing an interval within which we ""are 95% confident th | As a minor point of detail, notice the thin blue line in the middle of the chart. This is the ""Central Line"" representing the average of the data-values from wh",TRUE,,,
"Deming called",,,8,"prose","Walter Shewhart referred to both types of fluctuations as ""variation"". By a process behaving ""normally"" we mean it has ""normal"" variation. (Incidentally, in cas | > [You will probably immediately recognise that what I describe as behaving normally or abnormally are respectively the same as what Drs Shewhart and Deming cal | 3. One type of variation is inherent to the process and the circumstances in which it is being operated—the way it has been designed, built, set up, the way peo",TRUE,,,
"Deming Cycle",,,8,"prose","As we know, Points 1 and 5 and the first Deadly Disease are concerned with genuine, sustained and sustainable improvement, and that most certainly is what the D | And this use of the word does not just apply to statisticians! In Deming’s mind, the very *purpose* of theory is to help guide better *practice*. And if a theor | Shewhart, in so many ways, became Deming’s *mentor*. A mentor is a priceless asset: someone in whom we can trust, and from whom we can thus confidently learn. D",TRUE,,,
"Deming meant",,,8,"prose","How about a brief explanation of ""enumerative studies"" in my own words? As we shall see later, an introductory course on conventional Statistics often begins by | In the context of the Funnel Experiment, what’s missing is the understanding of what Deming meant by a “stable system”. The reason I want you to try out the Fun | “ … why we have to do what we have to do.” I think there could be no better description of what Dr Deming meant when he used that word “theory”. Theory helps us",TRUE,,,
"Deming often",,,8,"prose","Dr Deming often pointed out that people working in a process may know everything about that process except for realising the importance of what they know! By di | These were the starting-points in the three cases. Then what? In the case of the young boy, he began to observe carefully and eventually came up with his initia | The Foreman then takes the paddle over to the Inspection Department, so that both the junior inspectors and the Chief Inspector can learn their jobs. Inspection",TRUE,,,
"Deming referred",,,8,"prose","The System of Profound Knowledge is the interaction of four substantial areas of thinking and understanding. Deming referred to them using titles such as | Thus, in summary, we have emphasised that the different parts of a system need to optimise their combined performances (""work together"") rather than maximising  | Not a lot! Firstly, as you may know and unlike most techniques in traditional Statistics, control charts are specifically designed for what Deming referred to a",TRUE,,,
"Deming Transformation Forum",,,8,"prose","^a^ (page 10) This quotation from the Deming A5 Booklet W2 (formally BDA Booklet W2) has been reproduced with the approval of the Deming Transformation Forum. | BDA BOOKLETS (now known as the Deming A5 Booklets and obtainable from the UK Deming Transformation Forum—see the ""Internet contacts"" section). | *The Deming Library*. Films Inc, Chicago. (Contact WEDI or the UK Deming Transformation Forum.)",TRUE,,,
"density lipoprotein",,,8,"prose","However, a few months later, these same people started complaining of low energy levels and low resistance to diseases. The research laboratories went into over | Third, in the case of low-density lipoprotein, its destruction had disastrous results: instead, it needed to be regulated to stay within appropriate limits (not",TRUE,,,
"direct opposite",,,8,"prose","The kind of poster suggested in that extract from *Out of the Crisis* would demonstrate that management is actively creating the environment and opportunity for | One obvious possibility of how to start---and this will certainly be quick and easy---is for you to describe your immediate reaction(s) upon reading an item. Th | - Immediate reactions upon reading it (e.g. ""Really important"", ""I'm already familiar with this"", ""My organisation is doing the direct opposite to this"", ""Why i",TRUE,,,
"doing something",,,8,"prose","Mixing up the two situations is dangerous—and very easy to do if you are not using process limits. ""Gut feel"" is not very reliable. Trying to find and eliminate | The Japanese understood Deming's beliefs on these matters and were guided by them. One might remark that, in a way, they took a leaf out of religion—and to a re | > “Japanese manufacturers took those arguments seriously to the point of doing something about them with concerted effort. A little fire here, and a little ther",TRUE,,,
"doing things",,,8,"prose","I venture to suggest that if just this one message coming from Dr Deming’s teaching were generally understood and appreciated then this world would be a better  | Obsession With Quality has to imply obsession with improving the system which produces the quality—*not* imagining that quality can merely be obtained by ""doing | On , I include what I trust are some wise words on putting theory into practice. I advise doing things gradually rather than precipitously and I spend a little ",TRUE,,,
"don't bother",,,8,"prose","Yes: this material *is* all ""optional extra"". Your understanding of the main material of *12 Days to Deming* does *not* depend on your reading any of this. So t | If you have classified yourself at Stats-level 1 or above then there will soon be a couple of Technical Aids which will enable you to compute the control limits | This was clearly a case where, in practice, there was little to be gained by producing the control chart: the run chart had already told the story of the rising",TRUE,,,
"Dr Neave's",,,8,"prose","## Dr Neave's blessing | When I began this project I shared early drafts privately, and I did not want to publish the site widely without Dr Neave's approval. Through Richard Hamilton,  | This interactive online version preserves Dr Neave's original content exactly as he wrote it, and no major changes have been made to his teachings, examples, or",TRUE,,,
"earlier comments",,,8,"prose","Having finished your detailed work on the individual issues in each half-day, then read through the appropriate part of *DemDim* Chapter 18 irrespective of whet | - see if you need to update some of your earlier comments; - see if you can answer any of your earlier questions; - comment on matters included here which were  | Now read through *DemDim* pages 264–270, revising your earlier comments and adding any new points below.",TRUE,,,
"Essential Deming",,,8,"prose","ORSINI, Joyce Nilsson, *The Essential Deming—Leadership Principles from the Father of Quality*. McGraw Hill (2013). | And last, but definitely not least, here is by far the newest of all my recommendations: *The Essential Deming*, subtitled Leadership Principles from the Father | If you are a statistician, you might prefer to remain unaware of the following paragraph! It is an extract from Chapter 7: ""Management is Prediction"" on page 26",TRUE,,,
"every time",,,8,"prose","One important fact to learn and appreciate is how *large* common-cause variation (variation produced by the system) can be. With 20% of the beads being red, it  | A few years later the son inherited the scooter. Every time he encountered starting problems, he would run with the scooter to make it start. But, one day, even | Let's sum up this little story. First, the more the boy was proved to be wrong, the more he learned. Every time he discovered he was wrong, it gave him the chan",TRUE,,,
"exact stability",,,8,"prose","> That is, of course, a far more exacting notion of stability than is considered in the control-charting context; and so, when necessary to avoid ambiguity, I s | The introductory course then swiftly moves on to Probability—no wonder since, as I've said before, the conventional statistician regards Probability as the bran | The two particular issues raised above both stem from the fact that *some* help from Mathematics is necessary in order to develop the details of where control l",TRUE,,,
"expanded Joiner",,,8,"prose","In Point 6 we observed that the Scientific Approach is certainly tied in with *training*, because of its tools content. But we know that this is the smaller par | ## THE EXPANDED JOINER TRIANGLE | !The Expanded Joiner Triangle (Joiner Associates version)",TRUE,,,
"expanded Joiner Triangle",,,8,"prose","In Point 6 we observed that the Scientific Approach is certainly tied in with *training*, because of its tools content. But we know that this is the smaller par | ## THE EXPANDED JOINER TRIANGLE | !The Expanded Joiner Triangle (Joiner Associates version)",TRUE,,,
"figures alone",,,8,"prose","There is space for you to insert indications of your reaction to the number of red beads obtained at each stage. Naturally, you could say even more if the exper | **One can not be successful on visible figures alone. Of course, visible figures are important: the bank account must be watched, and employees and vendors must | **DISEASE 5.** [One cannot be successful on visible figures alone.] *(Day 5 pages 26--27.)*",TRUE,,,
"fine detail",,,8,"prose","Stated concisely, ""six-sigma"" quality is achieved when that tolerance reaches or exceeds 6σ. But that is likely to be easier said than done! Note that, in theor | On the other hand, the third stage is *truly* optional as far as this course is concerned. Quite a lot of the “how” is largely common sense, but some of it does | The volunteering Willing Workers are to be employed in the finishing stages of a complex and time-consuming manufacturing operation. Their task is well-defined,",TRUE,,,
"Ford Motor",,,8,"prose","Before considering the details, it would be useful to take a look at part of the rather famous hand-drawn *X̄-R* chart of which we have already seen something a | However, in my early days of studying Dr Deming’s work, I also found it useful to enjoy some lighter read- ing—I am sure the relevant authors will not object to | On page 2 Dr Deming claimed that, if we mix up the two types of variation, ""we only make things worse. This is easy to prove."" So let's prove it! Here is a well",TRUE,,,
"Ford Motor Company",,,8,"prose","Before considering the details, it would be useful to take a look at part of the rather famous hand-drawn *X̄-R* chart of which we have already seen something a | However, in my early days of studying Dr Deming’s work, I also found it useful to enjoy some lighter read- ing—I am sure the relevant authors will not object to | On page 2 Dr Deming claimed that, if we mix up the two types of variation, ""we only make things worse. This is easy to prove."" So let's prove it! Here is a well",TRUE,,,
"four days",,,8,"prose","Some defective items were being made in a manufacturing operation. The HR (Human Resources) Manager felt that this was due to the ""improper attitude"" of the wor | I had no communication with Dr Deming himself during that time. I did, of course, hear more and more about him. One of the things I heard was that the people at | >At that first seminar, I was looking forward to discovering how all my knowledge of Mathematical Statistics fitted into Dr Deming’s management teaching. It did",TRUE,,,
"go back",,,8,"prose","One of the experiments the said psychologist conducted was the famous ""Rat and Cheese"" test. He would put a piece of cheese on a platform in a rat cage, followi | Secondly, the term ""sample statistics"" simply refers to any quantities that can be computed from the data. We have already discussed some sample statistics in t | Now comes the time for you to get some practice at playing the role of the Foreman! Remember that the Foreman (pretends that he) is in the Un-Knowing state—typi",TRUE,,,
"good job",,,8,"prose","Why should a university teacher dislike “quality assurance”? Doesn’t he want to do a good job? | I believe that the large majority do indeed want to do a good job. But mostly they find that “quality assurance” hinders rather than helps. Yes, it can introduc | - Understanding that people are inherently good: they *want* to do a good job; - Understanding that different people learn differently and hence think different",TRUE,,,
"good reason",,,8,"prose","You might immediately notice a very good reason *why* we're using ""gaps"" or ""distances"" in preference to ""differences"" or ""deviations"": if we were to include th | In fact, in this case, a further approximation has been made. If you think about it you will realise that the number of red beads in the paddle *cannot* be exac | There are two advantages of doing this. First, it saves you time and effort by not recomputing the control limits when there is no need to do so. Second, if a f",TRUE,,,
"important part",,,8,"prose","But, yet again, it was *experience* that was Shewhart’s deciding factor in deciding upon his proposal—*not* the “pure logic” of the mathematician’s usual way of | ## The ""most important"" part of the system | Dr Deming was once asked this question: ""What is the most important part of a system?"". His answer was not anything like ""In the case of a human being it's the ",TRUE,,,
"initial theory",,,8,"prose","These were the starting-points in the three cases. Then what? In the case of the young boy, he began to observe carefully and eventually came up with his initia | Notice that, without the initial theory, there would have been no learning! If he hadn't started with his theory: ""Kick ⇒ Start"", the young boy would not have o | The young boy's simple and wrong initial theory eventually led to some considerable knowledge which many people do not have. Without my initial theory, the litt",TRUE,,,
"Jackie Graham",,,8,"prose","In all fields of activity, everyone recognises the importance of quality *to a certain extent*. If the quality of the product and/or service being provided by o | My friend Dr Jackie Graham, based in Australia, points out how government cycles (i.e. the times between General Elections) can seriously obstruct long-term pro | So almost everything that follows here has been told to me by friends who were only too happy to let me publish their stories. However, in some cases they were,",TRUE,,,
"Knoxville TN",,,8,"prose","KILIAN Cecelia S, *The World of W Edwards Deming*. SPC Press, Knoxville, TN (2nd edition 1992). | NEAVE, H R, *The Deming Dimension*. SPC Press, Knoxville, TN (1990). | SCHERKENBACH W W, *Deming's Road to Continual Improvement*. SPC Press, Knoxville, TN (1991).",TRUE,,,
"learning process",,,8,"prose","Improvement of quality and productivity, to be successful in any company, must be a learning process, year by year, top management leading the whole company. | Well, if that is the case, this can be harmful in at least two ways. First: trying to be someone that you're not. Second: crushing your *natural* learning proce | So what should be done instead? As seniors—parents, teachers, managers—our real job is to *discover a person's natural learning process*. That person could be y",TRUE,,,
"left tfrac right",,,8,"prose","$$\begin \sigma^2 &= \left(0 - \tfrac \right)^2 \times \tfrac + \left(1 - \tfrac \right)^2 \times \tfrac + \left(2 - \tfrac \right)^2 \times \tfrac + \left(3 - ",TRUE,,,
"link between",,,8,"prose","Links to the Joiner Triangle are less direct in the case of Theory of Knowledge, but nonetheless they are still there. Consider my grouping of the issues into "" | So here, as pointed out at the very end of Prelude A, we have an immediate strong link between our first two Preludes. The salesman who lied to the customers an | - Summarising ""raw data"" through pictures such as histograms and the calculation of ""sample statistics"" such as the sample mean *X̄* and the sample standard dev",TRUE,,,
"long before",,,8,"prose","(b) With Scenario 1, obviously you won't be back there—either then or at any other time! With Scenario 3, you are very likely to be back there again: in fact, y | So the Japanese were already well-steeped in what Deming taught long before these practices came into existence, and thus they were able to develop the concepts | A couple of points of clarification will be useful here. Firstly, the original editions of these little books of Statistics Tables were published as long ago as",TRUE,,,
"long while ago",,,8,"prose","I know. I was educated as a mathematician. So I cringed at the very idea. I avoided teaching it. I was in print a long while ago describing Shewhart’s version o | - A very long while ago, I used to teach control-charting the “conventional” way, i.e. trying to interpret control limits in terms of probabilities, saying that | Do you remember how to compute those natural process limits? Deming usually called them the ""control limits"". You may have to do it on Day 3. Day 3 may seem a l",TRUE,,,
"longer term",,,8,"prose","Rule 3's behaviour is clearly catastrophic—though did you suspect that such would be the case when (as recalled on the previous page) we may have initially rega | * Dr Deming’s focus was on the longer rather than the shorter term. If you are looking for the next short-term quick fix, this is the wrong place. Besides which | * He was concerned not with mere change but with transformation of Western style of management (his own term for it). * He was working toward the very best imag",TRUE,,,
"low variation",,,8,"prose","Whereas Rule 3's short control charts did not give much warning of the horrors to come, Rule 4's short charts immediately show conclusive evidence of severe pro | 1. Good quality of a product or service surely implies that it can be described in such terms as reliable, dependable, predictable—no nasty surprises. The quali | The volunteering Willing Workers are to be employed in the finishing stages of a complex and time-consuming manufacturing operation. Their task is well-defined,",TRUE,,,
"makes sense",,,8,"prose","Simply stated, the *aim* of a system is what the system tries to do. If we are designing a system then it makes obvious sense to first consider carefully what w | We tend to react to things as they appear before our eyes, in the here and now (rather similarly to drawing that tree, as described on the previous page). But s | As you are now well aware from Part D, since the normal distribution is a *continuous* distribution we cannot now sensibly consider probabilities of individual ",TRUE,,,
"management style",,,8,"prose","The strong link here is wholly obvious. But note the implications concerning management style. Anything (and there is often much) that management does to erect  | * He was concerned not with mere change but with transformation of Western style of management (his own term for it). * He was working toward the very best imag | 3. One type of variation is inherent to the process and the circumstances in which it is being operated—the way it has been designed, built, set up, the way peo",TRUE,,,
"many years",,,8,"prose","Many years ago the late Dr Myron Tribus, a respected consultant and speaker, took around with him some randomly-generated data, displayed in a format somewhat s | Many years ago, in the early 1970s, if people were diagnosed with high blood pressure, some research showed that this was often related to the blood containing  | As a relief from the possible gloom to do with diseases, obstacles, and the fact that many managers certainly do *not* regard the 14 Points as “Obligations”, on",TRUE,,,
"mentioned earlier",,,8,"prose","However, as mentioned earlier, the theory underlying where we place the control limits relates to standard deviations rather than to any other type of measure o | As mentioned earlier, the work standard is 50 items of production per worker per week. In order to help the workers precisely attain this standard, the Foreman  | As mentioned earlier, it is important to emphasise that this particular choice of σ does \emph apply to many other kinds of process data. A method that can be e",TRUE,,,
"move straight",,,8,"prose","I'll move straight on to **Rule 4** since that's the one you have dealt with most recently. The clue as to what happens to the control limits here follows direc | If you want to move straight on to finding out how to construct control charts for subgrouped data (without bothering to find out *why* the details are what the | There was a fairly full introduction to this simulation study on pages 63–64 and so I can now move straight into the details of the study.",TRUE,,,
"moving range method",,,8,"prose","That question was largely addressed in the ""How do we compute those control limits—and why?"" section beginning on Day 3 page 13. There we argued how moving rang | Then on Day 3 we studied the type of control chart more generally used to analyse one-at-a-time data: the moving-range method using the familiar number 2.66. On | How does the moving-range method achieve this? Let's consider the case where a fault occurs which raises the process average from what it was before. That fault",TRUE,,,
"my first",,,8,"prose","If you had a good teacher on conventional Statistics then, wholly unlike those delegates referred to at the bottom of the previous page, you may have become ver | My first direct contact with Dr Deming came in 1985, and in a wholly unexpected and very privileged fashion. In the Spring of that year, out of the blue I recei | That comment might sound flippant. It isn’t. Over the nearly 20 years of my seminars on Dr Deming’s teaching I rarely suffered from having any “difficult” deleg",TRUE,,,
"my organisation",,,8,"prose","One obvious possibility of how to start---and this will certainly be quick and easy---is for you to describe your immediate reaction(s) upon reading an item. Th | - Immediate reactions upon reading it (e.g. ""Really important"", ""I'm already familiar with this"", ""My organisation is doing the direct opposite to this"", ""Why i | So this is about what Dr Deming (amongst others) refers to as a ""system"" and describes as a ""network"". To illustrate this, William W Scherkenbach (a Director of",TRUE,,,
"Nashua Corporation",,,8,"prose","An example of expectation of quick results without effort and without sufficient education for the job is exemplified in a letter received by Dr Lloyd Nelson, s | ## The Deming Prize and the Nashua Corporation | In the 1970s, a medium-sized American company, the Nashua Corporation, was an agent for copying machines made by Ricoh, the well-known Japanese manufacturer. In",TRUE,,,
"now move",,,8,"prose","I appreciate that, at this stage, the standard deviation σ of a probability distribution may not mean a great deal to you! But its importance will become more a | There was a fairly full introduction to this simulation study on pages 63–64 and so I can now move straight into the details of the study. | Secondly, the fact that is an unbiased estimator of does *not* imply that is an unbiased estimator of . Unfortunate as it may be, the property of unbiasedness d",TRUE,,,
"numerical goals",,,8,"prose","Whichever figures we quote, the fact is that Deming’s thinking, as a natural consequence of Shewhart’s thinking on the two types of variation, leads to a vast c | **Eliminate work standards that prescribe quotas for the workforce and numerical goals for people in management.** Substitute aids and helpful leadership in ord | **NB** There may be a potential danger in using the summary on the previous page without clarification: it is a possible misunderstanding of the term ""work stan",TRUE,,,
"often used",,,8,"prose","But the links are stronger still. In one of my seminars I often used a slide which simply shows the Joiner Triangle with two words inscribed in the middle: ""Red | Then in 1982 a friend at Nashua here in the UK gave me a copy of the mimeographed book which Dr Deming was now issuing to all the delegates at his seminars. It  | Regarding videos, there were two quite well-known short British-made TV documentaries: *Doctor’s Orders* (produced by Central ITV in 1988) and *A Prophet Unhear",TRUE,,,
"only way",,,8,"prose","Since there is considerable discussion on the Funnel Experiment in *DemDim* Chapter 5 and also in both *Out of the Crisis* (pages 280–284 [327–332]) and *The Ne | Nevertheless, it could well be possible to see strong links between just this one aspect of Part D (let alone all the rest of it) and the need to adopt all the  | Let's sum up this little story. First, the more the boy was proved to be wrong, the more he learned. Every time he discovered he was wrong, it gave him the chan",TRUE,,,
"other types",,,8,"prose","Another great value of Don’s work is that, whereas it used to be the case that control charts were generally considered to require small *samples* of data to be | > ""Another great value of Don *[Wheeler]*'s books is that, whereas it used to be the case that control charts were generally considered to require small *sample | Actually, the good news is that, for the purpose of constructing and using control charts for a-few-at-a-time data, i.e. using *subgroups* rather than one-at-a-",TRUE,,,
"page Dr",,,8,"prose","On *The New Economics* page 36 *[51]*, Dr Deming included a suggestion for the aim of a system in which human beings are involved. It was [""for everybody to gai | On page 2 Dr Deming claimed that, if we mix up the two types of variation, ""we only make things worse. This is easy to prove."" So let's prove it! Here is a well | With even greater focus than the words I have quoted above, on *Out of the Crisis* page 84[99] Dr Deming expresses this Deadly Disease as ""Emphasis on short-ter",TRUE,,,
"page Dr Deming",,,8,"prose","On *The New Economics* page 36 *[51]*, Dr Deming included a suggestion for the aim of a system in which human beings are involved. It was [""for everybody to gai | On page 2 Dr Deming claimed that, if we mix up the two types of variation, ""we only make things worse. This is easy to prove."" So let's prove it! Here is a well | With even greater focus than the words I have quoted above, on *Out of the Crisis* page 84[99] Dr Deming expresses this Deadly Disease as ""Emphasis on short-ter",TRUE,,,
"page pages",,,8,"prose","Several further “profound messages” are to be found in the references provided earlier. But I shall content myself here with just one more. And this is (or shou | Firstly, there was the extract from *Out of the Crisis* page 286[pages 334–335] that I have just mentioned, and I make no apology for repeating part of the fina | Tomorrow, on Day 2, we shall describe and work with Dr Deming’s renowned “Experiment on the Red Beads”, performed (to the best of my knowledge) at every one of ",TRUE,,,
"pages Appendix page",,,8,"prose","**1. [Hope for instant pudding.] ** (*Out of the Crisis* pages 107–108[126–127]; Appendix page 32.) The ever-lasting search for the ""quick fix""! The term ""insta | **2. [The supposition that solving problems, automation, gadgets, and new machinery will transform industry.] ** (*Out of the Crisis* page 108 [pages 127–128];  | **5. [Obsolescence in Schools [i.e. Schools of Business].] ** (*Out of the Crisis* pages 110–111[130–131]; Appendix page 33.) On *Out of the Crisis* page 110[13",TRUE,,,
"particularly important",,,8,"prose","The three items under ""Operational Definitions"" also have some interesting contributions to make. Item 7 is particularly important with reference to Point 9: ""B | For a start, a particularly important issue which arose in Prelude C is that we are all born with the natural desire to learn. Dr Deming most certainly subscrib | On Days 2 and 3 and during parts of both of the projects, the emphasis was on understanding variation and why that is useful, and the role it plays in the impro",TRUE,,,
"people work",,,8,"prose","I venture to suggest that if just this one message coming from Dr Deming’s teaching were generally understood and appreciated then this world would be a better  | Indeed, ranking and rating are not just senseless—they are harmful. Reflecting the question posed on page 1, why should people [""work together""] (for the advant | So, as we shall see on the next page, in *The New Economics* Dr Deming said that our need is to [""restore the individual, and do so in the complexities of inter",TRUE,,,
"POINT Adopt",,,8,"prose","**POINT 2.** [Adopt the new philosophy. We are in a new economic age, created in Japan.] *(Day 4 pages 18--19.)* | **POINT 7.** [Adopt and institute leadership aimed at helping people to do a better job.] *(Day 5 pages 2--3.)*",TRUE,,,
"pretty well",,,8,"prose","That question was largely addressed in the ""How do we compute those control limits—and why?"" section beginning on Day 3 page 13. There we argued how moving rang | To give you some idea of the accuracy of these various approximations, I have also computed these probabilities directly from the exact expression for binomial  | However, *all* we see in the main material of this course that is related to the subject of Statistics is what I like to summarise in just two words: “understan",TRUE,,,
"Process Control",,,8,"prose","My great friend Don Wheeler (from whom I've learned so much over the years) told me about a family of probability distributions that was studied by Irving W Bur | During Day 3 you were introduced to the ancient but valuable study by Don Wheeler of ""A Japanese Control Chart"": it is examined in some detail in Part B of the  | WHEELER D J, *Advanced Topics in Statistical Process Control*. SPC Press, Knoxville, TN (2005).",TRUE,,,
"properly centred",,,8,"prose","Sadly, my enthusiasm was short-lived. First, I soon came across some advisors who were extolling the virtue of ""six-sigma"" quality as being the greater freedom  | Now, if a process having ""six-sigma"" quality is properly centred, the relevant figure from the table is the final one, the 0.000000000987—except that there are  | I'll just quote a few figures. First, actually now having a ""six-sigma"" process *properly centred*. Recall that the normal distribution tells us that then there",TRUE,,,
"provide jobs",,,8,"prose","A left-to-right chain of five linked boxes showing Deming's Chain Reaction. **Improve processes and product** leads to **Costs decrease**, which leads to **Capt | **Create constancy of purpose for continual improvement of products and service,** allocating resources to provide for long-range needs rather than only short-t | Notice the connection with the Deming Chain Reaction, finishing up (as in both versions of the Chain Reaction—see the bottom of page 3) with ""provide jobs"". We ",TRUE,,,
"range method",,,8,"prose","That question was largely addressed in the ""How do we compute those control limits—and why?"" section beginning on Day 3 page 13. There we argued how moving rang | Then on Day 3 we studied the type of control chart more generally used to analyse one-at-a-time data: the moving-range method using the familiar number 2.66. On | How does the moving-range method achieve this? Let's consider the case where a fault occurs which raises the process average from what it was before. That fault",TRUE,,,
"rather different",,,8,"prose","We began with what I described there as ""quite familiar ground"": the histogram. And, of course, to an extent, it was. But when the histogram was introduced earl | As we have seen in the crash-course and would soon be seen in the introductory conventional Statistics course, one common way of describing the data is in terms | So it did all start with some new statistical thinking and methods in a manufacturing context. Regrettably, a few generations later, some people still seem to t",TRUE,,,
"re read",,,8,"prose","Dr Deming was once asked: ""What is the job of a teacher?"". He replied that a teacher has three obligations to his students: (1) to make them fall in love with t | Now comes the time for you to get some practice at playing the role of the Foreman! Remember that the Foreman (pretends that he) is in the Un-Knowing state—typi | Nowadays, as I re-read my comments on the 14 Points in *DemDim* Chapter 3, which are largely based on those which I included in my earlier materials, it is almo",TRUE,,,
"really important",,,8,"prose","The prime purpose of Day 3 as a whole is best summarised by the short title of Don Wheeler's excellent little book: *Understanding Variation*. So, looking forwa | So he regarded getting into some training, even on something as vital as the construction of control charts, would be inappropriate during his teaching—it would | [my italics]. There you are—that’s where this section’s heading came from: his own diary. Deming was content, on this occasion and presumably others, to leave t",TRUE,,,
"red bead",,,8,"prose","- Volume 1. *The New Economic Age*. - Volume 2. *The 14 Points*. - Volume 7. *The Red Bead Experiment and Life*. - Volume 8. *Lessons of the Red Bead Experiment | In fact, in this case, a further approximation has been made. If you think about it you will realise that the number of red beads in the paddle *cannot* be exac | !Handwritten results table for six Willing Workers (Ernie, Iggy, Richard, Martin, Andrew, Pat) showing red bead counts across four weeks, with weekly totals dec",TRUE,,,
"referring back",,,8,"prose","So, in shorthand, how can we compute for ? Referring back to those early pages of Part D, there are two steps in this computation: one is easy but the other one | Finally, as promised on page 89, let's see how probabilities for binomial distributions with larger ( in the case of both *EST* and *ST*) than contained in your | Referring back to my comment on the reverse of today's ID page, the distortion was particularly bad on this recruitment advertisement. Indeed in this case even ",TRUE,,,
"Reveal suggested",,,8,"prose","Reveal suggested answer for Pause for Thought 1-a | Reveal suggested answer for Pause for Thought 2-a | Reveal suggested answer for Activity 3-a",TRUE,,,
"Reveal suggested answer",,,8,"prose","Reveal suggested answer for Pause for Thought 1-a | Reveal suggested answer for Pause for Thought 2-a | Reveal suggested answer for Activity 3-a",TRUE,,,
"right times",,,8,"prose","$$\begin \sigma^2 &= \left(0 - \tfrac \right)^2 \times \tfrac + \left(1 - \tfrac \right)^2 \times \tfrac + \left(2 - \tfrac \right)^2 \times \tfrac + \left(3 - ",TRUE,,,
"right times tfrac",,,8,"prose","$$\begin \sigma^2 &= \left(0 - \tfrac \right)^2 \times \tfrac + \left(1 - \tfrac \right)^2 \times \tfrac + \left(2 - \tfrac \right)^2 \times \tfrac + \left(3 - ",TRUE,,,
"same way",,,8,"prose","Clearly, if we knew the value of , it would have made sense to use it in the expression for the sample variance rather than . is there because, in general, we * | However, to conclude here, there was yet another example of the use of an unbiased estimator in Part B of these Optional Extras: see page 20. It was adjustment  | [] In this sort of case, the sample mean cannot really do a very good job of genuinely reflecting the typical kind of values being recorded: it will still be a ",TRUE,,,
"sample mean",,,8,"prose","- Summarising ""raw data"" through pictures such as histograms and the calculation of ""sample statistics"" such as the sample mean *X̄* and the sample standard dev | That link between the picture of the probabilities and the histograms as the amount of sampling increases has its parallel with the sample statistics. Let's con | Let's take another look at the calculations of the sample mean at the end of the previous section. You saw that we finished up writing them like this:",TRUE,,,
"sample sizes",,,8,"prose","> Here’s a little exercise for the statisticians—all others should skip this small-print section. > > If you are keen on hypothesis tests, you might like to con | [] Besides seeing the *shape* of the distribution developing from the histograms as the sample size increases and with the boxes becoming correspondingly narrow | Of course, usually our sample sizes *n* are rather small compared with "" ""! But what makes the Central Limit Theorem even more attractive is that, almost always",TRUE,,,
"short termism",,,8,"prose","## Disease 2. Short-termism *( )* | When you think of the many contributors needed to develop real quality in whatever you are doing, there is one common requirement: *time*! Time to learn, time t | All One Team includes development of personal relationships, learning to work together, learning to help each other for mutual benefit and the benefit of the co",TRUE,,,
"silly game",,,8,"prose","To carry out Day 3's experiment does not actually need any ""previous knowledge"": previous knowledge is only involved with *interpreting* the results from the ex | As with the Experiment on Red Beads, the Funnel Experiment may just look like a rather silly game when you are introduced to it. Hopefully, like the Red Beads E | - a funnel, - a marble which is small enough to pass through the funnel, - a table, exactly horizontal and covered by a thick tablecloth ... - ... on which is m",TRUE,,,
"slow learner",,,8,"prose","| Worker | Remark | |---|---| | Audrey’s 6 | “You’re a slow learner. But I’m proud of you.” | | John’s 10 | “Very consistent. Consistently bad.” | | Al’s 11 | “ | Further, in Prelude A we saw some of the difficulties and indeed harm caused by ranking and rating. And now we surely see yet more. As there are so many differe | As we have seen, Week 2 began with that disappointing performance by Ernie. In retrospect, the explanation was clear. Ernie had shown up all of his workmates du",TRUE,,,
"small number",,,8,"prose","On the other hand, you may of course *wish* to learn a little more or even a lot more about control charts. In that case I’ll mention three possibilities which  | On your return from the Appendix, now spend a little time organising your notes into a small number of groups or categories, i.e. each containing somewhat relat | ""BT has been forced to pay the Ministry of Defence £1.3m in compensation after some of its staff met call-answering targets by phoning each other. The National ",TRUE,,,
"soon after",,,8,"prose","- Variation produces undesirable differences both internally and externally. Both are bad for the organisation concerned. As just observed, variation within pro | So it did all start with some new statistical thinking and methods in a manufacturing context. Regrettably, a few generations later, some people still seem to t | 48-point control chart for Process B (number of Heads when coins are tossed). The first ~38 points fluctuate quietly inside the limits. From around Point 39 the",TRUE,,,
"square root",,,8,"prose","(d) take the *square root* of the result. | (d) the square root of 0.158 = √0.158 = 0.397. | The answer to the first pair of questions is that, quite simply, despite being easier and quicker for you and me to calculate, the MAD turns out to be very awkw",TRUE,,,
"Statistical Process Control",,,8,"prose","My great friend Don Wheeler (from whom I've learned so much over the years) told me about a family of probability distributions that was studied by Irving W Bur | During Day 3 you were introduced to the ancient but valuable study by Don Wheeler of ""A Japanese Control Chart"": it is examined in some detail in Part B of the  | WHEELER D J, *Advanced Topics in Statistical Process Control*. SPC Press, Knoxville, TN (2005).",TRUE,,,
"statistical techniques",,,8,"prose","Less trivially, suppose the data alternately measure efficiency or productivity etc of both a day-shift and a night-shift. There could be many reasons for a zig | Now let's move on to the second computer simulation. This was to examine the claim made by some Mathematical Statisticians that, if the data to be plotted on a  | So he regarded getting into some training, even on something as vital as the construction of control charts, would be inappropriate during his teaching—it would",TRUE,,,
"Statistics course",,,8,"prose","- Introduction - Part A: Using control charts on Funnel Experiment data — an extension of Major Activity 3–h 1. Introduction 2. Rules 1 and 2 of the Funnel *(** | So I'd better try some brief explanations in my own words! ""Analytic studies"" are indeed what we have been involved with, particularly in the early days of *12  | ### A typical syllabus for an introductory Statistics course",TRUE,,,
"Statistics courses",,,8,"prose","But now let us return to the first paradox summarised on : the apparently strange matter of neither the all-important tool of the control chart nor its creator, | I am tackling the first paradox here rather than in the main text because I do need to refer to matters covered in the usual kind of Statistics courses. If you  | And there’s the difficulty. What kind of “terms and conditions” could possibly be specified that would apply in practice to data from processes of all the kinds",TRUE,,,
"Step DemDim",,,8,"prose","### Step 3: *DemDim* version | **Step 3: *DemDim* version** | #### Area 1, Step 3: *DemDim* version",TRUE,,,
"Step DemDim version",,,8,"prose","### Step 3: *DemDim* version | **Step 3: *DemDim* version** | #### Area 1, Step 3: *DemDim* version",TRUE,,,
"study group",,,8,"prose","But a lot of other stuff that Deming had written did appeal to me, so I rather set aside that business about the two types of statistical studies and read about | Wishing to learn more about Dr Deming and his teaching, I participated in a study group hosted by the Geelong Quality Council in early 2024. This was my introdu | After completing the 12 Days to Deming course via the study group, I reflected on my learning experiences and thought about how it might be improved for future ",TRUE,,,
"subgrouped data",,,8,"prose","- Introduction - Part A: Using control charts on Funnel Experiment data — an extension of Major Activity 3–h 1. Introduction 2. Rules 1 and 2 of the Funnel *(** | If you want to move straight on to finding out how to construct control charts for subgrouped data (without bothering to find out *why* the details are what the | ## 3. Control charts for subgrouped data",TRUE,,,
"suggested answer",,,8,"prose","Reveal suggested answer for Pause for Thought 1-a | Reveal suggested answer for Pause for Thought 2-a | Reveal suggested answer for Activity 3-a",TRUE,,,
"System flow diagram",,,8,"prose","I would describe what I have included in this morning's material as just sketching a background, rather like an artist's very broad brush-strokes at the earlies | Why did it finish up there? Simply because at the time of writing *DemDim* (1989–90), although realising the topic was important, I had not realised how *overwh | !Deming's ""Organisation Viewed as a System"" flow diagram",TRUE,,,
"system within",,,8,"prose","Practically, surely the most important conclusion of all is that, if improvement is desired (as it should surely be), it is the *system* within which the worker | When a process is performing ""within limits"", it is essentially the *process* which is producing the results. But nevertheless, even when this is the case, peop | And what else? His philosophy of management is wholly *system*- or *process*-orientated. It sees things (including, very much, things to do with people) as full",TRUE,,,
"target culture",,,8,"prose","During these last few years it is notable that, at long last, some attitudes about targets seem to be changing. It was in 2012 that, in a BBC radio interview, I | Here we have the topic that used to be regarded as probably the most controversial of all of the 14 Points (other than Point 12 if that is incorrectly regarded  | However, despite getting into such sad short stories toward the end of today's material, I promise you that we'll finish on what I found to be a very positive n",TRUE,,,
"target value",,,8,"prose","> ""As the Ford group was touring the Tokai Rika plant, they observed eight production workers 'engaged in active discussion' around this Average and Range Chart | > ""Points outside the limits are noted on September 25 and 26, 1980. Having noted that exceptional variation was present, they looked for the Assignable *[Speci | This is not an exact analogy with the Ford example because, in that case, there was an ""ideal"" or ""target"" value, and the compensation device acted according to",TRUE,,,
"tfrac right",,,8,"prose","$$\begin \sigma^2 &= \left(0 - \tfrac \right)^2 \times \tfrac + \left(1 - \tfrac \right)^2 \times \tfrac + \left(2 - \tfrac \right)^2 \times \tfrac + \left(3 - ",TRUE,,,
"tfrac right times",,,8,"prose","$$\begin \sigma^2 &= \left(0 - \tfrac \right)^2 \times \tfrac + \left(1 - \tfrac \right)^2 \times \tfrac + \left(2 - \tfrac \right)^2 \times \tfrac + \left(3 - ",TRUE,,,
"too little",,,8,"prose","At least, I imagine it startled you at the time: it has that effect on most people. Hardly surprising. Many regard competition as the salvation, the panacea, fo | [*The quality of the* **measurement process** *itself seems to be too little considered by conventional statisticians, let alone non-statisticians. The numbers  | ### Too much time, too little time",TRUE,,,
"Transformation Forum",,,8,"prose","^a^ (page 10) This quotation from the Deming A5 Booklet W2 (formally BDA Booklet W2) has been reproduced with the approval of the Deming Transformation Forum. | BDA BOOKLETS (now known as the Deming A5 Booklets and obtainable from the UK Deming Transformation Forum—see the ""Internet contacts"" section). | *The Deming Library*. Films Inc, Chicago. (Contact WEDI or the UK Deming Transformation Forum.)",TRUE,,,
"Type your comment here.",,,8,"ui","./content/days/day-02/07-some-recollections.qmd",TRUE,,,
"understand variation",,,8,"prose","In Point 6 we observed that the Scientific Approach is certainly tied in with *training*, because of its tools content. But we know that this is the smaller par | Failure to understand variation in tests delayed some years the science of genetics. Ratios of (e.g.) tall and dwarf peas varied wildly below and above nature's | The prime purpose of Day 3 as a whole is best summarised by the short title of Don Wheeler's excellent little book: *Understanding Variation*. So, looking forwa",TRUE,,,
"Welcome section",,,8,"prose","As mentioned near the end of the “Welcome” section, this is the reference list of preparatory tasks recommended for you to carry out between the different days  | Also in America, SPC Press Inc ( ), who published my book *The Deming Dimension* in 1990 (see pages 12–13 in the Welcome section of file A. PLEASE START HERE),  | A couple of points of clarification will be useful here. Firstly, the original editions of these little books of Statistics Tables were published as long ago as",TRUE,,,
"while ago",,,8,"prose","I know. I was educated as a mathematician. So I cringed at the very idea. I avoided teaching it. I was in print a long while ago describing Shewhart’s version o | - A very long while ago, I used to teach control-charting the “conventional” way, i.e. trying to interpret control limits in terms of probabilities, saying that | Do you remember how to compute those natural process limits? Deming usually called them the ""control limits"". You may have to do it on Day 3. Day 3 may seem a l",TRUE,,,
"whole system",,,8,"prose","Indeed, ranking and rating are not just senseless—they are harmful. Reflecting the question posed on page 1, why should people [""work together""] (for the advant | Performance appraisal has been completely discarded: we do not use it. Growth and success are measured in other ways, and management doesn't look at an individu | So let's be clear about the purpose of this two-day project. In one sense it is ambitious, but not ridiculously so. In another sense it's quite limited: the pur",TRUE,,,
"without understanding",,,8,"prose","One often sees shorter translations of those two little words: simply KAI = ""change"" and ZEN = ""good"". These miss the depth of the true meaning as expressed abo | > “ ... the harder they tried, the worse were the effects. … When anything bad occurred, they went to work on it to try to correct it. A noble aim. There was on | > “ ... they were failing to understand the difference between common causes and special causes, and that mixing them up makes things worse. ... Sure we don’t l",TRUE,,,
"years after",,,8,"prose","And last, but definitely not least, here is by far the newest of all my recommendations: *The Essential Deming*, subtitled Leadership Principles from the Father | Just room for one more on computers, 34 years after Mr Watson’s above. This was from Ken Olsen, President, Chairman and Founder of the Digital Equipment Corpora | Dr Deming’s involvement with the Nashua Corporation began just early enough to become known to the NBC television producer, Clare Crawford-Mason, in time for he",TRUE,,,
"you'd like",,,8,"prose","As mentioned in the main text, if you'd like to examine the actual control charts discussed here, take some ""time out"" to read through Part A of the Optional Ex | So the original readers, like Balaji, of the seventh article were already familiar with the previous six articles—whereas you, of course, are not. Alternatively | If you'd like to examine this period by drawing the *X̄-R* chart on the graph-paper below, you will see that the process remained in control during this time, a",TRUE,,,
"Zero Defects",,,8,"prose","### 14. The fallacy of zero defects. | One evening (it was an evening course), the discussion topic was ""Zero Defects"". The gentleman teaching us was trying to motivate (provoke?) us by giving us exa | **Eliminate the use of slogans, posters, and exhortations** for the workforce, demanding Zero Defects and new levels of productivity without providing methods. ",TRUE,,,
"after each",,,7,"prose","Then recall the simple example on . I observed that changing the *average* of my process there would be very easy. And, in my experience, it is indeed very ofte | > This recalls the occasion when a delegate came up to me with tears of gratitude after I had emphasised this point in the seminar. Her company had installed so | One obvious possibility of how to start---and this will certainly be quick and easy---is for you to describe your immediate reaction(s) upon reading an item. Th",TRUE,,,
"another example",,,7,"prose","As a consequence of its interconnectedness, it is important to realise that we cannot hope to understand a system by simply breaking it down into its separate c | Here is another example of knee-jerk reactions: hastily-made decisions based on what has just occurred without consideration of why: | Finally for this section, let's take a look at another example of a binomial distribution. Incidentally, as you may have realised, ""bi-nomial"" implies ""two name",TRUE,,,
"asked him",,,7,"prose","Let me relate a sad experience I had whilst visiting a very famous company in Pune. I came across a poster on the shop-floor which supposedly described KAIZEN.  | In 1974, a famous organisation in India was tying up with a Japanese company for exchange of technology and know-how. To impress the Japanese, the then-leader o | I well remember the occasion when I was one of a group of some 50 people enjoying a study weekend with Dr Deming at the Ashridge Management College in the UK, i",TRUE,,,
"awarding business",,,7,"prose","**End the practice of awarding business solely on the basis of price tag.** Instead, require meaningful measures of quality along with price. Reduce the number  | Anyone who has been involved with the effects of awarding business on lowest price knows, through bitter experience, the huge additions to variation—and therefo | More generally, if things do not seem to be working well in some part of an organisation, what is it that ""feeds in"" to that part of the organisation that might",TRUE,,,
"bad practice",,,7,"prose","Before we begin, a few words about the nature and purpose of the Funnel Experiment, some of which you will recognise as having been just as relevant to the Red  | We shall spend most of today with the true story of Gallery Furniture, learning of a journey from ""bad practice"" to ""good practice"" based on Dr Deming's theory  | Mack was so right. Great care must be exercised in disposing of anything that has become ""the way we do things round here"". Although you and others may now be g",TRUE,,,
"bad practices",,,7,"prose","Before we begin, a few words about the nature and purpose of the Funnel Experiment, some of which you will recognise as having been just as relevant to the Red  | So it might have seemed illogical for me to then spend virtually the whole of yesterday telling you about bad practices rather than *good* ones! But there were  | As described near the beginning of the course, this overall structure largely reflects the way that the four-day seminars developed during the second half of th",TRUE,,,
"bar times",,,7,"prose","$$ \bar = 0 \times \tfrac + 1 \times \tfrac + 2 \times \tfrac \quad\text \quad \bar = 0 \times \tfrac + 1 \times \tfrac + 2 \times \tfrac . $$ | $$ \bar = 0 \times \tfrac + 1 \times \tfrac + 2 \times \tfrac . $$ | $$ \begin \bar &= 0 \times \tfrac + 1 \times \tfrac + 2 \times \tfrac = 0.800, \\ \bar &= 0 \times \tfrac + 1 \times \tfrac + 2 \times \tfrac = 0.930, \\ \bar &",TRUE,,,
"bar times tfrac",,,7,"prose","$$ \bar = 0 \times \tfrac + 1 \times \tfrac + 2 \times \tfrac \quad\text \quad \bar = 0 \times \tfrac + 1 \times \tfrac + 2 \times \tfrac . $$ | $$ \bar = 0 \times \tfrac + 1 \times \tfrac + 2 \times \tfrac . $$ | $$ \begin \bar &= 0 \times \tfrac + 1 \times \tfrac + 2 \times \tfrac = 0.800, \\ \bar &= 0 \times \tfrac + 1 \times \tfrac + 2 \times \tfrac = 0.930, \\ \bar &",TRUE,,,
"barriers between",,,7,"prose","The strong link here is wholly obvious. But note the implications concerning management style. Anything (and there is often much) that management does to erect  | The three items under ""Operational Definitions"" also have some interesting contributions to make. Item 7 is particularly important with reference to Point 9: ""B | **Break down barriers between departments and staff areas.** People in different areas, such as Research, Design, Sales, Administration, and Production, must wo",TRUE,,,
"begin mathrm",,,7,"prose","$$\begin \mathrm (3 \text ) &= \mathrm (\text six on the second die \emph six on the third die}) \\ &= \mathrm (\text ) . \mathrm (\text ) . \mathrm (\text ) \\ | $$\begin \mathrm [XY] &= \sum xy \cdot \mathrm (X = x \text Y = y) \\ &= x_1 y_1 \cdot \mathrm (X = x_1 \text Y = y_1) + x_1 y_2 \cdot \mathrm (X = x_1 \text Y  | $$\begin &\mathrm [X+Y] = \mathrm [X] + \mathrm [Y]; \qquad \mathrm [X-Y] = \mathrm [X] - \mathrm [Y]; \\ &\mathrm [X^2+Y^2] = \mathrm [X^2] + \mathrm [Y^2]; \q",TRUE,,,
"best efforts",,,7,"prose","> “The world is being ruined by best efforts.” | But what could be wrong with good intentions and best efforts? Nothing—*if* (and that’s a big “if”) they are guided by genuine understanding. But if they are no | The Foreman now trains the Willing Workers. He checks and confirms that the workers are all prepared to put forth their best efforts to carry out their job as s",TRUE,,,
"Bill Scherkenbach",,,7,"prose","Practically, surely the most important conclusion of all is that, if improvement is desired (as it should surely be), it is the *system* within which the worker | However, in my early days of studying Dr Deming’s work, I also found it useful to enjoy some lighter read- ing—I am sure the relevant authors will not object to | !Mack tells the story of Gallery Furniture for the first time at a Deming seminar on 12 July 1991, Washington DC. Also participating were three of his colleague",TRUE,,,
"Bill Scherkenbach's",,,7,"prose","Rule 2 is the case where, as we know both from the Ford example and from your own work in the Major Activity, the situation is undesirable compared with Rule 1, | On page 2 Dr Deming claimed that, if we mix up the two types of variation, ""we only make things worse. This is easy to prove."" So let's prove it! Here is a well | !Mack tells the story of Gallery Furniture for the first time at a Deming seminar on 12 July 1991, Washington DC. Also participating were three of his colleague",TRUE,,,
"brings us",,,7,"prose","Nevertheless, it could well be possible to see strong links between just this one aspect of Part D (let alone all the rest of it) and the need to adopt all the  | If you are mathematically inclined, you might like to use the above criterion to verify the following alarming argument. Let's consider starting with the proces | That immediately brings us back to the earlier part of Dr Deming's description of a system: [""a network of interdependent components that work together""] . Ever",TRUE,,,
"Chapter pages",,,7,"prose","There is considerable wisdom in understanding the *limitations* of figures as a vital part of maturity in the Scientific Approach—or indeed of a statistician—bu | There is considerably more on Day 12 concerning Deming's specific guidance on leadership. However, you should find *DemDim* page 335 more than ample in the curr | So now please **read *DemDim* Chapter 13 (pages 197–202): ""Joy in Work""**.",TRUE,,,
"Chief Inspector",,,7,"prose","After the delegates returned from their coffee-break on the Wednesday morning, Dr Deming briefly introduced the experiment. Then there was some pleasant humour  | 10 VACANCIES (educational requirements minimal) 1 RECORDER — able to write neatly and to perform simple arithmetic 1 CHIEF INSPECTOR — able to compare figures a | The Foreman then takes the paddle over to the Inspection Department, so that both the junior inspectors and the Chief Inspector can learn their jobs. Inspection",TRUE,,,
"come together",,,7,"prose","As a consequence of its interconnectedness, it is important to realise that we cannot hope to understand a system by simply breaking it down into its separate c | That was the original concept of the Olympic Games. The Greeks created the Olympics for a very different purpose from ""one winner"". They had travelled far and w | As far as I know, the Quality Circle movement originated in Japan around 1962. Some companies started to encourage informal groups who, during their breaks and ",TRUE,,,
"computed using",,,7,"prose","[] In this sort of case, the sample mean cannot really do a very good job of genuinely reflecting the typical kind of values being recorded: it will still be a  | The control limits (coloured blue) in those charts on page 19 were computed by the moving-range method (in both cases using all of the 24 data-points included o | Two charts side by side: Chart A1 (a stable process) and Chart A2 (an out-of-control process), each shown with control limits drawn in **magenta** — computed us",TRUE,,,
"computing control",,,7,"prose","There is still more good news to come! The almost universally accepted way of computing control limits for control charts based on a-few-at-a-time data, i.e. us | As you know by now, I have always been quite keen on using computer simulation studies when faced with problems that are difficult or impossible to solve just b | Further, during Technical Aid 1 on , my introduction to that method for computing control limits was as follows (slightly paraphrased):",TRUE,,,
"computing control limits",,,7,"prose","There is still more good news to come! The almost universally accepted way of computing control limits for control charts based on a-few-at-a-time data, i.e. us | As you know by now, I have always been quite keen on using computer simulation studies when faced with problems that are difficult or impossible to solve just b | Further, during Technical Aid 1 on , my introduction to that method for computing control limits was as follows (slightly paraphrased):",TRUE,,,
"considerable time",,,7,"prose","The prime purpose of Day 3 as a whole is best summarised by the short title of Don Wheeler's excellent little book: *Understanding Variation*. So, looking forwa | People in the Western Electric Company at that time were heavily involved in the development of telephone technology and related equipment. They were investing  | Compared with what we now know about the matters which Dr Deming was teaching in Japan 30 years earlier, *If Japan Can, Why Can’t We*? had a strangely narrow em",TRUE,,,
"context Day",,,7,"prose","First defined in context: Day 1, ""The Deming story"". | First defined in context: Day 11, ""Theory of Knowledge — Operational Definitions"". | First defined in context: Day 12, ""But what can I do?"".",TRUE,,,
"control limits using",,,7,"prose","There is still more good news to come! The almost universally accepted way of computing control limits for control charts based on a-few-at-a-time data, i.e. us | The two particular issues raised above both stem from the fact that *some* help from Mathematics is necessary in order to develop the details of where control l | However, although moving ranges are quick and easy to compute, they can become quite tedious if being computed (especially by hand) for a lot of data. For examp",TRUE,,,
"conventional management",,,7,"prose","All One Team means what it says. Many approaches to quality improvement involve formation of teams, maybe lots of them—but, as previously observed (during Point | But instead, let's go more directly to the Points and Deadly Diseases. In Part D you will have seen strong emphasis on matters such as dignity, self-esteem, res | A left-to-right chain of five linked boxes showing Deming's Chain Reaction. **Improve processes and product** leads to **Costs decrease**, which leads to **Capt",TRUE,,,
"conventional organisation",,,7,"prose","So what? One way of answering that question is to relate something further that I learned from Peter Scholtes; and (not by coincidence, I suggest) this is ""up-f | According to Peter (and, to the best of my knowledge, nobody ever contradicted him), the story is as follows. In October 1841, two Western Railroad passenger tr | Does that sound familiar to you? The conventional organisation chart helps you to speedily find out whom to blame! If something goes wrong, it must be somebody'",TRUE,,,
"conventional organisation chart",,,7,"prose","So what? One way of answering that question is to relate something further that I learned from Peter Scholtes; and (not by coincidence, I suggest) this is ""up-f | According to Peter (and, to the best of my knowledge, nobody ever contradicted him), the story is as follows. In October 1841, two Western Railroad passenger tr | Does that sound familiar to you? The conventional organisation chart helps you to speedily find out whom to blame! If something goes wrong, it must be somebody'",TRUE,,,
"conversion factor",,,7,"prose","However, as mentioned earlier, the theory underlying where we place the control limits relates to standard deviations rather than to any other type of measure o | So firstly let's take the issue that, because the constants we use to find our control limits have been computed by mathematicians after they assume the data co | was introduced on page 20 as the conversion factor by which a subgroup range needs to be divided in order to scale it down to a number which is comparable to th",TRUE,,,
"Crisis page pages",,,7,"prose","Several further “profound messages” are to be found in the references provided earlier. But I shall content myself here with just one more. And this is (or shou | Firstly, there was the extract from *Out of the Crisis* page 286[pages 334–335] that I have just mentioned, and I make no apology for repeating part of the fina | Tomorrow, on Day 2, we shall describe and work with Dr Deming’s renowned “Experiment on the Red Beads”, performed (to the best of my knowledge) at every one of ",TRUE,,,
"current section",,,7,"prose","Since manual sampling is now effectively out of the question, we'll need to resort to computer simulations (and it won't be the last time in these Optional Extr | Those on Stats-level 0 can now move to that section almost immediately since the remainder of this current section consists of some Technical Aids and an Activi | As I was developing the current section of the course, I realised that the content of his series of short articles could be extremely valuable to *12 Days* stud",TRUE,,,
"Dave Young",,,7,"prose","This Activity reminds me of an e-mail I received from my friend Dave Young after he had read through parts of this course while on holiday early in 2015 (there  | So almost everything that follows here has been told to me by friends who were only too happy to let me publish their stories. However, in some cases they were, | Dave Young showed me a couple of excellent comparisons between the two types of organisation chart that friends had suggested to him. First: ""The traditional or",TRUE,,,
"DemDim Chapter pages",,,7,"prose","There is considerable wisdom in understanding the *limitations* of figures as a vital part of maturity in the Scientific Approach—or indeed of a statistician—bu | There is considerably more on Day 12 concerning Deming's specific guidance on leadership. However, you should find *DemDim* page 335 more than ample in the curr | So now please **read *DemDim* Chapter 13 (pages 197–202): ""Joy in Work""**.",TRUE,,,
"DemDim Figure",,,7,"prose","*DemDim* Figure 43 is simply a blank sheet mainly showing that the particular use of the exercise involves just three areas. So I haven't wasted space here by i | The conclusion from this basic version of the exercise is that, since there happen to be an equal number of + signs and − signs in Table Two, all that work of a | In Table Four we see that there were altogether seven such new options under consideration; all of these therefore had a − in the area which was able to adopt i",TRUE,,,
"Deming sometimes",,,7,"prose","You know that Dr Deming sometimes described the Red Beads Experiment as ""stupidly simple"". As I've indicated, the Funnel Experiment could surely be similarly de | During this course, you have doubtless become used to the fact that Dr Deming sometimes came out with statements which could be described as ""startling""! There  | Deming sometimes described the Red Beads Experiment as “stupidly simple” . The same description could easily be applied to the Funnel Experiment. So what does t",TRUE,,,
"Deming's System",,,7,"prose","Where are we now? We have just mentioned matters to do with psychology. ""Knowledge of Psychology"" is the fourth and final part of the System of Profound Knowled | As you know, these four Preludes respectively introduce some of the concepts in the four parts of Dr Deming's System of Profound Knowledge which you will study  | Much of both today and tomorrow is closely linked with our study of the 14 Points and Deadly Diseases, the learning from which, as we have seen, does not merely",TRUE,,,
"Deming's teachings",,,7,"prose","I felt so sad that two of the most powerful concepts which had been inspired by Deming's teachings in Japan were being so horribly misinterpreted and implemente | Today, when I teach my students about how Dr Deming's teachings have been abused, I talk to them about the ""Six-Sigma Superstition"". I'm sure you'll love the wa | Now again, any acceptance of Shewhart's and Deming's teachings immediately leads to the denial of the conventional statistician's claims in both of these respec",TRUE,,,
"Deming's theory",,,7,"prose","First, you will have already read on *DemDim* page 35 that ""Topics which can be included under this general heading *Scientific Approach*"" take up a considerabl | As you are well aware, we are learning about Dr Deming's theory of management. But, of course, as we discussed near the start, the purpose of that theory is to  | We shall spend most of today with the true story of Gallery Furniture, learning of a journey from ""bad practice"" to ""good practice"" based on Dr Deming's theory ",TRUE,,,
"Dr Deming himself",,,7,"prose","I had no communication with Dr Deming himself during that time. I did, of course, hear more and more about him. One of the things I heard was that the people at | If you explore the internet, you are likely to find several links to videos involving the Red Beads Experiment. However, most of them, whether or not they featu | However, before we begin, here's a warning. I first read about the Experiment on Red Beads at least three years before I first saw it carried out at Dr Deming's",TRUE,,,
"Dr Deming's theory",,,7,"prose","First, you will have already read on *DemDim* page 35 that ""Topics which can be included under this general heading *Scientific Approach*"" take up a considerabl | As you are well aware, we are learning about Dr Deming's theory of management. But, of course, as we discussed near the start, the purpose of that theory is to  | We shall spend most of today with the true story of Gallery Furniture, learning of a journey from ""bad practice"" to ""good practice"" based on Dr Deming's theory ",TRUE,,,
"each item",,,7,"prose","Then recall the simple example on . I observed that changing the *average* of my process there would be very easy. And, in my experience, it is indeed very ofte | Here are two forms of histogram of those data. On the left, each item in the data is represented by a box stacked on the appropriate pile. Little gaps have been | A lady was inspecting finished items from a very high-tech manufacturing process. The items she was inspecting had a value of between £500 and £1,000 each at th",TRUE,,,
"early days",,,7,"prose","> And for the third time, here I have quoted all that Dr Deming wrote for a particular Obstacle. > > This Obstacle struck a loud chord for me. In my very early  | So I'd better try some brief explanations in my own words! ""Analytic studies"" are indeed what we have been involved with, particularly in the early days of *12  | How you react to that first paradox is likely to largely depend on whether or not you have any background in what I’m calling “conventional” or “traditional” St",TRUE,,,
"economic age",,,7,"prose","- Volume 1. *The New Economic Age*. - Volume 2. *The 14 Points*. - Volume 7. *The Red Bead Experiment and Life*. - Volume 8. *Lessons of the Red Bead Experiment | **Adopt the new philosophy. We are in a new economic age,** created in Japan. We can no longer live with commonly accepted levels of delays, mistakes, defective | Robert Reich, who was Secretary of Labour in Bill Clinton's administration, is featured in conversation with Dr Deming in the first two of the Deming Library vi",TRUE,,,
"Elementary Statistics",,,7,"prose","*EST*. Abbreviation for my *Elementary Statistics Tables* (see below). | NEAVE, H R, *Elementary Statistics Tables*. George Allen & Unwin (1981), Routledge (2nd edition 2011). | The tables and notation being included here are extracts from the table of control-chart constants on page 46 of *EST*, my book of *Elementary Statistics Tables",TRUE,,,
"Elementary Statistics Tables",,,7,"prose","*EST*. Abbreviation for my *Elementary Statistics Tables* (see below). | NEAVE, H R, *Elementary Statistics Tables*. George Allen & Unwin (1981), Routledge (2nd edition 2011). | The tables and notation being included here are extracts from the table of control-chart constants on page 46 of *EST*, my book of *Elementary Statistics Tables",TRUE,,,
"equally likely",,,7,"prose","How about a brief explanation of ""enumerative studies"" in my own words? As we shall see later, an introductory course on conventional Statistics often begins by | Many examples of probability calculations, both at the introductory stage and later, make use of considerations of *symmetry*, which is where all the various po | A typical way of verifying this (if you need one) is as follows. Suppose we label the coins A and B. Then there are *four* possible outcomes, all equally likely",TRUE,,,
"every day",,,7,"prose","Ravi is a member of staff in a Credit Control department. One month he was told by his manager to collect money from different retailers after their predetermin | A man drives to work every day on his Bajaj scooter. Most mornings, his young son watches him leave. The son is curious to know how the scooter starts. He notic | Now, don't start jumping to wrong conclusions here. What he meant was that, if my learning process were known and understood, and I was therefore put onto the a",TRUE,,,
"extra material",,,7,"prose","On Days 2 and 3 and during parts of both of the projects, the emphasis was on understanding variation and why that is useful, and the role it plays in the impro | Assuming you do not have much or any background in conventional Statistics, this section will (like the first section) contain some words, terms and phrases wit | And lastly, if you are *really* keen to have a comprehensive introduction to control charts—going well beyond what is necessary for this course—there is the fai",TRUE,,,
"far away",,,7,"prose","Finding the cause(s) of an event may, of course, be easier said than done. One reason is that cause and effect are not necessarily closely connected in either t | We then moved on to consider situations where we have subgrouped (a-few-at-a-time) data. This is where the - chart is commonly used, comprising both the -chart  | - The traditional measures of variation typically focus simply on how far away the values in the data are from the average of the data-values",TRUE,,,
"few months",,,7,"prose","However, a few months later, these same people started complaining of low energy levels and low resistance to diseases. The research laboratories went into over | I soon began to appreciate the potential value of relating the 14 Points to the Joiner Triangle's three foundations. I suspected that this might be just the veh | Moving around the organisation in order to acquire that broader understanding is clearly good. So what is the fourth Deadly Disease? What Dr Deming is warning u",TRUE,,,
"few pages",,,7,"prose","There is, of course, so much to learn from the Experiment on Red Beads that I could not possibly attempt to cover everything here. Regarding messages from the e | Let's now summarise and develop what we have learned in these last few pages. Note that we haven't really been studying the four processes in terms of control c | If it is a while since you read that material on the simple binomial distributions at the beginning of Part D then I suggest, in order to put yourself back in t",TRUE,,,
"final book",,,7,"prose","This was documented by a very famous quantum physicist named Dr Fritjof Capra. He wrote extensively about this in his 2002 book: *The Hidden Connections*. There | *The New Economics* is quite different. It is much shorter, the language is simpler, and the book is generally better organised. I heard from more than one sour | I carried out some fairly important updates to *DemDim* in 1992, not long before *The New Economics* was first published, and I think there is little if any inc",TRUE,,,
"final day",,,7,"prose","I’ll briefly describe the style of the four-day seminars for you. Basically, except for the breaks, Dr Deming spoke from 9.00 to 4.00 each day (except for finis | On Days 2 and 3, the Major Activities will mainly be matters of time rather than requiring a great deal of deep thought. But, after Day 3, the Major Activities  | And lastly, the process of beginning to bring it all together—and making it happen—is the subject of our 12th and final day. And I must surely emphasise “beginn",TRUE,,,
"final part",,,7,"prose","Regarding the final part of the question, I suggest the answers are simply (1) harmed it; (2) nothing or worse (lost opportunity); and (3) benefited it. | Where are we now? We have just mentioned matters to do with psychology. ""Knowledge of Psychology"" is the fourth and final part of the System of Profound Knowled | But don't misinterpret what I have said about conventional Statistics. It is a fascinating subject, and it is a very *useful* subject in many areas. Hopefully, ",TRUE,,,
"first part",,,7,"prose","And, having got that far, we may as well complete the job! As we know, a large part of the ""Scientific Approach"" is based on the understanding of Shewhart's fou | At least, with these latter histograms, one can see some evidence of the one thing we know about the values of the probability of a false signal. We can actuall | Here is my attempt at the first part of the question. Its nature is of course subjective rather than precise—it could not be otherwise:",TRUE,,,
"first sentence",,,7,"prose","First, whereas training is very focused, ""education"" implies breadth—learning about other areas—and this often provides inspiration about what could be helpful  | This Point in particular needs reading beyond the first few words—including to the very end of the first sentence! Dr Deming was pretty scornful of mere ""slogan | However, it is worth briefly noting that the first sentence in the final quotation above explicitly refers us forward to no less than three of the four parts of",TRUE,,,
"four steps",,,7,"prose","Before I discuss it and try to give it some rhyme and reason, let's go through the arithmetic with our illustrative subgroup, just to make sure of what's involv | > [""Continuation of the four steps leads to a helix of continual improvement of satisfaction of the consumer, at a lower and lower cost""] | I'll divide the work you'll carry out on each part of the System of Profound Knowledge into four steps that I will describe over the next two and a half pages a",TRUE,,,
"future reference",,,7,"prose","This is today’s final Pause for Thought and it goes to the opposite extreme compared with the previous Activity. Here I’m just asking you to consider briefly so | For each Obstacle, I give you some pointers: references to discuss in *Out of the Crisis* and, where relevant, references to the Appendix of this course and/or  | Other suggestions for what you might include are any illustrations from your own experience relevant to what Dr Deming is talking about, and also any important ",TRUE,,,
"go through",,,7,"prose","Before I discuss it and try to give it some rhyme and reason, let's go through the arithmetic with our illustrative subgroup, just to make sure of what's involv | **Stats-level 2**: As Stats-level 1 but also browse through the Springboard article when you feel like it and take time to go through it more thoroughly after D | Before we begin, a few words about the nature and purpose of the Funnel Experiment, some of which you will recognise as having been just as relevant to the Red ",TRUE,,,
"goes wrong",,,7,"prose","Let me relate a sad experience I had whilst visiting a very famous company in Pune. I came across a poster on the shop-floor which supposedly described KAIZEN.  | Let me tell you now what first really began to attract me seriously to Deming’s work. It wasn’t the statistical ideas (as you might have thought, because of my  | And what else? His philosophy of management is wholly *system*- or *process*-orientated. It sees things (including, very much, things to do with people) as full",TRUE,,,
"good enough",,,7,"prose","Secondly, the more general lesson to learn from the words ""the need for"" in Point 3 is as follows. Although it may be feasible to start work on adopting some of | The process appears to be in statistical control, but the distance from the Central Line to either Specification Limit is only around 4.5σ rather than the desir | (But that's still not good enough … .)",TRUE,,,
"good idea",,,7,"prose","Seeing that you have not drawn the run charts of these data previously, I suggest it would be a good idea for you to develop the charts for Rules 1 and 2 ""live"" | So, in both cases, compute the positions of the Central Line and control limits from the data over your chosen baseline and draw them in on your run chart. Now, | To put a little flesh on the bones, it would be a good idea for you to compute these various control limits and see them in action. The easiest way to do that i",TRUE,,,
"good start",,,7,"prose","I hope that this course will provide for you a good start to breaking through familiar old thinking, and to catching more than a glimpse of what seems to me to  | As we have seen, Week 2 began with that disappointing performance by Ernie. In retrospect, the explanation was clear. Ernie had shown up all of his workmates du | To be fairly sure of catching the bus, I had to be at the bus-stop by 8.25. To be really sure of catching it, I needed to be there by 8.20. But much of the time",TRUE,,,
"good work",,,7,"prose","Through our study of the ""Six Processes"" we have already ventured well beyond the mere basics of interpreting control charts. So let's continue the good work a  | As you know, this project will continue throughout Day 5. So get ready to keep up the good work tomorrow! | Day 5 is devoted to continuing the good work which began on Day 4, now focusing on the remaining eight of the 14 Points and the five ""Deadly Diseases"". I sugges",TRUE,,,
"hard work",,,7,"prose","If you are mathematically inclined, you might like to use the above criterion to verify the following alarming argument. Let's consider starting with the proces | Then recall the simple example on . I observed that changing the *average* of my process there would be very easy. And, in my experience, it is indeed very ofte | At this stage, the experiment was abruptly terminated. Despite everybody's hard work, and the Foreman's efforts to get improved performance out of his people, t",TRUE,,,
"hypothesis tests",,,7,"prose","> Here’s a little exercise for the statisticians—all others should skip this small-print section. > > If you are keen on hypothesis tests, you might like to con | - Introduction - Part A: Using control charts on Funnel Experiment data — an extension of Major Activity 3–h 1. Introduction 2. Rules 1 and 2 of the Funnel *(** | - Summarising ""raw data"" through pictures such as histograms and the calculation of ""sample statistics"" such as the sample mean *X̄* and the sample standard dev",TRUE,,,
"independent random",,,7,"prose","In order to prove this important multiplication rule for expected values, i.e. that if and are *independent* random variables then , it's easiest to first verif | which, if and are *independent* random variables, can be rewritten | Similarly to the additivity property, this is also extendable to more than two independent random variables.",TRUE,,,
"independent random variables",,,7,"prose","In order to prove this important multiplication rule for expected values, i.e. that if and are *independent* random variables then , it's easiest to first verif | which, if and are *independent* random variables, can be rewritten | Similarly to the additivity property, this is also extendable to more than two independent random variables.",TRUE,,,
"institute leadership",,,7,"prose","## Point 7. Institute leadership of people *( )* | ## Point 7. Institute leadership of people | **Adopt and institute leadership aimed at helping people to do a better job.** The responsibility of managers and supervisors must be changed from sheer numbers",TRUE,,,
"interested friend",,,7,"prose","I hope you found my guidance on your preparation for this project to be useful and that you are now ready to get started with the four-step procedure on Part A  | Not only did Dr Deming write extremely concisely, he would consistently use a few words and terms in very specific ways: ways that might not always be apparent  | (Remember, my writing that follows here focuses on what you might say to your interested friend!)",TRUE,,,
"introductory Statistics",,,7,"prose","- Introduction - Part A: Using control charts on Funnel Experiment data — an extension of Major Activity 3–h 1. Introduction 2. Rules 1 and 2 of the Funnel *(** | So I'd better try some brief explanations in my own words! ""Analytic studies"" are indeed what we have been involved with, particularly in the early days of *12  | If books and courses on Statistics were to make clear—maybe not using the same terms, but at least indicating the purpose and limitations—that what they include",TRUE,,,
"junior inspectors",,,7,"prose","After the delegates returned from their coffee-break on the Wednesday morning, Dr Deming briefly introduced the experiment. Then there was some pleasant humour  | 10 VACANCIES (educational requirements minimal) 1 RECORDER — able to write neatly and to perform simple arithmetic 1 CHIEF INSPECTOR — able to compare figures a | Going by what they see, the delegates will more naturally identify with the ""All-Knowing"" role. The apparatus for the experiment is most surely ""stupidly simple",TRUE,,,
"Kick Start",,,7,"prose","After observing for a long time, the boy realises something. It is only after his father kicks the lever that the scooter starts. So he has a theory: ""Kick ⇒ St | At the weekend, when nobody else is around, he decides it would be fun to start the scooter himself. He wants to do—he has the theory: ""Kick ⇒ Start"". So he goe | So the next Monday morning he starts watching even more keenly. Does his father do anything that he hadn't noticed before? After a week or so he spots something",TRUE,,,
"learn something",,,7,"prose","So the original readers, like Balaji, of the seventh article were already familiar with the previous six articles—whereas you, of course, are not. Alternatively | Dr Deming often pointed out that people working in a process may know everything about that process except for realising the importance of what they know! By di | Because of their importance, let us learn something of the circumstances in which Shewhart’s great discoveries took place, as that will help us to understand mu",TRUE,,,
"Let's take",,,7,"prose","Let's take a look at a couple of shorter illustrations. They have some differences from this first one, and are also different from each other; but it will be u | Let's take another look at the calculations of the sample mean at the end of the previous section. You saw that we finished up writing them like this: | Finally for this section, let's take a look at another example of a binomial distribution. Incidentally, as you may have realised, ""bi-nomial"" implies ""two name",TRUE,,,
"lifelong learning",,,7,"prose","And last, but definitely not least, here is by far the newest of all my recommendations: *The Essential Deming*, subtitled Leadership Principles from the Father | And lastly, the process of beginning to bring it all together—and making it happen—is the subject of our 12th and final day. And I must surely emphasise “beginn | Finally, on Day 12, we shall do a number of things to finally ""bring it all together""---at least as far as we can within the context of a course such as this. T",TRUE,,,
"limits using",,,7,"prose","There is still more good news to come! The almost universally accepted way of computing control limits for control charts based on a-few-at-a-time data, i.e. us | The two particular issues raised above both stem from the fact that *some* help from Mathematics is necessary in order to develop the details of where control l | However, although moving ranges are quick and easy to compute, they can become quite tedious if being computed (especially by hand) for a lot of data. For examp",TRUE,,,
"Lloyd Nelson's",,,7,"prose","So, returning to our version of the Funnel Experiment, if tampering doesn't do any good (to put it mildly), how might we really ""improve the process"", i.e. redu | In case that might be possible, let me tell you what I did in my seminars. As you will remember, Dr Nelson's original version of the experiment is rather tricky | (3) On *DemDim* pages 34–35 we saw Lloyd Nelson's statement about the importance of ""unknown and unknowable"" figures, followed by a number of illustrations. Spe",TRUE,,,
"London four",,,7,"prose","The London four-day seminars became an annual event from 1985 to 1991 inclusive, and I had the same privilege of working with Dr Deming as his assistant at all  | Not surprisingly, I soon began to present my own seminars on Dr Deming’s work and, largely with the help of people that I met at those early seminars and at the | I well remember the occasion when I was one of a group of some 50 people enjoying a study weekend with Dr Deming at the Ashridge Management College in the UK, i",TRUE,,,
"London four day",,,7,"prose","The London four-day seminars became an annual event from 1985 to 1991 inclusive, and I had the same privilege of working with Dr Deming as his assistant at all  | Not surprisingly, I soon began to present my own seminars on Dr Deming’s work and, largely with the help of people that I met at those early seminars and at the | I well remember the occasion when I was one of a group of some 50 people enjoying a study weekend with Dr Deming at the Ashridge Management College in the UK, i",TRUE,,,
"longer online",,,7,"prose","> *NB* The Deming Transformation Forum's website is no longer online. The linked 2012 archived snapshot is preserved here as a historical reference; the Booklet | Firstly, there are a number of references in this course to events that were organised by the BDA and to the substantial series of BDA Booklets that were writte | [^a]: On 6 July 1989 Dr Deming spoke at a meeting which was organised by the Association Française Edwards Deming and held at the Palace of Versailles. I was pr",TRUE,,,
"look through",,,7,"prose","Take a careful look through these results. What main feature occurs to you when comparing the six Willing Workers with each other? | So first review your notes on all that has happened today. If there were any gaps when you forgot to keep up your note-taking then have a look through the relev | In preparation for the First Project and as promised on page 2, here is a fuller version of the Triangle as used by Joiner Associates' consultants. It includes ",TRUE,,,
"main course",,,7,"prose","Secondly, the coverage of control charts during the main course included their use only with what I called ""one-at-a-time"" data, because that is all that is ava | However, as already mentioned, on looking further down the list of Contents there is little doubt that the title of Part D catches your eye! Why on Earth should | So please just pick and choose what, if anything, you read here in these Optional Extras. Or just browse through them and see if anything catches your eye. Mayb",TRUE,,,
"make sense",,,7,"prose","This brings to light another attribute of a system: since every person or thing has its role to play in the system, how can it be justifiable to compare that pe | There is something worse than choosing the most important—and sadly it is very common. It is ranking or rating. This is not just choosing the ""most important"" o | For example, in the discrete case our approach was to obtain approximations for the probabilities of each of the various possible values as the proportion of ti",TRUE,,,
"management causes",,,7,"prose","It is evident that mobility of management increases variation; how could it do otherwise? In the case of a ""job-hopping"" culture as opposed to a learning cultur | It’s not surprising that there should have been such a change or development of emphasis in Dr Deming’s teaching in the late 1980s. An inevitable consequence of | **Mobility of management causes instability, results in decisions being made by people who do not know the business** *[i.e. this business]* **and thus blindly ",TRUE,,,
"Management's Five",,,7,"prose","Here are some words from the video *Management's Five Deadly Diseases*. If you watched it earlier, I think you will remember them: | *Management's Five Deadly Diseases*. Encyclopaedia Britannica. | *Management's Five Deadly Diseases*:",TRUE,,,
"Management's Five Deadly",,,7,"prose","Here are some words from the video *Management's Five Deadly Diseases*. If you watched it earlier, I think you will remember them: | *Management's Five Deadly Diseases*. Encyclopaedia Britannica. | *Management's Five Deadly Diseases*:",TRUE,,,
"manufacturing processes",,,7,"prose","Another great value of Don’s work is that, whereas it used to be the case that control charts were generally considered to require small *samples* of data to be | And there’s the difficulty. What kind of “terms and conditions” could possibly be specified that would apply in practice to data from processes of all the kinds | And so I think we now have several reasons to explain the paradox being considered. Why isn’t the control chart in most introductory (or even later) Statistics ",TRUE,,,
"mathematical world",,,7,"prose","Whenever I hear a statement like that, I *know* we're back in the mathematical world, no longer in the real world. And so it proved. | In my introduction, I've already told you one of the extraordinary things about the normal distribution: i.e. that, although the curve gives the visual *impress | Note in the diagrams that the area in either tail of the normal distribution beyond 3σ from the mean μ is 0.135%. (This is what led to the existence of the firs",TRUE,,,
"minutes late",,,7,"prose","The Government judges by conformance to specifications. Think of the various Charters, league tables, etc, etc, … . A train meets the specification if it is no  | An obvious way to attempt to improve results from a process is to compare the current outcome (today's bus arrival time or the width of the socket just manufact | Resources are channelled into reaching that number, irrespective of the harm caused elsewhere. Methods of measuring or counting are changed. Definitions are cha",TRUE,,,
"monthly sales",,,7,"prose","For illustration, imagine we have just launched a new product on the market, and consider how its monthly sales figures might develop and how the management mig | To keep things easy, I'll present the supposed monthly sales figures as simple whole numbers. For example, we might be rounding to the nearest 1,000 sales so th | A run chart of monthly sales figures, with months 1 to 3 on the x-axis and sales values on the y-axis. The line goes up sharply from 13 in Month 1 to 19 in Mont",TRUE,,,
"much better",,,7,"prose","The HR Manager calculated the average: 9.38. Ah! we see that the first three workers all produced less than the average number of rejects, the second three prod | A couple of points of clarification will be useful here. Firstly, the original editions of these little books of Statistics Tables were published as long ago as | Naturally, we would not expect everyone to get *exactly* 10 dissatisfied callers and 40 satisfied callers every week (something to do with understanding variati",TRUE,,,
"never mind",,,7,"prose","But beware! If you read Part E of the Optional Extras you will find me referring on page 60 to the famous British statistician, the late Professor George Box, s | I'll ask you to look one more time at the Optional Extras, this time on page 49. Here we have the same pictures as you saw two pages earlier (page 47) but now w | Note in the diagrams that the area in either tail of the normal distribution beyond 3σ from the mean μ is 0.135%. (This is what led to the existence of the firs",TRUE,,,
"new economic",,,7,"prose","- Volume 1. *The New Economic Age*. - Volume 2. *The 14 Points*. - Volume 7. *The Red Bead Experiment and Life*. - Volume 8. *Lessons of the Red Bead Experiment | **Adopt the new philosophy. We are in a new economic age,** created in Japan. We can no longer live with commonly accepted levels of delays, mistakes, defective | Robert Reich, who was Secretary of Labour in Bill Clinton's administration, is featured in conversation with Dr Deming in the first two of the Deming Library vi",TRUE,,,
"new economic age",,,7,"prose","- Volume 1. *The New Economic Age*. - Volume 2. *The 14 Points*. - Volume 7. *The Red Bead Experiment and Life*. - Volume 8. *Lessons of the Red Bead Experiment | **Adopt the new philosophy. We are in a new economic age,** created in Japan. We can no longer live with commonly accepted levels of delays, mistakes, defective | Robert Reich, who was Secretary of Labour in Bill Clinton's administration, is featured in conversation with Dr Deming in the first two of the Deming Library vi",TRUE,,,
"next section",,,7,"prose","On the other hand, probably all the figures reported at monthly management meetings are from what I call ""man-made"" processes. Obviously, they are reported at t | I'll illustrate that very simply with the time it takes me to travel to work. Suppose that I have been keeping records and have carried out some simple calculat | Obviously, I don't know how your data turned out, so I can't describe what you will or won't see. So it's over to you now to discover what happens. When you ret",TRUE,,,
"now seen",,,7,"prose","The main question for me to consider was what size of subgroups should I try and how many subgroups should I use in calculating the control limits? Since you ha | As you know, a concept that we have used quite a lot in Parts C and D is that of what happens ""in the long term"" when we consider random samples getting larger  | We have now seen our first set of what were referred to yesterday as ""process data"" (other than the set illustrated on today's first page). We certainly have a ",TRUE,,,
"often referred",,,7,"prose","In connection with what is often referred to as the UK Government's ""hostile immigration environment"", Home Secretary Amber Rudd told the Home Affairs Select Co | Again let's look first at the short control charts of the two simulations. The second one does not appear to have anything much to tell us, but I suggest the fi | But, before that, it is worth making the intriguing and salutary point that Shewhart himself started out thinking that the subject *could* be developed from the",TRUE,,,
"opening day",,,7,"prose","But, since the links with the Joiner Triangle are not quite so all-embracing here as in the first two parts of the System of Profound Knowledge, I'll now make s | If and when the time comes that you might like to learn more about the man as well as his message (for this final recommendation does both), treat yourself to * | As you have already seen, this Overture contains lots of “bits and pieces” about what is to follow during the course. When the Overture ends, the curtain goes u",TRUE,,,
"optimum value",,,7,"prose","Your body temperature is an example of what I call a ""natural"" process. Its optimum value is said to be 98.4°F or 98.6°F, depending on the country in which you  | Years later, when I first came across the Taguchi Loss Function (studied on Day 7), I found rather more justification for concentrating on the variance than pur | The concept of specifications rather than a target normally arises where there is some ""nominal"" or ""optimum"" value for the number being recorded. Realising tha",TRUE,,,
"other things",,,7,"prose","But a lot of other stuff that Deming had written did appeal to me, so I rather set aside that business about the two types of statistical studies and read about | (The adjectives “common” and “special” in this context are defined on the next page.) So, with its purpose and ability to differentiate between the two types of | This Point is unusual in that people have largely ignored its main focus and argued instead about a subsidiary (but nonetheless very important) aspect. The main",TRUE,,,
"own experience",,,7,"prose","But once you have become familiar with any particular strategy then you may soon find you can carry on without continuing to use the track. Use it for as long a | Before we begin, a few words about the nature and purpose of the Funnel Experiment, some of which you will recognise as having been just as relevant to the Red  | Today's Activities are relatively straightforward compared with many others elsewhere in the course—they are not short but at least they do not involve such dee",TRUE,,,
"own right",,,7,"prose","This afternoon we shall set the scene for learning about Dr Deming’s work, primarily by providing a brief account of his life story. The purpose is not just to  | I like very much the representation of Dr Deming’s shown alongside, constructed by one of my many American friends, the late, great Peter Scholtes. The words di | Furthermore, doesn't that type of management behaviour remind you of what you were doing yesterday when playing the part of the Foreman in the Red Beads Experim",TRUE,,,
"pages Section",,,7,"prose","| Section | Title | Pages | |---|---|---| | Section 1: | Your radar diagram | pages 2–6 | | Section 2: | Wisdom from Peter Scholtes | pages 7–10 | | Section 3: ",TRUE,,,
"particularly relevant",,,7,"prose","During Day 8 there was much emphasis on the advantages of cooperation over competition. The Major Activity there was an effective demonstration of the gains tha | Without All One Team, Point 5 could in fact be rather dangerous, and I have come across examples. Such danger will be multiplied if teams are encouraged or even | However, it is worth briefly noting that the first sentence in the final quotation above explicitly refers us forward to no less than three of the four parts of",TRUE,,,
"please read",,,7,"prose","Assuming you do not have much or any background in conventional Statistics, this section will (like the first section) contain some words, terms and phrases wit | Now please read *DemDim* from the bottom of page 31 to the end of page 36. | So now please **read *DemDim* Chapter 13 (pages 197–202): ""Joy in Work""**.",TRUE,,,
"POINT Break",,,7,"prose","## Point 9. Break down barriers *( )* | The three items under ""Operational Definitions"" also have some interesting contributions to make. Item 7 is particularly important with reference to Point 9: ""B | ## Point 9. Break down barriers",TRUE,,,
"points fluctuate",,,7,"prose","A control chart of all 24 values from the first process, but with the control limits computed using only the first 12 (LCL ≈ 9.75, UCL ≈ 14.59, Central Line at  | A single 48-point control chart for Process A (totals when dice are thrown). The first 30 points fluctuate quietly inside the limits — stable. **Point 31 drops  | 48-point control chart for Process B (number of Heads when coins are tossed). The first ~38 points fluctuate quietly inside the limits. From around Point 39 the",TRUE,,,
"possible outcomes",,,7,"prose","As you know, **Rule 1** simply produces the unadulterated data coming from the underlying process of throwing the dice or, in Dr Nelson's original version of th | - Summarising ""raw data"" through pictures such as histograms and the calculation of ""sample statistics"" such as the sample mean *X̄* and the sample standard dev | Many examples of probability calculations, both at the introductory stage and later, make use of considerations of *symmetry*, which is where all the various po",TRUE,,,
"possible values",,,7,"prose","Finally for this section, let's take a look at another example of a binomial distribution. Incidentally, as you may have realised, ""bi-nomial"" implies ""two name | Probability distributions divide themselves into two types depending on what kind of data they represent. So far, we have only been considering what we might ca | For example, in the discrete case our approach was to obtain approximations for the probabilities of each of the various possible values as the proportion of ti",TRUE,,,
"pre Deming",,,7,"prose","To focus on the *learning* from the Gallery Furniture story, and to help you relate it to your own situation, I now ask you to carry out two similar exercises w | Finally, for the time being, work through the table one more time, now considering the comments you have made on both the ""Pre-Deming"" and ""Post-Deming"" sides o | ## ACTIVITY 6-b: ""Pre-Deming"" Gallery Furniture",TRUE,,,
"Press Inc",,,7,"prose","*A Japanese Control Chart*. SPC Press Inc (1990). | SPC Press Inc (USA): | [^a]: Photo by courtesy of SPC Press Inc.",TRUE,,,
"Press Knoxville",,,7,"prose","KILIAN Cecelia S, *The World of W Edwards Deming*. SPC Press, Knoxville, TN (2nd edition 1992). | NEAVE, H R, *The Deming Dimension*. SPC Press, Knoxville, TN (1990). | SCHERKENBACH W W, *Deming's Road to Continual Improvement*. SPC Press, Knoxville, TN (1991).",TRUE,,,
"Press Knoxville TN",,,7,"prose","KILIAN Cecelia S, *The World of W Edwards Deming*. SPC Press, Knoxville, TN (2nd edition 1992). | NEAVE, H R, *The Deming Dimension*. SPC Press, Knoxville, TN (1990). | SCHERKENBACH W W, *Deming's Road to Continual Improvement*. SPC Press, Knoxville, TN (1991).",TRUE,,,
"process improvement",,,7,"prose","Less trivially, suppose the data alternately measure efficiency or productivity etc of both a day-shift and a night-shift. There could be many reasons for a zig | On the other hand, you may of course *wish* to learn a little more or even a lot more about control charts. In that case I’ll mention three possibilities which  | 3. One type of variation is inherent to the process and the circumstances in which it is being operated—the way it has been designed, built, set up, the way peo",TRUE,,,
"production workers",,,7,"prose","Unfortunately, Quality Control Departments have taken the job of quality away from the people that can contribute most to quality—management, supervisors, manag | Some people make good use of computers. Few people are aware, however, of the negative input of computers. Time and time again, in my experience, when I ask for | > ""As the Ford group was touring the Tokai Rika plant, they observed eight production workers 'engaged in active discussion' around this Average and Range Chart",TRUE,,,
"pulse rate",,,7,"prose","Apart from the feature of possibly wandering off to relatively enormous distances from wherever it starts, there is another aspect of Rule 4 which is often seen | Your body temperature is an example of what I call a ""natural"" process. Its optimum value is said to be 98.4°F or 98.6°F, depending on the country in which you  | That may sound pessimistic! But is it? Can we predict with exact precision the output of any process, e.g. our pulse rate at any moment? No, we cannot. Nobody c",TRUE,,,
"Quality Circles",,,7,"prose","- Introduction - *""… but they don't know what to copy!""* - Kaizen - Quality Circles - Just In Time - Six Sigma - Summary - Back to Deming's Legacy - India's Mis | I felt so sad that two of the most powerful concepts which had been inspired by Deming's teachings in Japan were being so horribly misinterpreted and implemente | ### Quality Circles",TRUE,,,
"quite different",,,7,"prose","You will probably be familiar with Charles Darwin's famous expression: ""Survival of the Fittest"". People have often interpreted this in the sense of ""Red in Too | *The New Economics* is quite different. It is much shorter, the language is simpler, and the book is generally better organised. I heard from more than one sour | As you may already have gathered, in my seminars the delegates did much more than just listen to me! In the same way, in this course I shall ask you to do much ",TRUE,,,
"read my",,,7,"prose","If you have read my discussion of the Funnel Experiment Major Activity 3–h in Appendix pages 15–18, you will remember that I studied two simulated sets of Funne | If you are short of time then you could, of course, take the really easy way out: just read my material here for the time being, and then return to try out cont | That finishes this section; so now, if you wish, take a little time out to read my discussion in the Appendix on the former of the two paradoxes (which I descri",TRUE,,,
"real data",,,7,"prose","And there’s the difficulty. What kind of “terms and conditions” could possibly be specified that would apply in practice to data from processes of all the kinds | After that final paragraph, those of you “in the know” will, I think, now begin to understand why “traditional” Mathematical Statisticians have tended to shy aw | No probabilities, no fancy theory, no assumptions about any particular probability distribution, etc—*experience*! Shewhart carried out a lot of experimentation",TRUE,,,
"real work",,,7,"prose","Well, it *is* getting there but, unsurprisingly, not very quickly. So, in this case, let's give the computer some real work to do and go right up to *n* = 100.  | The Foreman (Dr Deming) then gave the Willing Workers some basic training on their task in preparation for their getting down to the real work—at which, as we s | Again being honest with you, I was already feeling quite bored during the training session, even before the ""real work"" began. Had I not been one of Dr Deming's",TRUE,,,
"reducing variation",,,7,"prose","- Variation produces undesirable differences both internally and externally. Both are bad for the organisation concerned. As just observed, variation within pro | But the links are stronger still. In one of my seminars I often used a slide which simply shows the Joiner Triangle with two words inscribed in the middle: ""Red | Links to the Joiner Triangle are less direct in the case of Theory of Knowledge, but nonetheless they are still there. Consider my grouping of the issues into """,TRUE,,,
"relatively large",,,7,"prose","Again let's look first at the short control charts of the two simulations. The second one does not appear to have anything much to tell us, but I suggest the fi | has the standard normal distribution, at least approximately, under the same conditions as previously. Also as before, it is unlikely that the value of σ is kno | But how large is ""relatively large""? The same figures as before provide the answer. For example, if H₀ is true then we know (exactly or approximately) 95% proba",TRUE,,,
"relatively small",,,7,"prose","has the standard normal distribution, at least approximately, under the same conditions as previously. Also as before, it is unlikely that the value of σ is kno | The purpose of producing all these relatively small results is to be able to prove some *big* results that have been quoted and used previously. The first of th | In fact, in this case, a further approximation has been made. If you think about it you will realise that the number of red beads in the paddle *cannot* be exac",TRUE,,,
"right hand side",,,7,"prose","There are quite a few little results and a couple of big ones in this section. The proof of later results often depends on one or more of the results proved ear | The ""shorthand"" for this big fraction that I've shown on the right-hand side is known as a *binomial coefficient*. Notice that there are exactly terms in both t | If you are following my timing guidance, the difference between Stats-level 0 (including 00, of course) and the rest creates a small problem: on both Days 2 and",TRUE,,,
"Rs lakhs",,,7,"prose","Ravi is a member of staff in a Credit Control department. One month he was told by his manager to collect money from different retailers after their predetermin | But then something funny happened. One day Ravi managed to collect no less than Rs. 20 lakhs! Now, your guess is as good as mine as to whether he reported this. | What would have happened if Ravi *had* reported his collection of Rs. 20 lakhs? Chances are that his manager would have promptly revised his target to Rs. 21 la",TRUE,,,
"Rule control charts",,,7,"prose","!Two short Rule 1 control charts: both baselines show a stable process with Central Line around 30 and control limits spanning roughly 20 to 40, reminiscent of  | !Two long Rule 1 control charts, each continuing the baseline (red) with a green extension to 50 points; both remain comfortably inside the control limits throu | !Two short Rule 2 control charts: the first shows a pronounced central zig-zag with plenty of ""white space"" between the run chart and the control limits (a typi",TRUE,,,
"sales data",,,7,"prose","Even though these were not real sales figures, and this was not a real management team, do you think that this was a reasonable account of how management might  | Does the Ford example from earlier today (pages 5–6) suggest to you any concerns about the management's interpretation of yesterday's monthly sales data ( ), th | Furthermore, doesn't that type of management behaviour remind you of what you were doing yesterday when playing the part of the Foreman in the Red Beads Experim",TRUE,,,
"same kind",,,7,"prose","But what about the probability of there being exactly *one* six out of three? Here it's easier to think of one die being thrown three times. There are three dif | If we politely point out that fact, he will go along with it (unless he is of extraordinarily closed mind). He's quite used to that kind of problem in his own f | The double-time working produced mixed success. Ernie settled down to that commendably steady performance of six defectives in both shifts. Martin carried on wi",TRUE,,,
"sample size increases",,,7,"prose","[] Besides seeing the *shape* of the distribution developing from the histograms as the sample size increases and with the boxes becoming correspondingly narrow | There is one respect in which this statement can be confusing. Let's suppose the data are being drawn from a distribution having mean μ and standard deviation σ | The expression in the denominator of *Z* is the *standard deviation* of : this will be proved in the Technical Section on page 80. That expression is obviously ",TRUE,,,
"Second Edition",,,7,"prose","As you know by now, I have always been quite keen on using computer simulation studies when faced with problems that are difficult or impossible to solve just b | But, with my background as a university lecturer in Mathematical Statistics, I didn’t realise any of the above when travelling to London in June 1985 for that f | Incidentally, the full title of *Statistics Tables is Statistics Tables for Mathematicians, Engineers, Economists and the Behavioural and Management Sciences* w",TRUE,,,
"senior managers",,,7,"prose","> ""Over the nearly 20 years of my seminars on Dr Deming's teaching I rarely suffered from any 'difficult' delegates. The few that I had could be divided into tw | That comment might sound flippant. It isn’t. Over the nearly 20 years of my seminars on Dr Deming’s teaching I rarely suffered from having any “difficult” deleg | Some senior managers worry that heading toward ""All One Team"" might pose a threat to their authority. However, a further astute observation from Malcolm Gall is",TRUE,,,
"shall study",,,7,"prose","When I met and began working with Dr Deming in 1985, besides the Red Beads Experiment the majority of the time in his four-day seminars involved his 14 Points ( | My friend Dave Kerr has presented the Red Beads Experiment numerous times. He has developed a short document which not only summarises some of the learning whic | That compares interestingly with the five ""Deadly Diseases"" of Western management (which we shall get to tomorrow). These are also well-covered in *Out of the C",TRUE,,,
"short baseline",,,7,"prose","So yes, it is possible to have signals *within* the baseline period. Indeed, if you read Part A of these Optional Extras then you will have seen some on page 13 | But *why* does the probability of false alarms occurring within the baseline behave in the way shown? In particular, why is the probability actually *zero* with | There is one final type of control chart that I would like to mention to you. This takes us back to one-at-a-time data and is an interesting variant on the fami",TRUE,,,
"simulation studies",,,7,"prose","- Introduction - Part A: Using control charts on Funnel Experiment data — an extension of Major Activity 3–h 1. Introduction 2. Rules 1 and 2 of the Funnel *(** | So, whether or not you have a background in conventional Statistics, there you have many clues as to why much of the remaining content has been included within  | ## 2. Two simulation studies",TRUE,,,
"single sentence",,,7,"prose","Let’s consider how a mathematician tackles his problems. It might appear ambitious to try to describe that in a single sentence, but here’s my attempt! Mathemat | What exactly did Dr Deming mean by a ""system""? On *The New Economics* page 35 *[50]* he provided this description: [""A system is a network of interdependent com | Most of the time in the previous section was spent on considering how to measure *variation* in subgrouped data. In case you skipped that section, I'll summaris",TRUE,,,
"size increases",,,7,"prose","[] Besides seeing the *shape* of the distribution developing from the histograms as the sample size increases and with the boxes becoming correspondingly narrow | There is one respect in which this statement can be confusing. Let's suppose the data are being drawn from a distribution having mean μ and standard deviation σ | The expression in the denominator of *Z* is the *standard deviation* of : this will be proved in the Technical Section on page 80. That expression is obviously ",TRUE,,,
"SPC Press Inc",,,7,"prose","*A Japanese Control Chart*. SPC Press Inc (1990). | SPC Press Inc (USA): | [^a]: Photo by courtesy of SPC Press Inc.",TRUE,,,
"SPC Press Knoxville",,,7,"prose","KILIAN Cecelia S, *The World of W Edwards Deming*. SPC Press, Knoxville, TN (2nd edition 1992). | NEAVE, H R, *The Deming Dimension*. SPC Press, Knoxville, TN (1990). | SCHERKENBACH W W, *Deming's Road to Continual Improvement*. SPC Press, Knoxville, TN (1991).",TRUE,,,
"standard normal distribution",,,7,"prose","The normal distribution with mean μ and standard deviation σ is often denoted by N(μ, σ²)—again showing the conventional statistician's preference for referring | > If is the mean of a random sample of size *n* taken from a population having mean μ and variance σ² (i.e. standard deviation σ) then > > > > is a random varia | As you might expect from the fact that σ is a measure of variability, *dividing* a random variable by its standard deviation always changes its standard deviati",TRUE,,,
"statistical studies",,,7,"prose","- Introduction - Part A: Using control charts on Funnel Experiment data — an extension of Major Activity 3–h 1. Introduction 2. Rules 1 and 2 of the Funnel *(** | So, whether or not you have a background in conventional Statistics, there you have many clues as to why much of the remaining content has been included within  | ### Two types of ""statistical studies""",TRUE,,,
"Step Dr",,,7,"prose","### Step 2: Dr Deming's May 1990 version | #### Area 1, Step 2: Dr Deming's May 1990 version | #### Area 2, Step 2: Dr Deming's May 1990 version",TRUE,,,
"Step Dr Deming's",,,7,"prose","### Step 2: Dr Deming's May 1990 version | #### Area 1, Step 2: Dr Deming's May 1990 version | #### Area 2, Step 2: Dr Deming's May 1990 version",TRUE,,,
"stop doing",,,7,"prose","But what do we see in the name of ""motivation"" these days? We get *extrinsic* motivation. Managers and others think that people get motivated by dangling a carr | This difference in understanding of purpose is fundamental. Deming’s life’s work was all about providing guidance for decisions and actions which will lead to i | An Obsession With Quality will surely result in quality being improved way beyond that which needs mass inspection to verify it. Notice again the words ""the nee",TRUE,,,
"strongly recommend",,,7,"prose","Finally, particularly on Days 6, 8, 9 and 12, specific reference will be made to “your organisation”. Presumably, many people who work on this course are alread | At this time of writing, the video, an Encyclopaedia Britannica film, has been accessible for some years at www.youtube.com/watch?v=ehMAwIHGN0Y (note that the p | Now that you know what this Major Activity involves, I also strongly recommend that you take my advice on by reading through Mack's story once more before conti",TRUE,,,
"tfrac end",,,7,"prose","$$ \begin \text &= \tfrac \\ \text &= \tfrac \\ \text &= \tfrac \end $$ | $$ \begin \bar &= 0 \times \tfrac + 1 \times \tfrac + 2 \times \tfrac = 0.800, \\ \bar &= 0 \times \tfrac + 1 \times \tfrac + 2 \times \tfrac = 0.930, \\ \bar & | $$\begin \text &= \tfrac \\ \text &= \tfrac \\ \text &= \tfrac \end $$",TRUE,,,
"tfrac left",,,7,"prose","$$\begin \sigma^2 &= \left(0 - \tfrac \right)^2 \times \tfrac + \left(1 - \tfrac \right)^2 \times \tfrac + \left(2 - \tfrac \right)^2 \times \tfrac + \left(3 - ",TRUE,,,
"tfrac left tfrac",,,7,"prose","$$\begin \sigma^2 &= \left(0 - \tfrac \right)^2 \times \tfrac + \left(1 - \tfrac \right)^2 \times \tfrac + \left(2 - \tfrac \right)^2 \times \tfrac + \left(3 - ",TRUE,,,
"Think back",,,7,"prose","- to understand something about how we *behave in organisations*—in particular, to know and understand the *interactions* between the *system* in which we are w | Compared with what happens with Rules 3 and 4, Rule 2 doesn't look too bad. But that *is* only relative. Think back to your initial reaction to the Ford compens | Unexpected as it might be, it seems that Dr Deming first used the terms ""common cause"" and ""special cause"" around 1947 in discussions on *prison riots* (see *Ou",TRUE,,,
"through DemDim",,,7,"prose","I carried out some fairly important updates to *DemDim* in 1992, not long before *The New Economics* was first published, and I think there is little if any inc | Now read through *DemDim* pages 264–270, revising your earlier comments and adding any new points below. | Now read through *DemDim* pages 270–274, revising your earlier comments and adding new points below.",TRUE,,,
"throwing dice",,,7,"prose","except that the ""if""s are not usually emphasised as I have just done. Where do the ""if""s come from? In a subject like Mathematical Statistics they are quite lik | Here I am able to become the ""All-Knowing""—because I know where these data originated. In fact, if you happen to have a copy of the second edition of my *Elemen | If your data are typical of what you would get if you were just throwing dice (or using some other similarly ""random"" mechanism), what justification is there in",TRUE,,,
"time order",,,7,"prose","Here again are the numbers of red beads from the experiment, now for convenience printed in time order as a single row rather than the layout in Dec's table: | A run chart of all 24 red-bead counts in time order, with no control limits yet. Most points lie between 6 and 12. Two points stand out from the rest: the value | Next, as I had to do when running the experiment for the statisticians, it's time for you to multi-task! You now take over as the Recorder and draw a run chart ",TRUE,,,
"times tfrac left",,,7,"prose","$$\begin \sigma^2 &= \left(0 - \tfrac \right)^2 \times \tfrac + \left(1 - \tfrac \right)^2 \times \tfrac + \left(2 - \tfrac \right)^2 \times \tfrac + \left(3 - ",TRUE,,,
"timing guidance",,,7,"prose","If you are following my timing guidance, the difference between Stats-level 0 (including 00, of course) and the rest creates a small problem: on both Days 2 and | I hope therefore that you will find pages 19–34 interesting to browse through now (so that you get some idea of what's there) but, more importantly, that they w | **NB** There will be no separation between Stats-levels 0 and Stats-levels 1–3 this afternoon, and so then the timing guidance will only be included on the righ",TRUE,,,
"total number",,,7,"prose","The statisticians’ unusually low total number of red beads was 203. | The big general question to tackle now is as follows. If we denote the probabilities of Success or Failure at each trial by and respectively (where obviously ), | Consequently, the time has come for management to make an impact. A severe but objective appraisal of performance is instituted. At the end of the third week, t",TRUE,,,
"Understanding Statistical",,,7,"prose","During Day 3 you were introduced to the ancient but valuable study by Don Wheeler of ""A Japanese Control Chart"": it is examined in some detail in Part B of the  | WHEELER D J and CHAMBERS D S, *Understanding Statistical Process Control*. SPC Press, Knoxville, TN (1985, 3rd edition 2010). | - Prelude A: Understanding a System - Prelude B: Understanding Statistical Thinking - Prelude C: Understanding Learning - Prelude D: Understanding People - Coda",TRUE,,,
"unknowable figures",,,7,"prose","When visible figures are available then, of course, we need to learn how to use them appropriately. The appeal of the proliferation of tools and techniques, and | (3) On *DemDim* pages 34–35 we saw Lloyd Nelson's statement about the importance of ""unknown and unknowable"" figures, followed by a number of illustrations. Spe | A single bordered box listing Neave's revised topics for the Scientific Approach corner of the Joiner Triangle. The five entries: collect data when possible, bu",TRUE,,,
"vertical scale",,,7,"prose","Some control-charting computer packages include a picture of a histogram turned through 90° (so that its scale coincides with the control chart's vertical scale | The following run chart is based on some inspection data. Quoting from Dr Deming's account, it *""shows the daily record for two months of the proportion defecti | Would you say that this process is in statistical control? You might be wise enough to answer that you cannot be sure without inserting the control limits to up",TRUE,,,
"vice versa",,,7,"prose","He was talking about the two obvious kinds of mistakes that can be made when analysing process data: i.e. concluding that a process is in statistical control wh | No probabilities, no fancy theory, no assumptions about any particular probability distribution, etc—*experience*! Shewhart carried out a lot of experimentation | **Rule 2** is yet another matter. Unusually, this overcompensation problem is often quite difficult to recognise by comparing run charts alone. There is some te",TRUE,,,
"visible figures alone",,,7,"prose","**One can not be successful on visible figures alone. Of course, visible figures are important: the bank account must be watched, and employees and vendors must | **DISEASE 5.** [One cannot be successful on visible figures alone.] *(Day 5 pages 26--27.)* | When you have identified your system and its aim, think hard about, and identify, what can tell you whether or not you are successfully working toward that aim,",TRUE,,,
"wandering nature",,,7,"prose","That should make clear the considerable reduction of variation produced by Rule 1 compared with Rule 2. If you look back to the histograms, matching what was se | I'll move straight on to **Rule 4** since that's the one you have dealt with most recently. The clue as to what happens to the control limits here follows direc | Apart from the feature of possibly wandering off to relatively enormous distances from wherever it starts, there is another aspect of Rule 4 which is often seen",TRUE,,,
"word theory",,,7,"prose","In order to make progress with the Theory of Knowledge, we must first understand what the word ""theory"" really means. If you ask people the meaning of ""theory"", | So Deming had a very different take on the word ""theory"". Theory is not the ""opposite"" to practice: to him, the purpose of theory was to guide *better* practice | At the end of Prelude B we introduced some thoughts about the word ""theory"". Dr Deming emphasised that all theory leads to knowledge, indeed that no knowledge i",TRUE,,,
"years earlier",,,7,"prose","Rule 3's behaviour is clearly catastrophic—though did you suspect that such would be the case when (as recalled on the previous page) we may have initially rega | We know that he was still working hard, lecturing regularly at New York University, still publishing research papers, visiting Japan for the annual Deming Prize | Compared with what we now know about the matters which Dr Deming was teaching in Japan 30 years earlier, *If Japan Can, Why Can’t We*? had a strangely narrow em",TRUE,,,
"you'll need",,,7,"prose","Firstly, notice that Dec recorded the total number of red beads obtained in the experiment near the bottom right of his table on page 11: it was 235. But now yo | So off you go for the final time. Again if you didn't do so when I first suggested it, you'll need to start by copying over all your ""From ▼, ● then goes"" rows  | First, carefully re-read my descriptions of the four steps, starting on page 19. There you'll need a copy of page 29, the one-page summary of the whole four-ste",TRUE,,,
"you're interested",,,7,"prose","Actually, it's a little misleading to talk of *""the""* normal distribution: there's a whole *family* of normal distributions. In particular, the ""bell-shape"" can | If you look very closely, you will see that this isn't *quite* the same as before, although it is pretty similar. If you're interested, the exact proportions of | The Foreman then takes the paddle over to the Inspection Department, so that both the junior inspectors and the Chief Inspector can learn their jobs. Inspection",TRUE,,,
"zig zags",,,7,"prose","The run chart for Simulation A's Rule 3 surprised me. I imagine it may also surprise you, assuming you had lots of fun and used games with Rule 3. In other word | There is now no zig-zags with Rule 4. Instead, Rule 4 usually just gently ""wanders around"" (mathematicians often refer to this as a ""random walk""). It may mostl | Sooner or later, however, the marble will finish up rather further away from the target than previously which will, in Rule 3's case, position the funnel at tha",TRUE,,,
"acquiring knowledge",,,6,"prose","So this summarises the sequence of learning, of acquiring knowledge. Actually, we could even have begun the sequence one step earlier. Why did the little boy—or | ### ""A dynamic scientific process of acquiring knowledge"" | > ""The three steps constitute a dynamic scientific process of acquiring knowledge.""",TRUE,,,
"additional reading",,,6,"prose","There were around five of Balaji's short articles relating to each of the four parts, plus a summing-up as the final article of the set. We have called the revi | So firstly, carefully read through Balaji's Prelude C and then *DemDim* pages 274–276, making notes on where you see the links between them. Prelude C very help | The details of how we'll work through Part C are somewhat different from the procedure we use in the other three parts. Not only is Deming's writing particularl",TRUE,,,
"additivity property",,,6,"prose","So, if expected values can be *added* together, perhaps a natural follow-on question is whether they can be straightforwardly *multiplied* together. That's not  | To begin with, let's restate the results about expected values derived in the previous section. First we had the additivity property. We started with the simple | Similarly to the additivity property, this is also extendable to more than two independent random variables.",TRUE,,,
"adjacent values",,,6,"prose","Apart from the feature of possibly wandering off to relatively enormous distances from wherever it starts, there is another aspect of Rule 4 which is often seen | But, with our knowledge of what Rule 2 is, isn't that precisely what we would expect? Rule 2's compensation mechanism virtually ensures that particularly high v | !Two short Rule 4 control charts: the tight zig-zag of adjacent values pulls the control limits very close together, and both baselines already contain points p",TRUE,,,
"after Day",,,6,"prose","But, hold on. In order to be able to communicate with the conventional statistician, we have already gone a long, long way. We have gone so far as to *ignore* D | **Stats-level 2**: As Stats-level 1 but also browse through the Springboard article when you feel like it and take time to go through it more thoroughly after D | So, in summary, unless you *really* want to limit yourself to Stats-level 00, do take at least a quick look at all of the main text (except possibly for the Tec",TRUE,,,
"almost certainly",,,6,"prose","I hope you will have found it helpful to gain that additional experience of constructing and interpreting control charts. However, to be fair, Funnel Experiment | You, the Deming/Shewhart student, might well like to convince the conventional Statistics student that those supposed mathematical underpinnings are irrelevant. | The control limits indicate the range of values over which you would expect the large majority of data to lie while the process remains in statistical control. ",TRUE,,,
"almost immediately",,,6,"prose","**Rule 3**'s zig-zag effect is the complete opposite. (This is *negative* autocorrelation.) ""Zig-zag"" *means* up-down-up-down-up … : i.e. here the moving ranges | After about an hour, it was time for the tea-break and for the Quality Circle to get together. The supervisor started talking about something. Since almost imme | But even the conventional statistician will probably not be familiar with some or all of what I shall now introduce—so you're on a level playing-field for the t",TRUE,,,
"already discussed",,,6,"prose","Remember Dr Deming's familiar observation: [""Quality is made at the top""] (which was discussed on in the very first Pause for Thought) or equivalently, on other | Similar situations can and often do occur in the workplace. We have already discussed the possibility of a ""reward and recognition"" scheme being introduced whic | Whereas Rule 3's short control charts did not give much warning of the horrors to come, Rule 4's short charts immediately show conclusive evidence of severe pro",TRUE,,,
"am sure",,,6,"prose","What do you think—is the trait of competing against each other and its consequences *born* with us or was it *acquired* by us? I am sure that very many of us ha | I know of the following long-established and active Deming-based groups in the UK, although there may possibly be more. One is the Deming Alliance which began i | However, in my early days of studying Dr Deming’s work, I also found it useful to enjoy some lighter read- ing—I am sure the relevant authors will not object to",TRUE,,,
"annual performance",,,6,"prose","What I mean by the second category is guidance and help for you to understand how to try to contribute well to the organisation's and/or your team's needs and o | *Before John had become familiar with Dr Deming's teaching, he was clearly quite surprised when he saw what happened when his own company started introducing (a | ### Annual performance reviews",TRUE,,,
"another look",,,6,"prose","Let's take another look at the calculations of the sample mean at the end of the previous section. You saw that we finished up writing them like this: | it's so that . As we saw on page 65, an estimator whose expected value is equal to the thing that it is trying to estimate is known as an *unbiased estimator*.  | Now let's see how to obtain probabilities for *any* normal distribution N(μ,σ²), not just N(0,1). Perhaps it's worthwhile to take yet another look at page 49 to",TRUE,,,
"area thereunder",,,6,"prose","> ""It would … be wrong to attach any particular figure to the probability that a statistical signal for detection of a special cause could be wrong, or that the | We know how we could do it *approximately* by the method we have already demonstrated in this and the previous section: get lots of data from that normal distri | On the next page there are the same three ""graphs of the normal curve"" as above but now with some ""proportions of area thereunder"" inserted. So, as an example, ",TRUE,,,
"arrival time",,,6,"prose","So I learned that the variation in the arrival-time of the bus seriously affected my quality of life! Note that the variation was actually more important than t | Suggest some of the possible causes of variation in the arrival-time of my school bus. | Being guided by the thoughts about prison riots, factors which result in somewhat random fluctuations from day to day would be interpreted as *common* causes, w",TRUE,,,
"asked me",,,6,"prose","Let me relate a sad experience I had whilst visiting a very famous company in Pune. I came across a poster on the shop-floor which supposedly described KAIZEN.  | We had a decision to make in 1991 when Dr Deming and Dr Baker asked me to switch those salespeople from commission to salary. It was a bet-the-company type of d | Someone asked me, at one of the Deming downfalls, if I would go back to commission if our sales were to slide. No! Absolutely not! The biggest benefits of salar",TRUE,,,
"average value",,,6,"prose","Failure to understand variation in tests delayed some years the science of genetics. Ratios of (e.g.) tall and dwarf peas varied wildly below and above nature's | We shall make further use of this concept of long-term average values in this Technical Section. But ""long-term average value"" is also rather a mouthful. And so | With a discrete distribution, sometimes is a possible value of . For example, when we considered tossing two coins and counting the number of Heads, then , i.e.",TRUE,,,
"barriers between departments",,,6,"prose","The strong link here is wholly obvious. But note the implications concerning management style. Anything (and there is often much) that management does to erect  | **Break down barriers between departments and staff areas.** People in different areas, such as Research, Design, Sales, Administration, and Production, must wo | **POINT 9.** [Break down barriers between departments and staff areas.] *(Day 5 pages 6--7.)*",TRUE,,,
"baseline lengths",,,6,"prose","There's only one way I know of finding out—yes, another computer simulation. This one was quite easy to write. All that was needed was to (a) generate a-few-at- | If you have a conventional Statistics background, you may well be a little startled by how short my suggested baseline lengths are. The general sense in convent | If and when you have the time, you could gain some useful experience quite quickly about the pros and cons of using different lengths of baseline by carrying ou",TRUE,,,
"before continuing",,,6,"prose","If it is a while since you read that material on the simple binomial distributions at the beginning of Part D then I suggest, in order to put yourself back in t | **If you have so far not read the “Welcome to *12 Days to Deming*” in the “A. PLEASE START HERE” file then please “stop the clock” and do so before continuing h | Now comes the time for you to get some practice at playing the role of the Foreman! Remember that the Foreman (pretends that he) is in the Un-Knowing state—typi",TRUE,,,
"begin text",,,6,"prose","$$ \begin \text &= \tfrac \\ \text &= \tfrac \\ \text &= \tfrac \end $$ | $$\begin \text &= \tfrac \\ \text &= \tfrac \\ \text &= \tfrac \end $$ | $$\begin \text &= \tfrac & \text &= \tfrac \\ \text &= \tfrac & \text &= \tfrac . \end $$",TRUE,,,
"bigl mathrm",,,6,"prose","$$\begin \text cX &= \mathrm [(cX)^2] - (\mathrm [cX])^2 = c^2\mathrm [X^2] - c^2(\mathrm [X])^2 = c^2\bigl(\mathrm [X^2] - (\mathrm [X])^2\bigr) \\ &= c^2\bigl | $$\begin &= \mathrm [X^2] + \mathrm [Y^2] + 2\mathrm [X]\mathrm [Y] - \bigl\ [X]^2 + \mathrm [Y]^2 + 2\mathrm [X]\mathrm [Y]\bigr\} \\ &= \mathrm [X^2] + \mathr | $$\begin \mathrm [\bar ] &= \mathrm \!\left[\tfrac (X_1 + X_2 + \dots + X_n)\right] = \tfrac \mathrm [X_1 + X_2 + \dots + X_n] = \tfrac \bigl(\mathrm [X_1] + \m",TRUE,,,
"binomial probabilities",,,6,"prose","Before returning to the matter of how to easily obtain numerical values for all those binomial probabilities (binomial coefficients and all!) there is one loose | That brings us to the final issue to be discussed regarding the binomial distribution: how to obtain those binomial probabilities without getting involved with  | Finally, since the tables only go up to , how can we find probabilities for larger values of without needing to do a lot of arithmetic? For this purpose, and re",TRUE,,,
"both Days",,,6,"prose","**Before Day 2.** Just a reminder here that an ordinary basic calculator is likely to be useful to you on both Days 2 and 3. | If you are following my timing guidance, the difference between Stats-level 0 (including 00, of course) and the rest creates a small problem: on both Days 2 and | So, as with the introduction in *DemDim*, all the main text in what follows is Dr Deming's. My own comments within his writing appear in *italics* and are enclo",TRUE,,,
"both parts",,,6,"prose","Finally, if and when you decide to venture into the **Optional Extras** but without printing that file, there are just two pages in both Parts A and B which you | Before considering the details, it would be useful to take a look at part of the rather famous hand-drawn *X̄-R* chart of which we have already seen something a | So, go ahead and write down the values of *X̄* and *R* for each subgroup—not very difficult with these data! And yes, you will soon see a few of those zero rang",TRUE,,,
"brief discussion",,,6,"prose","There was some brief discussion on Day 3 about the length of the baseline in Technical Aids 8 (page 17) and 9 (page 27). In practice, the choice of baseline len | So let’s shed some light on this second paradox. This is a quote from my brief discussion on the sixth of Deming’s famous 14 Points for Management: “Institute t | (For brief discussion see Appendix page 6.)",TRUE,,,
"calls per",,,6,"prose","Indeed, ranking and rating are not just senseless—they are harmful. Reflecting the question posed on page 1, why should people [""work together""] (for the advant | People's contributions to a system also need to be regulated. A favourite example of Dr Deming's was that of an orchestra with 140 players who are all there to  | Finally, let me bring together a few of the important illustrations we have described. First, the salesman who lied was in all probability selling more than cou",TRUE,,,
"calls per hour",,,6,"prose","Indeed, ranking and rating are not just senseless—they are harmful. Reflecting the question posed on page 1, why should people [""work together""] (for the advant | People's contributions to a system also need to be regulated. A favourite example of Dr Deming's was that of an orchestra with 140 players who are all there to  | Finally, let me bring together a few of the important illustrations we have described. First, the salesman who lied was in all probability selling more than cou",TRUE,,,
"case studies",,,6,"prose","Another great value of Don’s work is that, whereas it used to be the case that control charts were generally considered to require small *samples* of data to be | > ""Another great value of Don *[Wheeler]*'s books is that, whereas it used to be the case that control charts were generally considered to require small *sample | Here I am able to become the ""All-Knowing""—because I know where these data originated. In fact, if you happen to have a copy of the second edition of my *Elemen",TRUE,,,
"causes instability",,,6,"prose","It is evident that mobility of management increases variation; how could it do otherwise? In the case of a ""job-hopping"" culture as opposed to a learning cultur | **Mobility of management causes instability, results in decisions being made by people who do not know the business** *[i.e. this business]* **and thus blindly  | **DISEASE 4.** [Mobility of management causes instability.] *(Day 5 pages 24--25.)*",TRUE,,,
"Climate judgments",,,6,"prose","Finally, there is a very important practical consideration to confirm and emphasise. What sort of things should be considered when allocating these ""grades""—whe | On page 17 I made a big point of emphasising that the ""grades"" allocated to options in this exercise are made according to ""Old Climate"" judgments. However, you | However, for the purposes of this Major Activity here, i.e. as a teaching and learning exercise, I think it is safer to stick to the ""Old Climate"" judgments. If",TRUE,,,
"clock icons",,,6,"prose","If you are following my timing guidance, the difference between Stats-level 0 (including 00, of course) and the rest creates a small problem: on both Days 2 and | **NB** We have now reached the stage where I strongly advise Stats-level 0 students and, even more so, Stats-level 00 students *not* to work hard at the followi | If you are reading a printout of what follows, or alternatively have a two-page display on-screen, you will see that full-size Tables One to Five are on the rig",TRUE,,,
"common practice",,,6,"prose","A common practice among engineers is to put together a prototype of an assembly with every part close to the nominal or intended measured characteristic. The te | If the value of σ is known then the first and last parts of this relationship can be evaluated, thus providing an interval within which we ""are 95% confident th | As you can see from the short table of probabilities, the probability of one or more false alarms occurring during the baseline steadily *rises* as the baseline",TRUE,,,
"computed control",,,6,"prose","As you know, **Rule 1** simply produces the unadulterated data coming from the underlying process of throwing the dice or, in Dr Nelson's original version of th | As you have seen on page 22, all remained well until the out-of-control signals which began on 27 October. You have read at the top of this page what then happe | **Computed control limits**",TRUE,,,
"computed control limits",,,6,"prose","As you know, **Rule 1** simply produces the unadulterated data coming from the underlying process of throwing the dice or, in Dr Nelson's original version of th | As you have seen on page 22, all remained well until the out-of-control signals which began on 27 October. You have read at the top of this page what then happe | **Computed control limits**",TRUE,,,
"computer program",,,6,"prose","If you have read my discussion of the Funnel Experiment Major Activity 3–h in Appendix pages 15–18, you will remember that I studied two simulated sets of Funne | In case that might be possible, let me tell you what I did in my seminars. As you will remember, Dr Nelson's original version of the experiment is rather tricky | The prime purpose of Day 3 as a whole is best summarised by the short title of Don Wheeler's excellent little book: *Understanding Variation*. So, looking forwa",TRUE,,,
"current position",,,6,"prose","In case that might be possible, let me tell you what I did in my seminars. As you will remember, Dr Nelson's original version of the experiment is rather tricky | One aspect immediately noticeable about Rule 3's short control charts is their similarity to those of Rule 2 on page 10. A moment's reflection will show why. Re | With the equipment as described, when the marble is dropped through the funnel it will finish up either to the left or right of the funnel or sometimes directly",TRUE,,,
"data point",,,6,"prose","- because control-chart constants that are used in computation of control limits, such as the 2.66 with which we became familiar on Day 3, are derived from norm | - because control-chart constants that are used in computation of control limits, such as the 2.66 which we became familiar with on Day 3, are derived from norm | - UCL & LCL 3σ (α = 0.0027 = 3/1000) For z = 3.00, p = 2 × (1 − prob(z < 3.00)) = 2 × (1 − 0.99865) = 2 × 0.00135 = 0.0027 - Hence, probability of data point ab",TRUE,,,
"decision making",,,6,"prose","And if all these, and more, enter decision-making about purchasing for yourself and your loved ones, why shouldn't they enter the purchasing decisions of your c | So what would then have happened to that ""heap of + signs"" referred to on page 16? It would have grown into an even larger heap than in your Table Five! Now you | However, for the purposes of this Major Activity here, i.e. as a teaching and learning exercise, I think it is safer to stick to the ""Old Climate"" judgments. If",TRUE,,,
"defective items",,,6,"prose","Some defective items were being made in a manufacturing operation. The HR (Human Resources) Manager felt that this was due to the ""improper attitude"" of the wor | One of the earliest applications of Shewhart's invention of the control chart was for batch inspection of mass production processes. In such inspection, samples | > ""One of the earliest applications of Shewhart's invention of the control chart was for batch inspection of mass production processes. In such inspection, samp",TRUE,,,
"DemDim Part",,,6,"prose","We shall cover these three emphases on Day 8 (see also *DemDim* Part 3: “The New Climate”). | - Obviously, there is much more that you could read—though not in the current timeframe! Like so much of what Deming taught, there is always more to learn. *Dem | And, as you have now seen, cooperation is one of the three features that I included in the ""New Climate"", both in the journal article and in *DemDim* Part 3. Wi",TRUE,,,
"Deming included",,,6,"prose","Here is a selection of illustrations *suggested by delegates* in the earliest four-day seminars at which Dr Deming included the Funnel Experiment. As suggested, | On *The New Economics* page 36 *[51]*, Dr Deming included a suggestion for the aim of a system in which human beings are involved. It was [""for everybody to gai | Dr Deming included a few histograms in *Out of the Crisis*. I particularly like his commentary on the following histogram which I have redrawn from page 229[267",TRUE,,,
"Deming Management Method",,,6,"prose","WALTON Mary, *The Deming Management Method*. Dodd, Mead & Co Inc (1986), Mercury, London (1989). | [^a]: The ""Epilogue"" on pages 241–244 of Mary Walton's book *The Deming Management Method* contains a much more substantial account of Dr Deming's presentation  | The quotation from Mary Walton's book *The Deming Management Method* (the Deming Prize Ceremony speech footnoted in the previous chapter) has been included with",TRUE,,,
"deming org",,,6,"prose","Deming Transformation Forum (UK): www.deming.org.uk | Firstly, there are a number of references in this course to events that were organised by the BDA and to the substantial series of BDA Booklets that were writte | [^a]: On 6 July 1989 Dr Deming spoke at a meeting which was organised by the Association Française Edwards Deming and held at the Palace of Versailles. I was pr",TRUE,,,
"Deming saw",,,6,"prose","This is where Dr Deming saw this Deadly Disease as being its most damaging (*Out of the Crisis* page 103 *[121]*): | Dr Walter Shewhart's writing was often not easy to understand—as Dr Deming readily agreed! But Deming saw a purpose in Shewhart's style of writing—it was to hel | The following sentence (*The New Economics* page 69 [102]) is a summary of what Dr Deming saw as necessary for conveying knowledge (as opposed to information):",TRUE,,,
"Deming's Road",,,6,"prose","SCHERKENBACH W W, *Deming's Road to Continual Improvement*. SPC Press, Knoxville, TN (1991). | Having established a ""macro"" flow diagram for the organisation (or whatever system is being studied), it may then be useful to develop other diagrams and charts | Finally, now that you have seen the Deming/Shewhart Cycle as well as being familiar with the general concept of Shewhart's circle definition of the ""New Way"", I",TRUE,,,
"dimensional version",,,6,"prose","In case that might be possible, let me tell you what I did in my seminars. As you will remember, Dr Nelson's original version of the experiment is rather tricky | The prime purpose of Day 3 as a whole is best summarised by the short title of Don Wheeler's excellent little book: *Understanding Variation*. So, looking forwa | Believe me—my version is easier to perform and also results in less laundry costs! Basically, it's a one-dimensional version of the experiment, whereas the Funn",TRUE,,,
"discriminate between",,,6,"prose","Awakening to the need for quality, and with no idea what quality means nor how to achieve it, American management have resorted to mass assemblies for crash cou | However, *all* we see in the main material of this course that is related to the subject of Statistics is what I like to summarise in just two words: “understan | 3. One type of variation is inherent to the process and the circumstances in which it is being operated—the way it has been designed, built, set up, the way peo",TRUE,,,
"DISEASE Short",,,6,"prose","## Disease 2. Short-termism *( )* | ## Disease 2. Short-termism | **DISEASE 2.** [Short-term thinking defeats constancy of purpose.] *(Day 5 pages 20--21.)*",TRUE,,,
"distinction between",,,6,"prose","- to understand something about how we *behave in organisations*—in particular, to know and understand the *interactions* between the *system* in which we are w | Understanding the distinction between ""competing with"" and ""competing against"" can make all the difference between success and failure. But, if we look around u | - Awareness of the distinction between common and special causes of variation and of how to interpret control charts; - Learning how to ask the right questions;",TRUE,,,
"Dr Deming often",,,6,"prose","Dr Deming often pointed out that people working in a process may know everything about that process except for realising the importance of what they know! By di | These were the starting-points in the three cases. Then what? In the case of the young boy, he began to observe carefully and eventually came up with his initia | The Foreman then takes the paddle over to the Inspection Department, so that both the junior inspectors and the Chief Inspector can learn their jobs. Inspection",TRUE,,,
"Dr Jackie",,,6,"prose","In all fields of activity, everyone recognises the importance of quality *to a certain extent*. If the quality of the product and/or service being provided by o | My friend Dr Jackie Graham, based in Australia, points out how government cycles (i.e. the times between General Elections) can seriously obstruct long-term pro | After reading what I have written here, my friend Dr Jackie Graham in Australia e-mailed me as follows:",TRUE,,,
"Dr Jackie Graham",,,6,"prose","In all fields of activity, everyone recognises the importance of quality *to a certain extent*. If the quality of the product and/or service being provided by o | My friend Dr Jackie Graham, based in Australia, points out how government cycles (i.e. the times between General Elections) can seriously obstruct long-term pro | After reading what I have written here, my friend Dr Jackie Graham in Australia e-mailed me as follows:",TRUE,,,
"Dr Walter Shewhart",,,6,"prose","You will recall that this topic of Statistical Thinking was born in the 1920s due to the brilliant insights of Dr Walter Shewhart. He made a discovery about pro | For example, the ""conventional"" student has been taught that both the theory and ""validity"" of control charts depend upon traditional Mathematical Statistical f | In the opening section I briefly related how, not long before his 79th birthday, Deming was at long last “discovered” in his home country of America and subsequ",TRUE,,,
"dropped through",,,6,"prose","In case that might be possible, let me tell you what I did in my seminars. As you will remember, Dr Nelson's original version of the experiment is rather tricky | - a funnel, - a marble which is small enough to pass through the funnel, - a table, exactly horizontal and covered by a thick tablecloth ... - ... on which is m | with one track suspended some distance directly above the other. (You will notice that the central number 30 is coloured differently from the others: 30 is the ",TRUE,,,
"Drs Shewhart",,,6,"prose","> [You will probably immediately recognise that what I describe as behaving normally or abnormally are respectively the same as what Drs Shewhart and Deming cal | However, *all* we see in the main material of this course that is related to the subject of Statistics is what I like to summarise in just two words: “understan | > ""In a nutshell, understanding variation is to do with being able to justifiably describe the behaviour over time of processes or systems of any kind by words ",TRUE,,,
"Drs Shewhart and Deming",,,6,"prose","> [You will probably immediately recognise that what I describe as behaving normally or abnormally are respectively the same as what Drs Shewhart and Deming cal | However, *all* we see in the main material of this course that is related to the subject of Statistics is what I like to summarise in just two words: “understan | > ""In a nutshell, understanding variation is to do with being able to justifiably describe the behaviour over time of processes or systems of any kind by words ",TRUE,,,
"Economics Chapter",,,6,"prose","Since there is considerable discussion on the Funnel Experiment in *DemDim* Chapter 5 and also in both *Out of the Crisis* (pages 280–284 [327–332]) and *The Ne | **2. [The supposition that solving problems, automation, gadgets, and new machinery will transform industry.] ** (*Out of the Crisis* page 108 [pages 127–128];  | The section of *The New Economics* Chapter 4 relating to Part B is pages 67–69[98–101]. However, there is much more: indeed, all of the book's final four chapte",TRUE,,,
"Edwards Deming Institute",,,6,"prose","WEDI (The W Edwards Deming Institute) (USA): | After Japan faced the repeated wrath of the tsunamis and earthquakes in 2011, they managed to resurrect themselves remarkably quickly. A note was sent from the  | Worldwide, the W Edwards Deming Institute (WEDI) in America is the obvious initial source. The Institute was founded by Dr Deming just before his death in 1993 ",TRUE,,,
"Electric Company",,,6,"prose","One of Dr Deming’s first recommendations was that Nashua acquire the services of an experienced statistician. On Deming’s advice, Bill “head-hunted” Dr Lloyd S  | I have mentioned the 1920s several times during the Overture, and so you know what’s coming here. Yes: Dr Walter Shewhart at the Western Electric Company, and u | Just like many students these days, Mr Deming (as, of course, he still was at the time) had to “work his way through college”: he needed to find temporary jobs ",TRUE,,,
"enumerative study",,,6,"prose","How about ""enumerative *study*"" or ""analytic *study*""? No: I drew a blank on both of those. | How about a brief explanation of ""enumerative studies"" in my own words? As we shall see later, an introductory course on conventional Statistics often begins by | Note that simply attempting to describe what is in the population (or frame) does not include any intent to explain *why* the population (frame) contains what i",TRUE,,,
"even before",,,6,"prose","Indeed, ranking and rating are not just senseless—they are harmful. Reflecting the question posed on page 1, why should people [""work together""] (for the advant | Even before Prelude A began, we observed that Dr Deming, the man who largely catalysed the industrial turnround of Japan after World War Two, thought differentl | In 1936, when he was in England studying the theory of statistics with Sir Ronald Fisher at London's University College, he befriended a very famous Indian stat",TRUE,,,
"even further",,,6,"prose","If you'd like to impress the Mathematical Statistician even further, you can tell him that the probability distribution comprising these delightful probabilitie | Let me emphasise even further Deming’s concentration on the importance of control charts. He was clear that it is generally desirable for *everyone* in an organ | Having worked with some thousands of delegates at my seminars over the years, I am particularly conscious of the need to treat those on Stats-level 0 very gentl",TRUE,,,
"every month",,,6,"prose","Careless thought about the concept of “average” can have various peculiar consequences, either serious or humorous depending upon circumstances. I relate a few  | It was a very bad system. It also caused greater fear in the workplace. The fear came from ranking. We ranked all of our salespeople: I thought that was the way | Of the 80 salespeople we had, 10 to 15 turned over *[fired or quit]* every month—and management wondered why half were still below average.",TRUE,,,
"everybody else",,,6,"prose","Many years ago the late Dr Myron Tribus, a respected consultant and speaker, took around with him some randomly-generated data, displayed in a format somewhat s | ""ANALYSIS"" OF THE RESULTS The most obvious phenomenon is surely Ernie's remarkably good performance compared with everybody else. His second week was rather dis | But, in just about any other circumstances, such advice would have been dangerous. And so I am including this mention here because I don't want you or anyone el",TRUE,,,
"exact science",,,6,"prose","However, when one or more values clearly fall outside the process limits then the situation is wholly different. (Note that I am not talking about a very occasi | So Deming had a very different take on the word ""theory"". Theory is not the ""opposite"" to practice: to him, the purpose of theory was to guide *better* practice | We have just shown that, for a binomial distribution, and, of course, saying that the standard deviation . So the distance from the Central Line shown in that T",TRUE,,,
"false signal",,,6,"prose","- Introduction - Part A: Using control charts on Funnel Experiment data — an extension of Major Activity 3–h 1. Introduction 2. Rules 1 and 2 of the Funnel *(** | ## 4. ""If your data are normally distributed then the probability of a false signal is 0.0027"" | So what was all this about normality of the data implying that the probability of a false signal *is* 0.0027?! The histograms are *very* spread out. As you can ",TRUE,,,
"far apart",,,6,"prose","## Cause and effect may be far apart | But there is a better way. There is an ingenious yet simple approach to substantially reducing the ""contamination"" effect of special causes on the control limit | Two charts side by side: Chart A1 (a stable process) and Chart A2 (an out-of-control process), each shown with control limits drawn in **magenta** — computed us",TRUE,,,
"find my",,,6,"prose","But once you have become familiar with any particular strategy then you may soon find you can carry on without continuing to use the track. Use it for as long a | Today involves rather less than the fairly full day's work designed for most days in this course. So, if you need more time on parts of today's study than I am  | One consequence of the “joined-up” nature of Deming’s work is that you will see literally hundreds of page references during this material, references both to e",TRUE,,,
"first control",,,6,"prose","But, before that, it is worth making the intriguing and salutary point that Shewhart himself started out thinking that the subject *could* be developed from the | !Shewhart's 1924 control chart — ""the very first control chart"" — with guidelines placed at just one standard deviation either side of the Central Line and the  | Finally, recall where we saw our first control chart: it was in the Red Beads Experiment. The control limits there were computed from all 24 of the available da",TRUE,,,
"first points",,,6,"prose","A control chart of all 24 values from the first process, but with the control limits computed using only the first 12 (LCL ≈ 9.75, UCL ≈ 14.59, Central Line at  | A single 48-point control chart for Process A (totals when dice are thrown). The first 30 points fluctuate quietly inside the limits — stable. **Point 31 drops  | Chart A3 is clearly indicating stability up to and including Point 30, but then Point 31 suddenly drops onto the LCL (Lower Control Limit). As recently pointed ",TRUE,,,
"first read",,,6,"prose","If either you never got round to reading that material which begins on Appendix page 15, or it's been quite a while since you did so, I suggest you first read t | A possibly more appealing approach might be to reverse the suggestions I've just made. That is, *first* read the material on my two simulations beginning on pag | However, in my early days of studying Dr Deming’s work, I also found it useful to enjoy some lighter read- ing—I am sure the relevant authors will not object to",TRUE,,,
"fit together",,,6,"prose","This afternoon we shall set the scene for learning about Dr Deming’s work, primarily by providing a brief account of his life story. The purpose is not just to  | Extraordinary, yes—yet valid. This was his attempt, sometimes with the wisdom of hindsight, to summarise the core, the guts, the essence of his whole life’s wor | Finally, on Day 12, we shall do a number of things to finally ""bring it all together""---at least as far as we can within the context of a course such as this. T",TRUE,,,
"five points",,,6,"prose","So, what are those ""various possibilities"" of what you might do next? The most challenging approach would be to throw you in at the deep end and simply suggest  | !Blank graph-paper for the Rule 1 run chart, with the first five points already plotted in red over the interval 1–5 on the horizontal axis | !Blank graph-paper for the Rule 2 run chart, with the first five points already plotted in red over the interval 1–5 on the horizontal axis",TRUE,,,
"fourth week",,,6,"prose","The results produced when the experiment was performed at that company in Ireland were as shown on the next page (it is a copy of the Recorder's overhead transp | As with the experiment in Ireland described on pages 9–16, a ""performance appraisal"" takes place at the end of the third week; the three ""worst"" workers are the | Moving on to the Spaniards below, you can be sure that, in particular, I had some pretty severe words for the ""best workers"" who so clearly betrayed the trust I",TRUE,,,
"give us",,,6,"prose","The moving ranges add up to 18. There are nine of them and so the average moving range is = 18 ÷ 9 = 2 minutes. Then, if you recall, we compute the distance on  | But, obviously, this does not give us much of a clue about what would happen if we recorded the temperatures to a more sensible level of precision. So let's mov | So now we hope that adding together these two binomial coefficients will give us a total which is equal to the binomial coefficient corresponding to the number ",TRUE,,,
"go outside",,,6,"prose","> [""Mobility annihilates teamwork, so vital for continued existence. A new manager comes in. Everyone wonders what will happen. Unrest becomes rampant when the  | It is when processes are *only* being affected by such inherent causes that they fluctuate between their natural process limits. We say that processes are ""norm | Let's now summarise and develop what we have learned in these last few pages. Note that we haven't really been studying the four processes in terms of control c",TRUE,,,
"good friend",,,6,"prose","However, Nehruji was not very keen to meet Dr Deming. He feared that Deming was a capitalist and a typical ""ugly American"". Besides, the Americans were not exac | Finally, during the second half of *12 Days to Deming*, you will be reading some excellent material by my good friend Balaji Reddie, founder of the Deming Forum | However, *all* we see in the main material of this course that is related to the subject of Statistics is what I like to summarise in just two words: “understan",TRUE,,,
"Greek letter",,,6,"prose","Three quick notes here. Firstly, Deming’s use of the terms “common cause” and “special cause” will be described this afternoon. However, if you’d like to check  | Actually, it's a little misleading to talk of *""the""* normal distribution: there's a whole *family* of normal distributions. In particular, the ""bell-shape"" can | Obviously enough, there I have abbreviated ""the probability of"" by ""Prob( )"". And, as you can see, "" "" is shorthand for ""the sum of all values of"". (Confusingly",TRUE,,,
"hand column",,,6,"prose","So, in each case, write down some relevant comments. Then summarise those comments in the right-hand column by inserting what you feel to be the most appropriat | The left-hand column in these tables is relatively wide in order to leave room for you to describe the options that you choose during the Major Activity. Here t | **Step 2.** Now decide on some ""options""—strategies, decisions, behaviours, etc—which each of the three areas in turn might consider adopting. If the organisati",TRUE,,,
"hypothesis test",,,6,"prose","As you will see later, Deming was alluding here to the conventional statistician attempting to treat control charts as if they were hypothesis tests. A hypothes | If the conventional statistician, trained in this way, subsequently comes across a control chart—by far the most important tool for an analytic study—it is rath | It should also be noted that there is a considerable non-symmetry in such a testing procedure. If we consider continuous distributions in particular then, while",TRUE,,,
"I've already",,,6,"prose","In my introduction, I've already told you one of the extraordinary things about the normal distribution: i.e. that, although the curve gives the visual *impress | As you will quickly deduce, not only was this an unusually elite audience for a Red Beads Experiment—it was also my smallest! The audience consisted of just the | It is with those experiences in mind that I'll ask you to take on the role of Foreman twice more this afternoon: the two occasions that I've just introduced, fi",TRUE,,,
"incentive pay",,,6,"prose","The business had grown because Gallery Furniture had great customers and great employees, in spite of my management practice which was Management by Results, go | In October 1990, five of our great people and myself attended a life-changing event, our first four-day seminar taught by Dr Deming. It was at the Sheraton Airp | In December, I went with five other Gallery people to another four-day seminar in Flint, Michigan, sponsored by the Buick-Oldsmobile-Cadillac division of Genera",TRUE,,,
"industry education",,,6,"prose","This was documented by a very famous quantum physicist named Dr Fritjof Capra. He wrote extensively about this in his 2002 book: *The Hidden Connections*. There | > ""The 14 points for management (Out of the Crisis, Ch. 2) in industry, education, and government follow naturally as application of this outside knowledge, for | > [""The 14 Points for management ... in industry, education, and government follow naturally as application of this outside knowledge, for transformation from t",TRUE,,,
"introductory course",,,6,"prose","Assuming you do not have much or any background in conventional Statistics, this section will (like the first section) contain some words, terms and phrases wit | How about a brief explanation of ""enumerative studies"" in my own words? As we shall see later, an introductory course on conventional Statistics often begins by | is a simple example of an important type of probability distribution known as the *binomial* distribution. Some other types of probability distributions are oft",TRUE,,,
"Joiner Associates",,,6,"prose","SCHOLTES P R, *The Team Handbook*. Joiner Associates, Madison, WI (1988), Oriel Inc, Madison, WI (3rd edition 2003). | My ""Eureka"" came through getting to know Dr Brian Joiner and some of his colleagues in his then recently-founded consultancy company, Joiner Associates, based i | In fact, the people at Joiner Associates used only *six* words, with the top of the Triangle being condensed to just ""Quality"". However, that struck me as being",TRUE,,,
"knee jerk",,,6,"prose","Short-termism implies knee-jerk reactions: ""Act now, pay later"". Remember ""tampering""? What could more effectively *increase* variation? | ## Knee-jerk reactions | We face many such instances in life where we simply react to what has just occurred—sometimes called a ""knee-jerk reaction""—whether at home or in our place of w",TRUE,,,
"leadership aimed",,,6,"prose","This is leadership aimed at doing everything possible to genuinely improve the quality of what an organisation does and how it does it—as opposed to such preval | **Adopt and institute leadership aimed at helping people to do a better job.** The responsibility of managers and supervisors must be changed from sheer numbers | **POINT 7.** [Adopt and institute leadership aimed at helping people to do a better job.] *(Day 5 pages 2--3.)*",TRUE,,,
"left hand side",,,6,"prose","So, in both cases, compute the positions of the Central Line and control limits from the data over your chosen baseline and draw them in on your run chart. Now, | If you are following my timing guidance, the difference between Stats-level 0 (including 00, of course) and the rest creates a small problem: on both Days 2 and | Observing the rather abrupt cut-off on the left hand side at 6.2 mils (millimetres), he wrote that the histogram ...",TRUE,,,
"lies between",,,6,"prose","(2) Control limits inform us about the extent of variation being produced by the system. It follows that *where* a result lies between those limits—relatively h | But how large is ""relatively large""? The same figures as before provide the answer. For example, if H₀ is true then we know (exactly or approximately) 95% proba | The same run chart as above, now with two horizontal lines added: the Lower Control Limit at 1.4 and the Upper Control Limit at 18.2. **Every one of the 24 poin",TRUE,,,
"Little boy",,,6,"prose","> A little boy is in the bath (or, in view of the American source, I guess I should say ""tub""!). He shouts for help: > > *Little boy:* The water's too cold! > > | So this summarises the sequence of learning, of acquiring knowledge. Actually, we could even have begun the sequence one step earlier. Why did the little boy—or",TRUE,,,
"little doubt",,,6,"prose","So there can be little doubt as to why Parts A and B are here. Firstly, following the coverage of understanding variation and control charts in the morning of D | However, as already mentioned, on looking further down the list of Contents there is little doubt that the title of Part D catches your eye! Why on Earth should | Again being honest with you, I was already feeling quite bored during the training session, even before the ""real work"" began. Had I not been one of Dr Deming's",TRUE,,,
"long time",,,6,"prose","You will recall that this topic of Statistical Thinking was born in the 1920s due to the brilliant insights of Dr Walter Shewhart. He made a discovery about pro | After observing for a long time, the boy realises something. It is only after his father kicks the lever that the scooter starts. So he has a theory: ""Kick ⇒ St | The introductory course then swiftly moves on to Probability—no wonder since, as I've said before, the conventional statistician regards Probability as the bran",TRUE,,,
"long way",,,6,"prose","In this histogram it is fairly easy to see the combined influence of both the original exponential distribution and of an early stage of the Central Limit Theor | But, hold on. In order to be able to communicate with the conventional statistician, we have already gone a long, long way. We have gone so far as to *ignore* D | [] In this sort of case, the sample mean cannot really do a very good job of genuinely reflecting the typical kind of values being recorded: it will still be a ",TRUE,,,
"looking back",,,6,"prose","So I'd better try some brief explanations in my own words! ""Analytic studies"" are indeed what we have been involved with, particularly in the early days of *12  | Next, as I had to do when running the experiment for the statisticians, it's time for you to multi-task! You now take over as the Recorder and draw a run chart  | Day 5 is devoted to continuing the good work which began on Day 4, now focusing on the remaining eight of the 14 Points and the five ""Deadly Diseases"". I sugges",TRUE,,,
"looks like",,,6,"prose","However, one day he saw his father kicking away at the scooter but the scooter did not start. Remembering his theory, he thought to himself: ""Looks like he has  | The Recorder Jorge's table from the second Madrid run. Six Willing Workers (including Antonio, Marisa and Jose) across four weeks. Week 1 contains the standout  | Twelve control charts arranged as six pairs (rows A through F). The **left column (A1–F1)** shows six different stable processes — dice totals, coin tosses, Red",TRUE,,,
"low density",,,6,"prose","However, a few months later, these same people started complaining of low energy levels and low resistance to diseases. The research laboratories went into over | Third, in the case of low-density lipoprotein, its destruction had disastrous results: instead, it needed to be regulated to stay within appropriate limits (not",TRUE,,,
"low density lipoprotein",,,6,"prose","However, a few months later, these same people started complaining of low energy levels and low resistance to diseases. The research laboratories went into over | Third, in the case of low-density lipoprotein, its destruction had disastrous results: instead, it needed to be regulated to stay within appropriate limits (not",TRUE,,,
"Mack's account",,,6,"prose","After you have read Mack's account, I shall ask you to carry out a similar exercise with what you then know about Gallery as you have just done in connection wi | You will find it helpful to make yourself quite familiar with Mack's account before you embark upon today's Major Activity. It is a pleasantly easy read, and th | To focus on the *learning* from the Gallery Furniture story, and to help you relate it to your own situation, I now ask you to carry out two similar exercises w",TRUE,,,
"main material",,,6,"prose","Another great value of Don’s work is that, whereas it used to be the case that control charts were generally considered to require small *samples* of data to be | Yes: this material *is* all ""optional extra"". Your understanding of the main material of *12 Days to Deming* does *not* depend on your reading any of this. So t | On Days 2 and 3 and during parts of both of the projects, the emphasis was on understanding variation and why that is useful, and the role it plays in the impro",TRUE,,,
"Major Activities",,,6,"prose","So on every Day of this course I shall from time to time ask you to stop and do something—let’s call it a “request for action”. At one extreme the request may s | On Days 2 and 3, the Major Activities will mainly be matters of time rather than requiring a great deal of deep thought. But, after Day 3, the Major Activities  | All four types of request for action just discussed are clearly signalled in the text. On each day, the Pauses for Thought and Activities are sequentially label",TRUE,,,
"management causes instability",,,6,"prose","It is evident that mobility of management increases variation; how could it do otherwise? In the case of a ""job-hopping"" culture as opposed to a learning cultur | **Mobility of management causes instability, results in decisions being made by people who do not know the business** *[i.e. this business]* **and thus blindly  | **DISEASE 4.** [Mobility of management causes instability.] *(Day 5 pages 24--25.)*",TRUE,,,
"Management Method",,,6,"prose","WALTON Mary, *The Deming Management Method*. Dodd, Mead & Co Inc (1986), Mercury, London (1989). | [^a]: The ""Epilogue"" on pages 241–244 of Mary Walton's book *The Deming Management Method* contains a much more substantial account of Dr Deming's presentation  | The quotation from Mary Walton's book *The Deming Management Method* (the Deming Prize Ceremony speech footnoted in the previous chapter) has been included with",TRUE,,,
"many other",,,6,"prose","There is a close analogy in the branch of traditional Statistics known as the Design of Experiments or Analysis of Variance (so if you're Stats-level 0 then you | What exactly is it? Let's assume that Toyota makes 5,000 cars per day. (In fact the number is much larger, but 5,000 will suffice for this illustration.) They h | The London four-day seminars became an annual event from 1985 to 1991 inclusive, and I had the same privilege of working with Dr Deming as his assistant at all ",TRUE,,,
"many thousands",,,6,"prose","Many thousands of dollars worth of product changes hands hourly, lots *[i.e. batches]* subjected to acceptance or rejection, depending on tests of samples drawn | For many thousands of people, the first (and, unfortunately in many cases, maybe the only) time they've seen Dr Deming on television or video was in the 1980 Am | But, during the 20 years or so before my retirement, I had the further privilege of presenting many hundreds of seminars and courses---thus involving many thous",TRUE,,,
"material pages",,,6,"prose","> Prelude A: ""Four Preludes and a Coda"": pages 1–6. (From now on I'll simply refer to ""Preludes"".) > > *DemDim*: pages 264–270. > > Today's material: pages 3–14 | > Prelude B: ""Preludes"" pages 7–14. > > *DemDim*: pages 270–274. > > Today's material: pages 20–27 [*WB* 171–178]. | > Prelude C: ""Preludes"" pages 15--19. Prelude C is mostly related to Area 2, but there are also a couple of matters directly related to this first area. > > *De",TRUE,,,
"material pages WB",,,6,"prose","> Prelude A: ""Four Preludes and a Coda"": pages 1–6. (From now on I'll simply refer to ""Preludes"".) > > *DemDim*: pages 264–270. > > Today's material: pages 3–14 | > Prelude B: ""Preludes"" pages 7–14. > > *DemDim*: pages 270–274. > > Today's material: pages 20–27 [*WB* 171–178]. | > Prelude C: ""Preludes"" pages 15--19. Prelude C is mostly related to Area 2, but there are also a couple of matters directly related to this first area. > > *De",TRUE,,,
"Mathematical Statistician",,,6,"prose","There will be much more about some of those matters, including the “3σ-limits” mentioned near the end of the above extract, during the Optional Extras. Here I’l | You know that in 1985 I initially thought of Dr Deming as a statistician and a fine mathematician. Of course, I soon found out that he was much more than either | Because of its appealing symmetrical shape, the normal distribution is often referred to as having a *bell-shaped* curve. It has further appeal to the Mathemati",TRUE,,,
"median moving",,,6,"prose","[] In this sort of case, the sample mean cannot really do a very good job of genuinely reflecting the typical kind of values being recorded: it will still be a  | The underlying theory about medians is, as you would expect, different from that about means. The consequence is that we will need to use a different multiplier",TRUE,,,
"median moving range",,,6,"prose","[] In this sort of case, the sample mean cannot really do a very good job of genuinely reflecting the typical kind of values being recorded: it will still be a  | The underlying theory about medians is, as you would expect, different from that about means. The consequence is that we will need to use a different multiplier",TRUE,,,
"mentioned above",,,6,"prose","You, the Deming/Shewhart student, might well like to convince the conventional Statistics student that those supposed mathematical underpinnings are irrelevant. | As mentioned above, the Central Line of the -chart is at and the Upper Control Limit is another multiple of . The multiple this time is which is tabulated on pa | Of the two personalities mentioned above, the Foreman is in the ""Un-Knowing"" state—although he does not appear to appreciate the fact! In the context of this ex",TRUE,,,
"middle management",,,6,"prose","Pages 14--18 are focused on those who are at staff level---I hesitate to simply call them the ""workers"" (as some do) because I appreciate that those in manageme | If so then there is plenty of substance in ""Leadership for the Transformation"" for middle management as well. | *[As I have already pointed out, middle managers are effectively at staff level in relation to the senior management, and so the preceding pages have relevance ",TRUE,,,
"middle managers",,,6,"prose","### Guidance for Middle Managers | *[As I have already pointed out, middle managers are effectively at staff level in relation to the senior management, and so the preceding pages have relevance  | If you are already in middle management then that term also covers a wide range: from ""lower middle"" to ""upper middle"". So, in addition to the half-dozen items ",TRUE,,,
"month's figure",,,6,"prose","Despite what can be gained by using pictures rather than lists or tables of numbers, such monthly management data are often interpreted without using run charts | In fact, the Month 2 figure goes up to 19 which (following the small-print description above) is shown on the management report as 19 (+6, +46%). The numbers in | Success! As the result of the exceptional promotional efforts ordered at Month 6's management meeting, Month 7's sales have now soared to an unprecedented 21 (+",TRUE,,,
"monthly sales figures",,,6,"prose","For illustration, imagine we have just launched a new product on the market, and consider how its monthly sales figures might develop and how the management mig | To keep things easy, I'll present the supposed monthly sales figures as simple whole numbers. For example, we might be rounding to the nearest 1,000 sales so th | A run chart of monthly sales figures, with months 1 to 3 on the x-axis and sales values on the y-axis. The line goes up sharply from 13 in Month 1 to 19 in Mont",TRUE,,,
"my delegates",,,6,"prose","Rule 3's behaviour is clearly catastrophic—though did you suspect that such would be the case when (as recalled on the previous page) we may have initially rega | Later in 1989 those two topics merged into his “System of Profound Knowledge”, much of whose content is encountered and studied during the Second Project on Day | In spite of the ""stupidly simple"" nature of the Red Beads Experiment, and in spite of our naturally having the All-Knowing's perspective on it, emotions can run",TRUE,,,
"my discussion",,,6,"prose","As covered in my discussion, the whole concept of judgmental performance appraisal flies in the face of the fundamental understanding of variation: where does m | If you have read my discussion of the Funnel Experiment Major Activity 3–h in Appendix pages 15–18, you will remember that I studied two simulated sets of Funne | That finishes this section; so now, if you wish, take a little time out to read my discussion in the Appendix on the former of the two paradoxes (which I descri",TRUE,,,
"my initial",,,6,"prose","So I'm all in favour of ""six-sigma"" quality—or preferably even better than that! Certainly, for those who are still thinking and acting in terms of mere conform | The young boy's simple and wrong initial theory eventually led to some considerable knowledge which many people do not have. Without my initial theory, the litt | As observed on page 57, the familiar 2.66 does depend on the assumption that we have normally distributed data (in conjunction with Shewhart's 3σ-guidance). The",TRUE,,,
"my timing",,,6,"prose","If you are following my timing guidance, the difference between Stats-level 0 (including 00, of course) and the rest creates a small problem: on both Days 2 and | I hope therefore that you will find pages 19–34 interesting to browse through now (so that you get some idea of what's there) but, more importantly, that they w | But once you have become familiar with any particular strategy then you may soon find you can carry on without continuing to use the track. Use it for as long a",TRUE,,,
"my timing guidance",,,6,"prose","If you are following my timing guidance, the difference between Stats-level 0 (including 00, of course) and the rest creates a small problem: on both Days 2 and | I hope therefore that you will find pages 19–34 interesting to browse through now (so that you get some idea of what's there) but, more importantly, that they w | But once you have become familiar with any particular strategy then you may soon find you can carry on without continuing to use the track. Use it for as long a",TRUE,,,
"natural process",,,6,"prose","Your body temperature is an example of what I call a ""natural"" process. Its optimum value is said to be 98.4°F or 98.6°F, depending on the country in which you  | It is when processes are *only* being affected by such inherent causes that they fluctuate between their natural process limits. We say that processes are ""norm | Do you remember how to compute those natural process limits? Deming usually called them the ""control limits"". You may have to do it on Day 3. Day 3 may seem a l",TRUE,,,
"nd edition",,,6,"prose","BALESTRACCI, Davis. *Data Sanity*. Medical Group Management Association, Colorado (2nd edition, 2015). | DEMING W Edwards, *The New Economics for Industry, Government, Education*. Massachusetts Institute of Technology, Center for Advanced Engineering Study, Cambrid | KILIAN Cecelia S, *The World of W Edwards Deming*. SPC Press, Knoxville, TN (2nd edition 1992).",TRUE,,,
"nearly years",,,6,"prose","> ""Over the nearly 20 years of my seminars on Dr Deming's teaching I rarely suffered from any 'difficult' delegates. The few that I had could be divided into tw | That comment might sound flippant. It isn’t. Over the nearly 20 years of my seminars on Dr Deming’s teaching I rarely suffered from having any “difficult” deleg | A few months after that third four-day seminar, I began to develop my own teaching on Dr Deming’s work—tentatively at first to my students at the University of ",TRUE,,,
"Nelson's original",,,6,"prose","So, returning to our version of the Funnel Experiment, if tampering doesn't do any good (to put it mildly), how might we really ""improve the process"", i.e. redu | As you know, **Rule 1** simply produces the unadulterated data coming from the underlying process of throwing the dice or, in Dr Nelson's original version of th | In case that might be possible, let me tell you what I did in my seminars. As you will remember, Dr Nelson's original version of the experiment is rather tricky",TRUE,,,
"Net Effect",,,6,"prose","The conclusion from this basic version of the exercise is that, since there happen to be an equal number of + signs and − signs in Table Two, all that work of a | In Table Four we see that there were altogether seven such new options under consideration; all of these therefore had a − in the area which was able to adopt i | It is worth noting that, as a check on your arithmetic, the total number of + signs and − signs in the bottom row should, of course, be exactly the same as in t",TRUE,,,
"New Economics Chapter",,,6,"prose","Since there is considerable discussion on the Funnel Experiment in *DemDim* Chapter 5 and also in both *Out of the Crisis* (pages 280–284 [327–332]) and *The Ne | **2. [The supposition that solving problems, automation, gadgets, and new machinery will transform industry.] ** (*Out of the Crisis* page 108 [pages 127–128];  | The section of *The New Economics* Chapter 4 relating to Part B is pages 67–69[98–101]. However, there is much more: indeed, all of the book's final four chapte",TRUE,,,
"next day",,,6,"prose","In connection with what is often referred to as the UK Government's ""hostile immigration environment"", Home Secretary Amber Rudd told the Home Affairs Select Co | > ""Points outside the limits are noted on September 25 and 26, 1980. Having noted that exceptional variation was present, they looked for the Assignable *[Speci | 48-point control chart for Process E (daily averages of cigarette-lighter-socket measurements at the Tokai Rika plant). Points 1–35 fluctuate inside the limits,",TRUE,,,
"next time",,,6,"prose","Three further days of observation appear to confirm his new theory. But he is a little wary about this since he recalls how, on the previous occasion that he ha | A little girl comes to you and asks you why the Sun is so bright. You promptly reply: ""Because it is very hot"". (""Very Hot ⇒ Bright."") Very quickly she associat | But are we not subjected to this kind of illogicality throughout our lives? When you brought your report-card home from school for the first time, wasn't the fi",TRUE,,,
"nominal value",,,6,"prose","There is obviously something wrong when a measured characteristic barely inside a specification is declared to be conforming; outside it is declared to be nonco | Input shafts for a transmission were turned in a machine equipped with an expensive automatic compensation device. If the diameter of a shaft was too large, the | The control chart (all hand-drawn and several feet long!) covered the period from August 1980 to March 1982. The points in Chart E3 are the daily averages of fo",TRUE,,,
"now let's",,,6,"prose","The prime purpose of Day 3 as a whole is best summarised by the short title of Don Wheeler's excellent little book: *Understanding Variation*. So, looking forwa | Let's suppose we throw three dice (or, what comes to the same thing) one die three times. What is the probability of there being no sixes, or 1 six, or 2 sixes, | Now let's move on to the second computer simulation. This was to examine the claim made by some Mathematical Statisticians that, if the data to be plotted on a ",TRUE,,,
"now see",,,6,"prose","Three quick notes here. Firstly, Deming’s use of the terms “common cause” and “special cause” will be described this afternoon. However, if you’d like to check  | Let's now see why it is defined that way. | And it's worked again! Thanks to the renewed, although admittedly expensive, publicity effort, Month 10 has produced the *record* sales figure for this product:",TRUE,,,
"nowhere near",,,6,"prose","Regarding the control limits, there are two influences with Rule 2 that will widen the gap between them. Firstly, there is the approximately 40% increase in var | If you explore the internet, you are likely to find several links to videos involving the Red Beads Experiment. However, most of them, whether or not they featu | Well, in Activity 2-f you've now had your own initial experience of the same situation, albeit without the pressure of performing in front of a paying audience.",TRUE,,,
"numerical target",,,6,"prose","Except for cheating, our understanding of variation teaches us that a number will be largely what the system provides. So, to reach a numerical target, one has  | I had the good fortune to meet Dr Juran in 2002. He gave me further insights on how people distorted important and valid ideas to create such monstrosities. He  | A Scientific Approach is necessary for genuine improvement, be it continual or otherwise, because of its emphasis on the system and processes both in concept an",TRUE,,,
"off centre",,,6,"prose","I only stayed for three out of those four days that time because his concepts of cooperation and win-win *[one of the three topics to be explored here on Day 8] | 2. *Taguchi:* There is more to be gained from properly centring a process which has small variation than one which has large variation. If the process has large | *Conformance to specifications:* It doesn't matter if a process is off-centre—as long as it is not off-centre enough to reach out-of-specification values. In fa",TRUE,,,
"often pointed",,,6,"prose","Dr Deming often pointed out that people working in a process may know everything about that process except for realising the importance of what they know! By di | The Foreman then takes the paddle over to the Inspection Department, so that both the junior inspectors and the Chief Inspector can learn their jobs. Inspection | Related to this is that the delegates often pointed out that Charts A1–F1 looked pretty ""boring"" whereas Charts A2–F2 looked relatively ""interesting"". Again, th",TRUE,,,
"Old Climate judgments",,,6,"prose","Finally, there is a very important practical consideration to confirm and emphasise. What sort of things should be considered when allocating these ""grades""—whe | On page 17 I made a big point of emphasising that the ""grades"" allocated to options in this exercise are made according to ""Old Climate"" judgments. However, you | However, for the purposes of this Major Activity here, i.e. as a teaching and learning exercise, I think it is safer to stick to the ""Old Climate"" judgments. If",TRUE,,,
"only difference",,,6,"prose","The almost automatic presumption that the long-term proportion of red beads obtained in the experiment must equal the proportion of red beads in the container i | One aspect immediately noticeable about Rule 3's short control charts is their similarity to those of Rule 2 on page 10. A moment's reflection will show why. Re | So firstly let's take the issue that, because the constants we use to find our control limits have been computed by mathematicians after they assume the data co",TRUE,,,
"only visible",,,6,"prose","## Disease 5. Use of only visible figures *( )* | With that summary of invisible figures in mind, the obstructive effect to real quality of dependence on only visible figures becomes immediately evident—frighte | The three items under ""Operational Definitions"" also have some interesting contributions to make. Item 7 is particularly important with reference to Point 9: ""B",TRUE,,,
"only visible figures",,,6,"prose","## Disease 5. Use of only visible figures *( )* | With that summary of invisible figures in mind, the obstructive effect to real quality of dependence on only visible figures becomes immediately evident—frighte | The three items under ""Operational Definitions"" also have some interesting contributions to make. Item 7 is particularly important with reference to Point 9: ""B",TRUE,,,
"other extreme",,,6,"prose","At the other extreme, the Spaniards produced no less than 270 red beads. | Continuing the musical analogy, let's suppose you've arranged an evening out at a theatre to enjoy some kind of musical production. Perhaps it's a light modern  | If you were still in the Un-Knowing state, you would probably not be at all surprised to learn where these two sets of results originated. Very the best score (",TRUE,,,
"other way",,,6,"prose","But the links are stronger still. In one of my seminars I often used a slide which simply shows the Joiner Triangle with two words inscribed in the middle: ""Red | Alfie Kohn wrote the whole story of the ""Rat and Cheese"" from the viewpoint of the rat! He went on to describe how the rat concluded: ""Whenever I come dancing d | Continuing the musical analogy, let's suppose you've arranged an evening out at a theatre to enjoy some kind of musical production. Perhaps it's a light modern ",TRUE,,,
"page now",,,6,"prose","The resulting histograms are shown on page 67. Now, presumably if there *were* any truth in the notion that normality is *necessary* for the standard method of  | If it is a while since you read that material on the simple binomial distributions at the beginning of Part D then I suggest, in order to put yourself back in t | We have already seen on page 15 the control chart for the results recorded by Dec, and what it tells us in the Pause for Thought 2–e. (If you need reminding, lo",TRUE,,,
"pages WB",,,6,"prose","> Prelude A: ""Four Preludes and a Coda"": pages 1–6. (From now on I'll simply refer to ""Preludes"".) > > *DemDim*: pages 264–270. > > Today's material: pages 3–14 | > Prelude B: ""Preludes"" pages 7–14. > > *DemDim*: pages 270–274. > > Today's material: pages 20–27 [*WB* 171–178]. | > Prelude C: ""Preludes"" pages 15--19. Prelude C is mostly related to Area 2, but there are also a couple of matters directly related to this first area. > > *De",TRUE,,,
"performing within",,,6,"prose","## Performing ""within limits"" | Long ago in your *12 Days to Deming* course you became familiar with the importance of a system or parts of a system or processes performing ""within limits""—it  | The final section of Prelude A was: ""Performing 'within limits'"". The study of whether a process is or is not performing within its limits, and what that implie",TRUE,,,
"point control",,,6,"prose","A single 48-point control chart for Process A (totals when dice are thrown). The first 30 points fluctuate quietly inside the limits — stable. **Point 31 drops  | 48-point control chart for Process B (number of Heads when coins are tossed). The first ~38 points fluctuate quietly inside the limits. From around Point 39 the | 48-point control chart for Process C (numbers of red beads from the Red Beads Experiment). Points 1–42 fluctuate inside the limits in the familiar Red Beads pat",TRUE,,,
"point control chart",,,6,"prose","A single 48-point control chart for Process A (totals when dice are thrown). The first 30 points fluctuate quietly inside the limits — stable. **Point 31 drops  | 48-point control chart for Process B (number of Heads when coins are tossed). The first ~38 points fluctuate quietly inside the limits. From around Point 39 the | 48-point control chart for Process C (numbers of red beads from the Red Beads Experiment). Points 1–42 fluctuate inside the limits in the familiar Red Beads pat",TRUE,,,
"POINT Create",,,6,"prose","**POINT 1.** [Create constancy of purpose.] *(Day 4 pages 16--17.)* | So now choose your 19 combinations of colours and line styles and indicate them in the KEY column on page 4, one against each of the 14 Points and each of the f | A four-armed radar (or ""kite"") chart used as the worked example for Activity 12–a. The four arms — PSYCHOLOGY (top), SYSTEM (right), KNOWLEDGE (bottom), VARIATI",TRUE,,,
"POINT Create constancy",,,6,"prose","**POINT 1.** [Create constancy of purpose.] *(Day 4 pages 16--17.)* | So now choose your 19 combinations of colours and line styles and indicate them in the KEY column on page 4, one against each of the 14 Points and each of the f | A four-armed radar (or ""kite"") chart used as the worked example for Activity 12–a. The four arms — PSYCHOLOGY (top), SYSTEM (right), KNOWLEDGE (bottom), VARIATI",TRUE,,,
"POINT Encourage",,,6,"prose","## Point 13. Encourage education *( )* | ## Point 13. Encourage education | **POINT 8.** [Encourage effective two-way communication and other means to drive out fear throughout the organisation.] *(Day 5 pages 4--5.)*",TRUE,,,
"post Deming",,,6,"prose","Finally, for the time being, work through the table one more time, now considering the comments you have made on both the ""Pre-Deming"" and ""Post-Deming"" sides o | ## ACTIVITY 6-b: ""Post-Deming"" Gallery Furniture | Now score Gallery Furniture in its ""post-Deming"" state against the same 14 Points and 5 Deadly Diseases, again using the 0–5 scale.",TRUE,,,
"prescribe quotas",,,6,"prose","**Eliminate work standards that prescribe quotas for the workforce and numerical goals for people in management.** Substitute aids and helpful leadership in ord | **NB** There may be a potential danger in using the summary on the previous page without clarification: it is a possible misunderstanding of the term ""work stan | **POINT 11.** [Eliminate work standards that prescribe quotas for the workforce and numerical goals for people in management.] *(Day 5 pages 10--11.)*",TRUE,,,
"previously mentioned",,,6,"prose","Since there is considerable discussion on the Funnel Experiment in *DemDim* Chapter 5 and also in both *Out of the Crisis* (pages 280–284 [327–332]) and *The Ne | **Rule 2** is yet another matter. Unusually, this overcompensation problem is often quite difficult to recognise by comparing run charts alone. There is some te | As already implied when referring to random sampling, many examples of probability calculations, both at the introductory stage and later, make use of considera",TRUE,,,
"price tag",,,6,"prose","Unfortunately, Quality Control Departments have taken the job of quality away from the people that can contribute most to quality—management, supervisors, manag | **End the practice of awarding business solely on the basis of price tag.** Instead, require meaningful measures of quality along with price. Reduce the number  | **POINT 4.** [End the practice of awarding business solely on the basis of price tag.] *(Day 4 pages 22--23.)*",TRUE,,,
"process limit",,,6,"prose","But one day I didn't get to work until 9.10 am—it took me 40 minutes to get there; the traffic was awful! Since 40 minutes is way above the upper process limit, | Now, maybe I haven't quite told the truth there. Perhaps the truth was that I'd overslept and actually didn't leave my house until 8.45 am. In that case the low | This method of determining process limits can be used for many kinds of processes. For instance, it has been used extensively in the field of medicine. When we ",TRUE,,,
"process remains",,,6,"prose","With the assumptions made in the simulation study, and with the variety of baseline lengths as shown, here are the percentages of false alarms (i.e. signals tha | Further weight to the above argument comes from the fact that, even if a process remains blissfully in statistical control, control limits computed from two dif | An important practical point which arises here is that, especially when computing control limits using relatively few data-points (a short baseline), you may oc",TRUE,,,
"professional statisticians'",,,6,"prose","Here are the professional statisticians' results: | !professional statisticians' results as a table of data. | !Week 1 of professional statisticians' results as a table of data.",TRUE,,,
"professional statisticians' results",,,6,"prose","Here are the professional statisticians' results: | !professional statisticians' results as a table of data. | !Week 1 of professional statisticians' results as a table of data.",TRUE,,,
"Profound Trouble",,,6,"prose","There will nevertheless still be occasional reminders of the bad: e.g. on Day 12, in contrast to Deming's System of Profound Knowledge, we'll take a look at Pet | Advance notice: On Day 12, for still further learning and also amusement, we shall see Peter's superb parody of the above diagram: ""A System of Profound Trouble | Section 2 contains some excellent material from Peter Scholtes. We will begin by reading a fascinating account of one of his earliest experiences as a teacher a",TRUE,,,
"promotional effort",,,6,"prose","To keep things easy, I'll present the supposed monthly sales figures as simple whole numbers. For example, we might be rounding to the nearest 1,000 sales so th | In the same way, Month 3's figure is expressed as 18 (–1, –5%). (18 is 1 less than the previous month's 19 and is approximately 5% less than 19.) This slight de | Month 4 is a different story. The figure has suddenly dropped to 14 (–4, –22%). The management all agree that the lack of promotional effort during the past two",TRUE,,,
"pulse rates",,,6,"prose","Apart from the feature of possibly wandering off to relatively enormous distances from wherever it starts, there is another aspect of Rule 4 which is often seen | Twelve control charts arranged as six pairs (rows A through F). The **left column (A1–F1)** shows six different stable processes — dice totals, coin tosses, Red | Moving on to the ""serious"" processes, you may have noticed that my pulse-rates on Chart D1 were rather unhealthily high. Chart D2 shows my pulse-rates for a lat",TRUE,,,
"quality assurance",,,6,"prose","My acquaintance was, in fact, also now a member of staff in another part of the same university. This was around the time that British universities were first b | Why should a university teacher dislike “quality assurance”? Doesn’t he want to do a good job? | I believe that the large majority do indeed want to do a good job. But mostly they find that “quality assurance” hinders rather than helps. Yes, it can introduc",TRUE,,,
"Quality Circle",,,6,"prose","Let me relate a sad experience I had whilst visiting a very famous company in Pune. I came across a poster on the shop-floor which supposedly described KAIZEN.  | As far as I know, the Quality Circle movement originated in Japan around 1962. Some companies started to encourage informal groups who, during their breaks and  | Quite simply, the Quality Circle concept was created as one of many ways to promote cooperation and learning. Let me now take this a step further. I would like ",TRUE,,,
"random numbers",,,6,"prose","Random sampling can only properly be done by allocating a number to each bead and then selecting the beads according to genuine random numbers (or, more practic | > ""It would … be wrong to attach any particular figure to the probability that a statistical signal for detection of a special cause could be wrong, or that the | I well remember that, the first few times I was preparing to run the Red Beads Experiment in public, I felt rather nervous. Wouldn't you—knowing that you (as th",TRUE,,,
"read through DemDim",,,6,"prose","Now read through *DemDim* pages 264–270, revising your earlier comments and adding any new points below. | Now read through *DemDim* pages 270–274, revising your earlier comments and adding new points below. | But don't forget to prepare for Part D as well! So, following the previous pattern, first remind yourself of what's in Prelude D. Then read through *DemDim* pag",TRUE,,,
"real life",,,6,"prose","But what kind of sampling does one carry out in industrial experiments and other “real-life” data-gathering: random or mechanical? | So indeed, at one level, this is a “stupidly simple” experiment. At another level, however, it is enormously rich and profound—and is it not surely close to man | except that the ""if""s are not usually emphasised as I have just done. Where do the ""if""s come from? In a subject like Mathematical Statistics they are quite lik",TRUE,,,
"red beads obtained",,,6,"prose","So the average number of red beads obtained by the statisticians was . | Then the average number of red beads obtained by the Spaniards was . | The almost automatic presumption that the long-term proportion of red beads obtained in the experiment must equal the proportion of red beads in the container i",TRUE,,,
"relevant part",,,6,"prose","There is one piece of advance reading that I shall definitely recommend for you near the start of each half-day. Later this afternoon I'll ask you to read some  | Now comes the most substantial section of each half-day in which you will work through the relevant part of the 1990 version of the System of Profound Knowledge | The final phase of the work will be for you to indicate on a simple 0–5 scale what, at that stage, you understand and appreciate as the strength of the links be",TRUE,,,
"Relevant reading",,,6,"prose","Relevant reading:",TRUE,,,
"results obtained",,,6,"prose","Now comes a master-stroke in the introductory conventional Statistics course: to combine the ideas presented above into a unified theory so as to create a basis | As we have seen in the crash-course and would soon be seen in the introductory conventional Statistics course, one common way of describing the data is in terms | However, I should first point out that simulation studies do have some similar drawbacks to mathematical solutions, in particular that it is necessary to make s",TRUE,,,
"sales figure",,,6,"prose","To keep things easy, I'll present the supposed monthly sales figures as simple whole numbers. For example, we might be rounding to the nearest 1,000 sales so th | In the same way, Month 3's figure is expressed as 18 (–1, –5%). (18 is 1 less than the previous month's 19 and is approximately 5% less than 19.) This slight de | Sighs of relief are audible in Month 5's management meeting. The decline in the sales figure has been reversed by the revitalised promotional effort: the figure",TRUE,,,
"same conditions",,,6,"prose","Let me emphasise a few basics. By ""a-few-at-a-time"" data I am implying that we are now dealing with what were referred to above as ""samples"" rather than just si | Why ""subgroups""? Actually, I can't recall ever having seen that word very precisely described! But presumably the idea is that there is some *group* of observat | There is one aspect of the *Japanese Control Chart* that I must advise you *not* to copy unless you already have really considerable knowledge and understanding",TRUE,,,
"same thing",,,6,"prose","Then, one busy day, in sheer impatience and exasperation you may just say: ""It's like that because I *told* you so"". That is the day the child stops asking ques | He was making the point just mentioned: he had been competing *against* instead of competing *with* and thus was losing out. When he reversed his thinking, ever | Let's suppose we throw three dice (or, what comes to the same thing) one die three times. What is the probability of there being no sixes, or 1 six, or 2 sixes,",TRUE,,,
"sample standard",,,6,"prose","As we would have hoped, the Central Lines and the control limits are quite similar in the two simulations—although, of course, they're not in exactly the same p | - Summarising ""raw data"" through pictures such as histograms and the calculation of ""sample statistics"" such as the sample mean *X̄* and the sample standard dev | If the value of σ is known then the first and last parts of this relationship can be evaluated, thus providing an interval within which we ""are 95% confident th",TRUE,,,
"sample statistics",,,6,"prose","- Introduction - Part A: Using control charts on Funnel Experiment data — an extension of Major Activity 3–h 1. Introduction 2. Rules 1 and 2 of the Funnel *(** | - Summarising ""raw data"" through pictures such as histograms and the calculation of ""sample statistics"" such as the sample mean *X̄* and the sample standard dev | ## Histograms and sample statistics",TRUE,,,
"seasonal effect",,,6,"prose","So, in both cases, compute the positions of the Central Line and control limits from the data over your chosen baseline and draw them in on your run chart. Now, | There are other types of indications of special causes that can be seen even without the help of control limits. Examples are apparent trends (as we have seen o | You'll now be appreciating how experience and relevant knowledge of the subject-matter should come into play when judging how long particular suspicious-looking",TRUE,,,
"Second Strategy",,,6,"prose","So, what are those ""various possibilities"" of what you might do next? The most challenging approach would be to throw you in at the deep end and simply suggest  | So now go ahead with Rules 1 and 2 using the data you generated on Day 3. Again, your Rule 1 (Ford's Second Strategy) data are on Day 3 page 47 and the data fro | But once you have become familiar with any particular strategy then you may soon find you can carry on without continuing to use the track. Use it for as long a",TRUE,,,
"second week",,,6,"prose","Now that everyone has gained some experience, improvement is expected in the second week. Quite often (about half the time) overall improvement is indeed seen,  | ""ANALYSIS"" OF THE RESULTS The most obvious phenomenon is surely Ernie's remarkably good performance compared with everybody else. His second week was rather dis | As we have seen, Week 2 began with that disappointing performance by Ernie. In retrospect, the explanation was clear. Ernie had shown up all of his workmates du",TRUE,,,
"section pages",,,6,"prose","Having learned something about that, there was an obvious way to examine the claim that our data *have to* come from a normal distribution in order for the cont | Full details of this simulation study and the results it produced are provided in Section 4 (pages 68–70). | Fortunately, we can bypass those formulae by taking advantage of the additivity properties for both means and variances proved in Section 3 (pages 79 and 80). ,",TRUE,,,
"seen something",,,6,"prose","Suppose we are studying a particular process. Let's assume we know of five factors that are likely to be affecting its performance. After observing the process  | Along with all of this knowledge, we have seen something of how the Japanese not only learned from, but also *interpreted* and *applied*, Deming's teaching. The | Before considering the details, it would be useful to take a look at part of the rather famous hand-drawn *X̄-R* chart of which we have already seen something a",TRUE,,,
"self improvement",,,6,"prose","First, whereas training is very focused, ""education"" implies breadth—learning about other areas—and this often provides inspiration about what could be helpful  | **Institute a vigorous programme of education, and encourage self-improvement for everyone.** What an organisation needs is not just good people; it needs peopl | **POINT 13.** [Institute a vigorous programme of education, and encourage self-improvement for everyone.] *(Day 5 pages 14--15.)*",TRUE,,,
"self interest",,,6,"prose","On the other hand, if you are fortunate enough to be in an organisation that is not completely at the dark end of the spectrum, you can enjoy yourself by initia | Finally, there is a very important practical consideration to confirm and emphasise. What sort of things should be considered when allocating these ""grades""—whe | **Step 2.** Now decide on some ""options""—strategies, decisions, behaviours, etc—which each of the three areas in turn might consider adopting. If the organisati",TRUE,,,
"shop floor",,,6,"prose","A very strong emphasis on viewing an organisation as a system is obvious throughout the Attributes of a Leader. The relevance of the Scientific Approach to unde | Only recently, the entire management of a large manufacturing concern supposed, by their own declaration, that if all 2,700 operations in the plant were carried | One kind of false start arises from the supposition that wholesale teaching of statistical methods to enough people in production will turn things around. Under",TRUE,,,
"short control",,,6,"prose","So let's now examine control charts produced by the two runs of the Funnel Experiment that were demonstrated in the Appendix. It will be useful to look at both  | Again let's look first at the short control charts of the two simulations. The second one does not appear to have anything much to tell us, but I suggest the fi | One aspect immediately noticeable about Rule 3's short control charts is their similarity to those of Rule 2 on page 10. A moment's reflection will show why. Re",TRUE,,,
"short control charts",,,6,"prose","So let's now examine control charts produced by the two runs of the Funnel Experiment that were demonstrated in the Appendix. It will be useful to look at both  | Again let's look first at the short control charts of the two simulations. The second one does not appear to have anything much to tell us, but I suggest the fi | One aspect immediately noticeable about Rule 3's short control charts is their similarity to those of Rule 2 on page 10. A moment's reflection will show why. Re",TRUE,,,
"Short term thinking",,,6,"prose","**Short-term thinking defeats constancy of purpose to stay in business with long-term growth.** | The focus of all the salespeople, because of the way the system was set up, was to make those quotas every single week. However, as I was to learn later from Dr | **DISEASE 2.** [Short-term thinking defeats constancy of purpose.] *(Day 5 pages 20--21.)*",TRUE,,,
"short true",,,6,"prose","We shall spend most of today with the true story of Gallery Furniture, learning of a journey from ""bad practice"" to ""good practice"" based on Dr Deming's theory  | Today involves rather less than the fairly full day's work designed for most days in this course. So, if you need more time on parts of today's study than I am  | Why do these techniques have such harmful effects? If you worked successfully at the First Project on Days 4 and 5, you are already well able to produce answers",TRUE,,,
"short true stories",,,6,"prose","We shall spend most of today with the true story of Gallery Furniture, learning of a journey from ""bad practice"" to ""good practice"" based on Dr Deming's theory  | Today involves rather less than the fairly full day's work designed for most days in this course. So, if you need more time on parts of today's study than I am  | Why do these techniques have such harmful effects? If you worked successfully at the First Project on Days 4 and 5, you are already well able to produce answers",TRUE,,,
"significance level",,,6,"prose","As you will see later, Deming was alluding here to the conventional statistician attempting to treat control charts as if they were hypothesis tests. A hypothes | But how large is ""relatively large""? The same figures as before provide the answer. For example, if H₀ is true then we know (exactly or approximately) 95% proba | There are two further aspects of confidence intervals that can also be carried over into hypothesis testing. First, if *n* is small but normality is assumed the",TRUE,,,
"six Willing",,,6,"prose","After the delegates returned from their coffee-break on the Wednesday morning, Dr Deming briefly introduced the experiment. Then there was some pleasant humour  | Take a careful look through these results. What main feature occurs to you when comparing the six Willing Workers with each other? | !Handwritten results table for six Willing Workers (Ernie, Iggy, Richard, Martin, Andrew, Pat) showing red bead counts across four weeks, with weekly totals dec",TRUE,,,
"six Willing Workers",,,6,"prose","After the delegates returned from their coffee-break on the Wednesday morning, Dr Deming briefly introduced the experiment. Then there was some pleasant humour  | Take a careful look through these results. What main feature occurs to you when comparing the six Willing Workers with each other? | !Handwritten results table for six Willing Workers (Ernie, Iggy, Richard, Martin, Andrew, Pat) showing red bead counts across four weeks, with weekly totals dec",TRUE,,,
"slogans posters",,,6,"prose","Yet again, the thrust of this Point is that the lack of quality, productivity, behaviour, performance—just about everything—comes from the system (common causes | **Eliminate the use of slogans, posters, and exhortations** for the workforce, demanding Zero Defects and new levels of productivity without providing methods.  | **POINT 10.** [Eliminate the use of slogans, posters, and exhortations.] *(Day 5 pages 8--9.)*",TRUE,,,
"small groups",,,6,"prose","On Days 2 and 3, the Major Activities will mainly be matters of time rather than requiring a great deal of deep thought. But, after Day 3, the Major Activities  | As we know, the Funnel Experiment was created by Lloyd Nelson and subsequently described and discussed by Dr Deming in his four-day seminars. But, unlike the Re | By “small” groups I am thinking of perhaps just two or three people, maybe four, who are reading through and discussing the material and carrying out all the ac",TRUE,,,
"staff areas",,,6,"prose","The strong link here is wholly obvious. But note the implications concerning management style. Anything (and there is often much) that management does to erect  | **Break down barriers between departments and staff areas.** People in different areas, such as Research, Design, Sales, Administration, and Production, must wo | **POINT 9.** [Break down barriers between departments and staff areas.] *(Day 5 pages 6--7.)*",TRUE,,,
"statistical inference",,,6,"prose","- Summarising ""raw data"" through pictures such as histograms and the calculation of ""sample statistics"" such as the sample mean *X̄* and the sample standard dev | [] However, there are a couple of particular probabilities that are frequently used in applications of the normal distribution to popular techniques of so-calle | On pages 54 and 55 I briefly describe the two most commonly-used methods of statistical inference, and the way in which these particular figures apply to them.",TRUE,,,
"statisticians' results",,,6,"prose","Here are the professional statisticians' results: | !professional statisticians' results as a table of data. | !Week 1 of professional statisticians' results as a table of data.",TRUE,,,
"Step ACTIVITY",,,6,"prose","### Step 4: Activity (connections with the Points/Diseases) | **Step 4: Activity (connections with the Points/Diseases)** | ## Step 4: ACTIVITY 10–a",TRUE,,,
"Step Browsing",,,6,"prose","### Step 1: Browsing session | **Step 1: Browsing session** | #### Area 1, Step 1: Browsing session",TRUE,,,
"Step Browsing session",,,6,"prose","### Step 1: Browsing session | **Step 1: Browsing session** | #### Area 1, Step 1: Browsing session",TRUE,,,
"strategy Rule",,,6,"prose","As you can see, with Ford's Second Strategy (Rule 1) you also no longer need the two rows which were under each yellow-shaded row in the Ford's First Strategy ( | Compare the two histograms you've drawn on pages 45 and above. As you'll probably have realised already, the histogram that you've just constructed is somewhat  | So, to summarise, we have just seen that it is Rule 1 of the Funnel which has produced the *better* results. It was the *original* strategy, Rule 2, which produ",TRUE,,,
"system rather",,,6,"prose","This is a very common phenomenon (no pun intended!). Even when people get to understand the concept of common-cause variation, they almost always hopelessly und | With regard to that response I have often noticed how, once people have become familiar with control charts and how to interpret them—particularly in terms of c | Indeed, ranking and rating are not just senseless—they are harmful. Reflecting the question posed on page 1, why should people [""work together""] (for the advant",TRUE,,,
"takes us",,,6,"prose","Nevertheless, it could well be possible to see strong links between just this one aspect of Part D (let alone all the rest of it) and the need to adopt all the  | Thus, in summary, we have emphasised that the different parts of a system need to optimise their combined performances (""work together"") rather than maximising  | There is one final type of control chart that I would like to mention to you. This takes us back to one-at-a-time data and is an interesting variant on the fami",TRUE,,,
"term thinking",,,6,"prose","**Short-term thinking defeats constancy of purpose to stay in business with long-term growth.** | The focus of all the salespeople, because of the way the system was set up, was to make those quotas every single week. However, as I was to learn later from Dr | **DISEASE 2.** [Short-term thinking defeats constancy of purpose.] *(Day 5 pages 20--21.)*",TRUE,,,
"third week",,,6,"prose","Consequently, the time has come for management to make an impact. A severe but objective appraisal of performance is instituted. At the end of the third week, t | As with the experiment in Ireland described on pages 9–16, a ""performance appraisal"" takes place at the end of the third week; the three ""worst"" workers are the | So then came my announcement of the forthcoming performance appraisal and the fact that the worst three workers would be fired at the end of the third week. Thi",TRUE,,,
"time between",,,6,"prose","Rule 3's behaviour is clearly catastrophic—though did you suspect that such would be the case when (as recalled on the previous page) we may have initially rega | Apart from the feature of possibly wandering off to relatively enormous distances from wherever it starts, there is another aspect of Rule 4 which is often seen | Throughout my schooldays, I lived out in the countryside, several miles from my school. School started at 9.00 each morning. I travelled to school by bus. The b",TRUE,,,
"time Dr",,,6,"prose","However, my personal favourite amongst the American videos is *The Deming of America*. This video, which was made for PBS (America’s Public Broadcasting Service | A further visit to Japan, again to work with the Census, was planned for the early summer of 1950. By this time, Dr Deming’s name and reputation had become know | One more time. Dr Deming warned us that",TRUE,,,
"time Dr Deming",,,6,"prose","However, my personal favourite amongst the American videos is *The Deming of America*. This video, which was made for PBS (America’s Public Broadcasting Service | A further visit to Japan, again to work with the Census, was planned for the early summer of 1950. By this time, Dr Deming’s name and reputation had become know | One more time. Dr Deming warned us that",TRUE,,,
"time during",,,6,"prose","Dr Walter Shewhart's writing was often not easy to understand—as Dr Deming readily agreed! But Deming saw a purpose in Shewhart's style of writing—it was to hel | As with the experiment in Ireland described on pages 9–16, a ""performance appraisal"" takes place at the end of the third week; the three ""worst"" workers are the | As suggested a little earlier, in order to avoid wasting precious time during the project, it will be wise for you to (a) familiarise yourself with the four-ste",TRUE,,,
"time later",,,6,"prose","So the original readers, like Balaji, of the seventh article were already familiar with the previous six articles—whereas you, of course, are not. Alternatively | But a lot of other stuff that Deming had written did appeal to me, so I rather set aside that business about the two types of statistical studies and read about | In Statistics books and courses you will often see the term ""random variable"", and I shall also use this term from time to time later in this material. A ""rando",TRUE,,,
"time taken",,,6,"prose","On the other hand, probably all the figures reported at monthly management meetings are from what I call ""man-made"" processes. Obviously, they are reported at t | To determine the average time taken we add up these times and divide by the number of data, i.e. 10. This gives the average time taken as 200 ÷ 10 = 20 minutes. | That may sound pessimistic! But is it? Can we predict with exact precision the output of any process, e.g. our pulse rate at any moment? No, we cannot. Nobody c",TRUE,,,
"Today's material pages",,,6,"prose","> Prelude A: ""Four Preludes and a Coda"": pages 1–6. (From now on I'll simply refer to ""Preludes"".) > > *DemDim*: pages 264–270. > > Today's material: pages 3–14 | > Prelude B: ""Preludes"" pages 7–14. > > *DemDim*: pages 270–274. > > Today's material: pages 20–27 [*WB* 171–178]. | > Prelude C: ""Preludes"" pages 15--19. Prelude C is mostly related to Area 2, but there are also a couple of matters directly related to this first area. > > *De",TRUE,,,
"too many",,,6,"prose","> ""As the Ford group was touring the Tokai Rika plant, they observed eight production workers 'engaged in active discussion' around this Average and Range Chart | * Dr Deming’s focus was on the longer rather than the shorter term. If you are looking for the next short-term quick fix, this is the wrong place. Besides which | >“This ‘telephone’ has too many shortcomings to be seriously considered as a means of communication. The device is inherently of no value to us.”",TRUE,,,
"total area",,,6,"prose","I'll ask you to look one more time at the Optional Extras, this time on page 49. Here we have the same pictures as you saw two pages earlier (page 47) but now w | Note that these three probabilities add up to 1, as of course is bound to be true in any situation when adding up the probabilities of all possible mutually exc | However, following what we just observed about the *total area* contained within pictures of probabilities, it is more useful to include the *proportions* of ti",TRUE,,,
"touched upon",,,6,"prose","As I said, these all relate to matters we have touched upon during this Prelude. Can you think about them and see how they do so? | Of two books by Dr Wheeler that I particularly recommend, some such matters are touched upon in *Understanding Variation* but are dealt with more comprehensivel | But first, on Appendix pages 10–12 I have discussed some further messages from the Red Beads Experiment. You might possibly have touched upon one or two of thes",TRUE,,,
"upper process",,,6,"prose","I'll illustrate that very simply with the time it takes me to travel to work. Suppose that I have been keeping records and have carried out some simple calculat | But one day I didn't get to work until 9.10 am—it took me 40 minutes to get there; the traffic was awful! Since 40 minutes is way above the upper process limit, | The moving ranges add up to 18. There are nine of them and so the average moving range is = 18 ÷ 9 = 2 minutes. Then, if you recall, we compute the distance on ",TRUE,,,
"various possibilities",,,6,"prose","The prime purpose of Day 3 as a whole is best summarised by the short title of Don Wheeler's excellent little book: *Understanding Variation*. So, looking forwa | So, what are those ""various possibilities"" of what you might do next? The most challenging approach would be to throw you in at the deep end and simply suggest  | So how can I guide you through these various possibilities? I’m going to ask you to choose which of four “Stats-levels” you feel is most suitable for you. Stats",TRUE,,,
"within specifications",,,6,"prose","Rule 2 is the case where, as we know both from the Ford example and from your own work in the Major Activity, the situation is undesirable compared with Rule 1, | But, even if the ""performance indicator"" is a more reasonable proposition in the context of a ""thing"", the mentality of it being sufficient for that performance | Results ""a"" and ""c"" are ""OK"": they are within specifications, they have met requirements, and so the ""things"" represented by those figures are presumed suitable",TRUE,,,
"without knowledge",,,6,"prose","> [""To copy without knowledge of theory a company that is doing well is to invite destruction.""] | We have discussed some of the errors made when those without knowledge have tried to copy KAIZEN, Quality Circles, and ""Zero Stock"" or ""Just In Time"". | It is such a trite error to imagine that, by merely copying a few Japanese words and trying to copy a few of their concepts (excluding Six Sigma—this was a West",TRUE,,,
"working through",,,6,"prose","(If you cannot answer this question now, be sure that you will be able to do so before you finish working through today's Major Activity!) | The full Expanded Joiner Triangle as Neave uses it in the rest of the course: same three corners (Obsession With Quality, All One Team, Scientific Approach) and | During the rest of today and all of tomorrow we shall be working through the whole collection of the 14 Points and the five Deadly Diseases, using two pages for",TRUE,,,
"www deming",,,6,"prose","Deming Transformation Forum (UK): www.deming.org.uk | Firstly, there are a number of references in this course to events that were organised by the BDA and to the substantial series of BDA Booklets that were writte | [^a]: On 6 July 1989 Dr Deming spoke at a meeting which was organised by the Association Française Edwards Deming and held at the Palace of Versailles. I was pr",TRUE,,,
"www deming org",,,6,"prose","Deming Transformation Forum (UK): www.deming.org.uk | Firstly, there are a number of references in this course to events that were organised by the BDA and to the substantial series of BDA Booklets that were writte | [^a]: On 6 July 1989 Dr Deming spoke at a meeting which was organised by the Association Française Edwards Deming and held at the Palace of Versailles. I was pr",TRUE,,,
"you'll recall",,,6,"prose","As you'll recall, in Major Activity 3–h you summarised your data from Rules 1 and 2 of the Funnel on histograms and your data from Rules 3 and 4 on run charts.  | There's just one piece of the jigsaw left to fit in. You'll recall the guidance that it's reasonable to use the normal distribution as an approximation if (with | I'll postpone discussion on the outcomes from this strategy (which you'll recall is what Drs Nelson and Deming called Rule 2 of the Funnel) until you've repeate",TRUE,,,
"you'll soon",,,6,"prose","Also as previously, we are likely to be interested in some way of measuring the *variation* of the numbers in our subgroup. On Day 3 we became familiar with the | Going by the results for tossing the two coins, it looked as if a sample size of 1,000 was quite sufficient to get a fairly accurate picture of the probability  | The best way to do this that I can think of is to employ a very useful technique called ""mathematical induction"". Mathematical induction works in a case such as",TRUE,,,
"Your notes on these items.",,,6,"ui","./content/days/day-10/04-theory-of-variation.qmd",TRUE,,,
"Your notes.",,,6,"ui","./content/days/day-11/06-knowledge-of-psychology.qmd",TRUE,,,
"zag pattern",,,6,"prose","But the links are stronger still. In one of my seminars I often used a slide which simply shows the Joiner Triangle with two words inscribed in the middle: ""Red | !First long Rule 2 control chart: persistent zig-zag pattern throughout all 50 points, with the run line never approaching either control limit — the hugging-th | Peter was then able to point out to them that this is definitely *not* random variation! Random variation does not have patterns (except occasionally and briefl",TRUE,,,
"zig zag pattern",,,6,"prose","But the links are stronger still. In one of my seminars I often used a slide which simply shows the Joiner Triangle with two words inscribed in the middle: ""Red | !First long Rule 2 control chart: persistent zig-zag pattern throughout all 50 points, with the run line never approaching either control limit — the hugging-th | Peter was then able to point out to them that this is definitely *not* random variation! Random variation does not have patterns (except occasionally and briefl",TRUE,,,
"achieve quality",,,5,"prose","**Eliminate the need for mass inspection as a way to achieve quality** by building quality into the product in the first place. Require statistical evidence of  | **POINT 3.** [Eliminate the need for mass inspection as a way to achieve quality.] *(Day 4 pages 20--21.)*",TRUE,,,
"advance notice",,,5,"prose","Although I hope you will find both this morning’s Overture and this afternoon’s “Deming story” to be mostly easy reading, there are times when you should be pre | For a long while, the Red Beads Experiment was the only experiment included in the four-day seminars. However, in his final few years, Deming also added a discu | Recall that, at the end of Day 5, I gave you advance notice that today's Activities will ask you to focus some attention on ""your organisation"". The Activity wh",TRUE,,,
"after completing",,,5,"prose","W Edwards Deming died on 20 December 1993, at his home in Washington where he had lived since 1946, and just ten days after completing his final four-day semina | - Please tackle this project very seriously. The experience you gain here will be invaluable for your success in approaching further major work later in the cou | Then, after completing that, now comes the time when I would advise you to start at the top of the table and work through it, issue by issue. Where there is a b",TRUE,,,
"age created",,,5,"prose","**Adopt the new philosophy. We are in a new economic age,** created in Japan. We can no longer live with commonly accepted levels of delays, mistakes, defective | **POINT 2.** [Adopt the new philosophy. We are in a new economic age, created in Japan.] *(Day 4 pages 18--19.)*",TRUE,,,
"already well",,,5,"prose","So the Japanese were already well-steeped in what Deming taught long before these practices came into existence, and thus they were able to develop the concepts | Notice the connection with the Deming Chain Reaction, finishing up (as in both versions of the Chain Reaction—see the bottom of page 3) with ""provide jobs"". We  | Why do these techniques have such harmful effects? If you worked successfully at the First Project on Days 4 and 5, you are already well able to produce answers",TRUE,,,
"anybody else",,,5,"prose","They divide equally into two sets. The first three are ones where I can again become the ""All-Knowing"": one is a Red Beads Experiment and the other two are illu | An obvious way to attempt to improve results from a process is to compare the current outcome (today's bus arrival time or the width of the socket just manufact | Firstly, for your own interest and later use, I'd like you to spend some time thinking and ""scoring"" your organisation with reference to the 14 Points and Deadl",TRUE,,,
"Approvals Acknowledgments",,,5,"prose","## Approvals, Acknowledgments and Information | **Approvals, Acknowledgments and Information** | ### Approvals, Acknowledgments and Information",TRUE,,,
"Approvals Acknowledgments and Information",,,5,"prose","## Approvals, Acknowledgments and Information | **Approvals, Acknowledgments and Information** | ### Approvals, Acknowledgments and Information",TRUE,,,
"arbitrary numerical",,,5,"prose","## Point 11. Eliminate arbitrary numerical targets *( )* | Again, this is quality ""across the board"". Those [""arbitrary numerical targets""] do the opposite—they focus attention on bits and pieces of the picture and, if  | Just a few comments here that I hope may be helpful. Regarding Category 1—""facts of life"", i.e. matters that are unarguable and not a matter of opinion, remembe",TRUE,,,
"arbitrary numerical targets",,,5,"prose","## Point 11. Eliminate arbitrary numerical targets *( )* | Again, this is quality ""across the board"". Those [""arbitrary numerical targets""] do the opposite—they focus attention on bits and pieces of the picture and, if  | Just a few comments here that I hope may be helpful. Regarding Category 1—""facts of life"", i.e. matters that are unarguable and not a matter of opinion, remembe",TRUE,,,
"archived snapshot",,,5,"prose","> *NB* The Deming Transformation Forum's website is no longer online. The linked 2012 archived snapshot is preserved here as a historical reference; the Booklet | Firstly, there are a number of references in this course to events that were organised by the BDA and to the substantial series of BDA Booklets that were writte | [^a]: On 6 July 1989 Dr Deming spoke at a meeting which was organised by the Association Française Edwards Deming and held at the Palace of Versailles. I was pr",TRUE,,,
"areas rather",,,5,"prose","As mentioned on page 3, the tables used in the Major Activity are reproduced on pages 29–33. Also, on pages 34–38 I have included an amended version of the tabl | **NB** As previously recommended, in order to avoid the need to frequently turn pages backward and forward as you are developing the tables, it is more convenie | **Step 5.** In the second of the three phases, attention now begins to be paid to the effects of these options on the other areas rather than just on the area t",TRUE,,,
"around Point",,,5,"prose","A single 48-point control chart for Process A (totals when dice are thrown). The first 30 points fluctuate quietly inside the limits — stable. **Point 31 drops  | 48-point control chart for Process B (number of Heads when coins are tossed). The first ~38 points fluctuate quietly inside the limits. From around Point 39 the | Nothing ""interesting"" seems to be happening in Chart B3 until around Point 40 which is close to the UCL. As in Chart A3, by itself this is only a tiny hint that",TRUE,,,
"asking questions",,,5,"prose","Then, one busy day, in sheer impatience and exasperation you may just say: ""It's like that because I *told* you so"". That is the day the child stops asking ques | Let's summarise more generally what we have covered. We have seen how theory is the basis of all learning and development of knowledge. We have seen that theory | We have also emphasised that all of us are born with a natural desire to learn—it's a normal characteristic of human beings and, indeed, of other animal life. W",TRUE,,,
"automatic compensation device",,,5,"prose","Then recall the simple example on . I observed that changing the *average* of my process there would be very easy. And, in my experience, it is indeed very ofte | Input shafts for a transmission were turned in a machine equipped with an expensive automatic compensation device. If the diameter of a shaft was too large, the | A histogram of 50 shaft diameters made *with* the automatic compensation device switched on. The distribution is broad and reaches outside the specification lim",TRUE,,,
"Average Taguchi",,,5,"prose","Actually, if you want to measure ""quality"", a little mathematics shows that Taguchi's study of ""loss"" leads to a very neat criterion. (For those who are interes | If you have a control chart then you can immediately compute a value for this expression. You will (directly or indirectly) have used a value of σ to find the c | If you are mathematically inclined, you might like to use the above criterion to verify the following alarming argument. Let's consider starting with the proces",TRUE,,,
"Average Taguchi Loss",,,5,"prose","Actually, if you want to measure ""quality"", a little mathematics shows that Taguchi's study of ""loss"" leads to a very neat criterion. (For those who are interes | If you have a control chart then you can immediately compute a value for this expression. You will (directly or indirectly) have used a value of σ to find the c | If you are mathematically inclined, you might like to use the above criterion to verify the following alarming argument. Let's consider starting with the proces",TRUE,,,
"awarding business solely",,,5,"prose","**End the practice of awarding business solely on the basis of price tag.** Instead, require meaningful measures of quality along with price. Reduce the number  | **POINT 4.** [End the practice of awarding business solely on the basis of price tag.] *(Day 4 pages 22--23.)*",TRUE,,,
"Balaji's Preludes",,,5,"prose","For the second section of your preparation (your general grounding in the System of Profound Knowledge before tackling the detail during the project) I suggest  | During what follows in Days 10 and 11 I have also added what I hope you will find to be a few useful expansions and helpful hints. Sometimes I shall repeat mate | I hope you are working at a reasonable-sized table or desk! For, if you have been able to carry out the copying that I suggested at the top of , you can now hav",TRUE,,,
"baseline period",,,5,"prose","However, I should first point out that simulation studies do have some similar drawbacks to mathematical solutions, in particular that it is necessary to make s | With the assumptions made in the simulation study, and with the variety of baseline lengths as shown, here are the percentages of false alarms (i.e. signals tha | ### (B) What is the likelihood of there being any signals (i.e. false alarms) *during* the baseline period?",TRUE,,,
"basic guidance",,,5,"prose","On Days 2 and 3 and during parts of both of the projects, the emphasis was on understanding variation and why that is useful, and the role it plays in the impro | Now, I rather liken this basic guidance on interpreting a control chart to how you are taught to drive a car in order to pass the official driving test. You obe | I also implied that, in practice, it can sometimes be wise not to simply stick to Dr Deming's basic guidance. After all, he didn't!",TRUE,,,
"Beads data",,,5,"prose","So let's now carry on as we did through much of yesterday with the various sets of Red Beads data: let's now upgrade the run chart to a control chart by inserti | As a minor point of detail, notice the thin blue line in the middle of the chart. This is the ""Central Line"" representing the average of the data-values from wh | Interpreting the red beads as ""defective items"", we immediately see that the method for computing the limits described there is indeed appropriate for Red Beads",TRUE,,,
"behaving normally",,,5,"prose","It is when processes are *only* being affected by such inherent causes that they fluctuate between their natural process limits. We say that processes are ""norm | Walter Shewhart referred to both types of fluctuations as ""variation"". By a process behaving ""normally"" we mean it has ""normal"" variation. (Incidentally, in cas | > [You will probably immediately recognise that what I describe as behaving normally or abnormally are respectively the same as what Drs Shewhart and Deming cal",TRUE,,,
"better description",,,5,"prose","There is obviously something wrong when a measured characteristic barely inside a specification is declared to be conforming; outside it is declared to be nonco | [""A better description of the world is the Taguchi loss function""] said Deming on *Out of the Crisis* page 120 *[141]*. What's that when it's at home?! Basicall | Bill contacted Dr Deming and had several discussions with him—discussions concerning events ranging over the previous 30 and more years, the content of which Bi",TRUE,,,
"Bill Conway",,,5,"prose","Almost five more years passed before Bill Conway discovered that this “Deming” was in fact an American, Dr W Edwards Deming who, although already in his late 70 | Now, depending on your background, one feature of the previous section may have already started making you feel a little queasy. And that is the repeated refere | Wasted years. But wasted years which, as we saw on page 2, thankfully ended when Bill Conway sought him out in 1979.",TRUE,,,
"binomial coefficient",,,5,"prose","The ""shorthand"" for this big fraction that I've shown on the right-hand side is known as a *binomial coefficient*. Notice that there are exactly terms in both t | Some particular values of this expression are easy to check. For example, if then we get just the single term at the top and the single term 1 at the bottom, wi | So now, moving on to the induction process, let's assume that the above binomial coefficient is the correct number of sequences of length which contain S's (for",TRUE,,,
"blank left",,,5,"prose","!Table One — blank (left) and filled in with the DemDim example (right) | !Table Two — blank (left) and filled in with the DemDim example (right) | !Table Three — blank (left) and filled in with the DemDim example (right)",TRUE,,,
"bottom left",,,5,"prose","A simple equilateral triangle with one short phrase written at each of its three corners: **Obsession With Quality** at the top, **Scientific Approach** at the  | The Joiner Triangle (Obsession With Quality at top, All One Team bottom-left, Scientific Approach bottom-right) with each corner now annotated by an adjacent bo | Four large boxes arranged in a 2×2 grid, each pointing inward toward a small empty central box that holds the four parts together (the visual is reminiscent of ",TRUE,,,
"bowling team",,,5,"prose","!Bowling team / Orchestra / Business interdependence spectrum | A horizontal scale labelled **LOW** at the left end and **HIGH** at the right end, with three labelled dots placed along it. **Bowling team** sits well over to  | Low and high interdependence are respectively to the left and right. Paradoxically, a (ten-pin) bowling *team* can largely succeed through independent effort an",TRUE,,,
"business solely",,,5,"prose","**End the practice of awarding business solely on the basis of price tag.** Instead, require meaningful measures of quality along with price. Reduce the number  | **POINT 4.** [End the practice of awarding business solely on the basis of price tag.] *(Day 4 pages 22--23.)*",TRUE,,,
"chart tells",,,5,"prose","> ""Points outside the limits are noted on September 25 and 26, 1980. Having noted that exceptional variation was present, they looked for the Assignable *[Speci | This was clearly a case where, in practice, there was little to be gained by producing the control chart: the run chart had already told the story of the rising | > "" ... 'abrasion on the positioning collar' is identified as the Assignable [Special] Cause for the process excursion noted in late September, 1980 ... in addi",TRUE,,,
"Clearly define",,,5,"prose","**Clearly define top management's permanent commitment to ever-improving quality and productivity,** and their obligation to implement all of these principles.  | **POINT 14.** [Clearly define top management's permanent commitment to ever-improving quality and productivity.] *(Day 5 pages 16--17.)*",TRUE,,,
"Clearly define top",,,5,"prose","**Clearly define top management's permanent commitment to ever-improving quality and productivity,** and their obligation to implement all of these principles.  | **POINT 14.** [Clearly define top management's permanent commitment to ever-improving quality and productivity.] *(Day 5 pages 16--17.)*",TRUE,,,
"close together",,,5,"prose","Apart from the feature of possibly wandering off to relatively enormous distances from wherever it starts, there is another aspect of Rule 4 which is often seen | !Two short Rule 4 control charts: the tight zig-zag of adjacent values pulls the control limits very close together, and both baselines already contain points p | Let's now summarise and develop what we have learned in these last few pages. Note that we haven't really been studying the four processes in terms of control c",TRUE,,,
"closely related",,,5,"prose","Let's consider a longer illustration. A senior manager in a company is taking a walk in the workshop and notices a puddle of oil on the floor underneath a machi | - Understanding the importance of a common aim or purpose for the system; - Understanding that cause and effect are often not closely related in time and space; | This Point is unusual in that people have largely ignored its main focus and argued instead about a subsidiary (but nonetheless very important) aspect. The main",TRUE,,,
"come back",,,5,"prose","> ""We come back to this hotel (the Copthorne Orchid in Penang) year after year, as do many more people from the four corners of the Earth. The hotel is old, run | After Japan faced the repeated wrath of the tsunamis and earthquakes in 2011, they managed to resurrect themselves remarkably quickly. A note was sent from the  | So, in summary, unless you *really* want to limit yourself to Stats-level 00, do take at least a quick look at all of the main text (except possibly for the Tec",TRUE,,,
"compete against",,,5,"prose","This brings to light another attribute of a system: since every person or thing has its role to play in the system, how can it be justifiable to compare that pe | ## Is it ""natural"" to compete *against*? | Understanding the distinction between ""competing with"" and ""competing against"" can make all the difference between success and failure. But, if we look around u",TRUE,,,
"connection between",,,5,"prose","Then on Day 3 we studied the type of control chart more generally used to analyse one-at-a-time data: the moving-range method using the familiar number 2.66. On | Just in case the similarity had occurred to you, there is no connection between that constant 3.145 and the one usually represented by the Greek letter π (""pi"") | The left-hand column in these tables is relatively wide in order to leave room for you to describe the options that you choose during the Major Activity. Here t",TRUE,,,
"connections between",,,5,"prose","To support that remark it is worth pointing out that, as you'll probably have realised, there are some pretty obvious connections between the three vertices of  | Let's see why I asked you to enter those 0--5 ""scores"" of what you saw as the strengths of connections between the System of Profound Knowledge and the 14 Point | As mentioned when we first saw it on Day 1, Peter's diagram of the System of Profound Knowledge immediately depicts the interlinking nature of the four parts of",TRUE,,,
"continuous case",,,5,"prose","So, when we have continuous data, can we copy what we did with discrete data such as when we were examining the number of Heads when two coins are tossed? That  | For example, in the discrete case our approach was to obtain approximations for the probabilities of each of the various possible values as the proportion of ti | On the other hand, although this demonstrates what we *can't* do in the continuous case, it also shows us what we *can* do. That is to consider probabilities of",TRUE,,,
"continuous probability distributions",,,5,"prose","- Introduction - Part A: Using control charts on Funnel Experiment data — an extension of Major Activity 3–h 1. Introduction 2. Rules 1 and 2 of the Funnel *(** | - Summarising ""raw data"" through pictures such as histograms and the calculation of ""sample statistics"" such as the sample mean *X̄* and the sample standard dev | ## Continuous probability distributions, particularly the normal distribution",TRUE,,,
"control chart's",,,5,"prose","Some control-charting computer packages include a picture of a histogram turned through 90° (so that its scale coincides with the control chart's vertical scale | I hope you will have found it helpful to gain that additional experience of constructing and interpreting control charts. However, to be fair, Funnel Experiment | We have already seen on page 15 the control chart for the results recorded by Dec, and what it tells us in the Pause for Thought 2–e. (If you need reminding, lo",TRUE,,,
"control limits computed",,,5,"prose","Apart from the feature of possibly wandering off to relatively enormous distances from wherever it starts, there is another aspect of Rule 4 which is often seen | [] In this sort of case, the sample mean cannot really do a very good job of genuinely reflecting the typical kind of values being recorded: it will still be a  | A control chart of all 24 values from the first process, but with the control limits computed using only the first 12 (LCL ≈ 9.75, UCL ≈ 14.59, Central Line at ",TRUE,,,
"control process",,,5,"prose","!Control chart showing an in-control process whose distance from the Central Line to either Specification Limit is only about 4.5σ, short of six-sigma quality | As you'll recall, in Major Activity 3–h you summarised your data from Rules 1 and 2 of the Funnel on histograms and your data from Rules 3 and 4 on run charts.  | Again let's look first at the short control charts of the two simulations. The second one does not appear to have anything much to tell us, but I suggest the fi",TRUE,,,
"conventional course",,,5,"prose","We began with what I described there as ""quite familiar ground"": the histogram. And, of course, to an extent, it was. But when the histogram was introduced earl | With our Shewhart/Deming background we are very likely to presume that the data being illustrated in a histogram come from some *process*: we regard the underst | As we have seen in the crash-course and would soon be seen in the introductory conventional Statistics course, one common way of describing the data is in terms",TRUE,,,
"conventional statisticians",,,5,"prose","So it is not surprising that conventional statisticians often use the normal distribution in their mathematical derivations with the hope that their results wil | After all this, it's hardly surprising that, in developing their theory as well as their tools and techniques, conventional statisticians have been very happy t | [*The quality of the* **measurement process** *itself seems to be too little considered by conventional statisticians, let alone non-statisticians. The numbers ",TRUE,,,
"Cooperation Win",,,5,"prose","But, by the late 1980s, Dr Deming’s teaching had broadened and deepened. The phrase “A New Climate” repeatedly came into my mind. Just as in Japan more than 35  | The words ""All One Team"" surely speak for themselves. They have strong connections with the concepts of optimisation of the system (i.e. helping it to work in t | Chapter 15. Cooperation: Win-Win—Backbone of the New Philosophy",TRUE,,,
"Cooperation Win Win",,,5,"prose","But, by the late 1980s, Dr Deming’s teaching had broadened and deepened. The phrase “A New Climate” repeatedly came into my mind. Just as in Japan more than 35  | The words ""All One Team"" surely speak for themselves. They have strong connections with the concepts of optimisation of the system (i.e. helping it to work in t | Chapter 15. Cooperation: Win-Win—Backbone of the New Philosophy",TRUE,,,
"current outcome",,,5,"prose","An obvious way to attempt to improve results from a process is to compare the current outcome (today's bus arrival time or the width of the socket just manufact | Recall that in Rule 2 the distance and direction between the target and where the marble comes to rest is described in red just below the yellow-shaded rows (re | So, what do we do with the funnel in Rule 4? Suppose the current outcome is 33. The thinking is now that, for low *short-term* variation, we would like the next",TRUE,,,
"data available",,,5,"prose","Another great value of Don’s work is that, whereas it used to be the case that control charts were generally considered to require small *samples* of data to be | > ""Another great value of Don *[Wheeler]*'s books is that, whereas it used to be the case that control charts were generally considered to require small *sample | With subgrouped data it is usual to construct not just one but *two* control charts, one for the subgroup *means* (the term introduced in the previous section f",TRUE,,,
"Day chapter",,,5,"prose","If you are intending to study Part A: ""Using Control Charts on Funnel Experiment data"" then on pages 6 and 7 you will need to draw run-charts and then control c | Dr Neave's original course came as two documents: the day chapters (what you're reading now) and a **Workbook** — a printable second document with blank writing | - **Inline ""see Workbook p. N"" call-outs** throughout the days have been removed, because they pointed at a document that is no longer part of the delivery. - *",TRUE,,,
"days later",,,5,"prose","Let's consider a longer illustration. A senior manager in a company is taking a walk in the workshop and notices a puddle of oil on the floor underneath a machi | > ""Points outside the limits are noted on September 25 and 26, 1980. Having noted that exceptional variation was present, they looked for the Assignable *[Speci | 48-point control chart for Process E (daily averages of cigarette-lighter-socket measurements at the Tokai Rika plant). Points 1–35 fluctuate inside the limits,",TRUE,,,
"deep thought",,,5,"prose","On Days 2 and 3, the Major Activities will mainly be matters of time rather than requiring a great deal of deep thought. But, after Day 3, the Major Activities  | This is today’s final Pause for Thought and it goes to the opposite extreme compared with the previous Activity. Here I’m just asking you to consider briefly so | This Activity is in three parts. All three parts are likely to involve some deep thought—but I'm giving you *plenty* of time! In the case of three cases, if you",TRUE,,,
"defeats constancy",,,5,"prose","**Short-term thinking defeats constancy of purpose to stay in business with long-term growth.** | **DISEASE 2.** [Short-term thinking defeats constancy of purpose.] *(Day 5 pages 20--21.)*",TRUE,,,
"define top",,,5,"prose","**Clearly define top management's permanent commitment to ever-improving quality and productivity,** and their obligation to implement all of these principles.  | **POINT 14.** [Clearly define top management's permanent commitment to ever-improving quality and productivity.] *(Day 5 pages 16--17.)*",TRUE,,,
"define top management's",,,5,"prose","**Clearly define top management's permanent commitment to ever-improving quality and productivity,** and their obligation to implement all of these principles.  | **POINT 14.** [Clearly define top management's permanent commitment to ever-improving quality and productivity.] *(Day 5 pages 16--17.)*",TRUE,,,
"DemDim example right",,,5,"prose","!Table One — blank (left) and filled in with the DemDim example (right) | !Table Two — blank (left) and filled in with the DemDim example (right) | !Table Three — blank (left) and filled in with the DemDim example (right)",TRUE,,,
"Deming believed",,,5,"prose","(This statement is revisited on *The New Economics* page 74 [109].) So if your salary were doubled, starting tomorrow, will your work improve? You would doubtle | Dr Deming believed that we are born with great willingness and desire to learn. But, sadly, in time we may become largely conditioned by rewards and incentives, | Now again, any acceptance of Shewhart's and Deming's teachings immediately leads to the denial of the conventional statistician's claims in both of these respec",TRUE,,,
"Deming came",,,5,"prose","During one of his seminars at General Motors in Michigan, Deming came out with such a ""startling"" statement about pay. It was: | My first direct contact with Dr Deming came in 1985, and in a wholly unexpected and very privileged fashion. In the Spring of that year, out of the blue I recei | And Dr Deming came up with a whole philosophy of management which is very different from what people are used to today, from that which is commonplace understan",TRUE,,,
"Deming gave",,,5,"prose","I’ll prepare the ground by quoting *verbatim* from a magnificent presentation that Deming gave to an audience at the Palace of Versailles, France in 1989, trans | Having now seen our first control chart, it won't be difficult for you to guess how it helps us to discriminate between the two states. The simplest guidance (w | It is now time to revisit the ""simplest guidance"" that Dr Deming gave on how to interpret control charts (near the bottom of ):",TRUE,,,
"Deming often pointed",,,5,"prose","Dr Deming often pointed out that people working in a process may know everything about that process except for realising the importance of what they know! By di | The Foreman then takes the paddle over to the Inspection Department, so that both the junior inspectors and the Chief Inspector can learn their jobs. Inspection | However, as you would expect, it was pretty difficult to figure out how to upset the Red Beads data! All I could think of was (for the final six points) to add ",TRUE,,,
"deming org uk",,,5,"prose","Deming Transformation Forum (UK): www.deming.org.uk | Firstly, there are a number of references in this course to events that were organised by the BDA and to the substantial series of BDA Booklets that were writte | [^a]: On 6 July 1989 Dr Deming spoke at a meeting which was organised by the Association Française Edwards Deming and held at the Palace of Versailles. I was pr",TRUE,,,
"Deming put",,,5,"prose","- to understand something about how we *behave in organisations*—in particular, to know and understand the *interactions* between the *system* in which we are w | (2) Control limits inform us about the extent of variation being produced by the system. It follows that *where* a result lies between those limits—relatively h | The notion that people always need a ""reward"" for doing good things has become so deep-seated that Dr Deming occasionally fell into the same trap himself! He re",TRUE,,,
"Deming Shewhart",,,5,"prose","Well, the twain *may* meet—but there's often a serious problem when they do: neither can understand what the other is talking about! The ""twain"" to whom I am re | For example, the ""conventional"" student has been taught that both the theory and ""validity"" of control charts depend upon traditional Mathematical Statistical f | You, the Deming/Shewhart student, might well like to convince the conventional Statistics student that those supposed mathematical underpinnings are irrelevant.",TRUE,,,
"Deming used",,,5,"prose","Just a few comments here that I hope may be helpful. Regarding Category 1—""facts of life"", i.e. matters that are unarguable and not a matter of opinion, remembe | In addition to this afternoon’s “Deming story”, there is a broader sense in which this course is designed in a “telling the story” mode. By and large (but not s | Now, “theory” is a word which tends to put some people off. They think of “theory as opposed to practice”, “it’s all right in theory but it won’t work in practi",TRUE,,,
"Deming's flow",,,5,"prose","An organisation chart! How the organisation should be organised! As opposed to what? Well, I think you may agree that there is some rather neat implicit teachin | How would you describe the relationship between Shewhart's diagram of the ""New Way"" (refer back to the diagram on page 3 and also to your thoughts on page 4) wi | Surely the ""New Way"" diagram is an embryonic version of Deming's flow diagram---and in fact, with Shewhart's particular choice of words, of Deming's original ""P",TRUE,,,
"Deming's flow diagram",,,5,"prose","An organisation chart! How the organisation should be organised! As opposed to what? Well, I think you may agree that there is some rather neat implicit teachin | How would you describe the relationship between Shewhart's diagram of the ""New Way"" (refer back to the diagram on page 3 and also to your thoughts on page 4) wi | Surely the ""New Way"" diagram is an embryonic version of Deming's flow diagram---and in fact, with Shewhart's particular choice of words, of Deming's original ""P",TRUE,,,
"Deming's second",,,5,"prose","Here is an abbreviated version of Deming's second quotation on page 30: | How may we be sure about what the customer will receive from us if we do not use mass inspection techniques? Answer: By getting processes and the product/servic | However, Deming's second sentence indicates that he is thinking in much broader terms than just this. That second sentence is obviously true. But why does it ap",TRUE,,,
"Deming's words",,,5,"prose","As we know, Points 1 and 5 and the first Deadly Disease are concerned with genuine, sustained and sustainable improvement, and that most certainly is what the D | A histogram of measurements taken during production, with a Lower Specification Limit drawn at 6.2 mils and no upper limit. The distribution rises sharply on th | My choice of Dr Deming's words here are few but surely ""hit the nail on the head"".",TRUE,,,
"derived using",,,5,"prose","But what about those control-chart constants like 2.66? Now, some nice mathematics *is* needed in order to derive them. And it is true that they are derived usi | However, to conclude here, there was yet another example of the use of an unbiased estimator in Part B of these Optional Extras: see page 20. It was adjustment  | was introduced on page 20 as the conversion factor by which a subgroup range needs to be divided in order to scale it down to a number which is comparable to th",TRUE,,,
"different levels",,,5,"prose","There is a close analogy in the branch of traditional Statistics known as the Design of Experiments or Analysis of Variance (so if you're Stats-level 0 then you | Less trivially, suppose the data alternately measure efficiency or productivity etc of both a day-shift and a night-shift. There could be many reasons for a zig | *""the control chart can serve very effectively as a **communication language** within and between departments in an organisation, between different levels of ma",TRUE,,,
"different people",,,5,"prose","- Understanding that people are inherently good: they *want* to do a good job; - Understanding that different people learn differently and hence think different | Anyone who has been involved with the effects of awarding business on lowest price knows, through bitter experience, the huge additions to variation—and therefo | As you can see from *DemDim* pages 50–51, Dr Deming's opinion of performance appraisal was unambiguously damning. But the term ""performance appraisal"" means dif",TRUE,,,
"different things",,,5,"prose","When Dr Deming was asked what it was that the Japanese learned from him, one of his answers was that he taught them a different way of perceiving things around  | Each aim turns the tiger into a different system: it will behave differently, it will do different things. In the first system the tiger becomes a predator. It  | Whatever is tried, the fact remains that different things (be they bus journeys, manufactured sockets, or anything else) are almost always different! This is be",TRUE,,,
"directly related",,,5,"prose","And what else? His philosophy of management is wholly *system*- or *process*-orientated. It sees things (including, very much, things to do with people) as full | The structure of this course is largely chronological, beginning with Shewhart's understanding of variation and then concentrating on Dr Deming's teaching durin | > Prelude C: ""Preludes"" pages 15--19. Prelude C is mostly related to Area 2, but there are also a couple of matters directly related to this first area. > > *De",TRUE,,,
"distributed data",,,5,"prose","- A very long while ago, I used to teach control-charting the “conventional” way, i.e. trying to interpret control limits in terms of probabilities, saying that | Nevertheless, the normal distribution has such appealing mathematical properties for the conventional statistician that I need to tell you a little more about i | - Introduction - Part A: Using control charts on Funnel Experiment data — an extension of Major Activity 3–h 1. Introduction 2. Rules 1 and 2 of the Funnel *(**",TRUE,,,
"distribution having",,,5,"prose","The above link between probability distributions and histograms immediately raises the idea of a *probability distribution* having its own *mean* and *standard  | There is one respect in which this statement can be confusing. Let's suppose the data are being drawn from a distribution having mean μ and standard deviation σ | I therefore wrote a program to generate a large number of series of data from a normal distribution having σ = 1, and in each case calculate *MR̄* ÷ 1.128. I ch",TRUE,,,
"distributions particularly",,,5,"prose","- Introduction - Part A: Using control charts on Funnel Experiment data — an extension of Major Activity 3–h 1. Introduction 2. Rules 1 and 2 of the Funnel *(** | - Summarising ""raw data"" through pictures such as histograms and the calculation of ""sample statistics"" such as the sample mean *X̄* and the sample standard dev | ## Probability distributions, particularly the binomial distribution",TRUE,,,
"doing well",,,5,"prose","A man just called on the telephone from Johannesburg with the proposal that he come to this country and visit with me six companies that are doing well. He need | Too often this is the story. The management of a company, seized with a desire to improve quality and productivity, knowing not how to go about it, having not g | It was related to me during a seminar that the management of a company that makes furniture, doing well, took it into their heads to expand their line into pian",TRUE,,,
"don't get",,,5,"prose","> [""Annual appraisal of performance … annihilates teamwork: people can not work together … you have to get ahead. By working with a team, you help other people. | [] Now, don't get me wrong. I'm not trying to imply that, because the Mathematician's assumptions are rarely if ever attainable in practice, Mathematics is usel | Lacking basic understanding of variation, management may with best intentions have used Rules 2 and/or 3 in the hope that they would produce better results than",TRUE,,,
"don't need",,,5,"prose","However in America, for example, an improvement is not considered to be an improvement unless there is a ""visible figure"" to support it: some cost reduction or  | Actually, the good news is that, for the purpose of constructing and using control charts for a-few-at-a-time data, i.e. using *subgroups* rather than one-at-a- | i.e. it's the sum of the values multiplied by the *probabilities* that those values occur. Ah, so to compute μ we don't need to do all that sampling after all! ",TRUE,,,
"don't want",,,5,"prose","First, just a few weeks after initially hearing about ""six-sigma"", I read papers in two journals (which I shall not reference because I don't want you to read t | Let's give just one further illustration. Suppose that, for some reason, you wanted to find the probability that lies in the interval between and 1.8: . All you | This Overture performs a similar function. It does indeed expose you to an initial ""feel"" of what is to follow, of both the nature and some of the content of th",TRUE,,,
"Dr Deming included",,,5,"prose","Here is a selection of illustrations *suggested by delegates* in the earliest four-day seminars at which Dr Deming included the Funnel Experiment. As suggested, | On *The New Economics* page 36 *[51]*, Dr Deming included a suggestion for the aim of a system in which human beings are involved. It was [""for everybody to gai | Dr Deming included a few histograms in *Out of the Crisis*. I particularly like his commentary on the following histogram which I have redrawn from page 229[267",TRUE,,,
"Dr Deming said",,,5,"prose","Let's summarise more generally what we have covered. We have seen how theory is the basis of all learning and development of knowledge. We have seen that theory | So, as we shall see on the next page, in *The New Economics* Dr Deming said that our need is to [""restore the individual, and do so in the complexities of inter | Why do you think Dr Deming said that, if you manage by results, both quality and morale go down?",TRUE,,,
"Dr Deming saw",,,5,"prose","This is where Dr Deming saw this Deadly Disease as being its most damaging (*Out of the Crisis* page 103 *[121]*): | The following sentence (*The New Economics* page 69 [102]) is a summary of what Dr Deming saw as necessary for conveying knowledge (as opposed to information): | Yes, be sure that Dr Deming did compute those control limits correctly! So, in order to produce a reasonable picture, he did indeed need to use a drastically di",TRUE,,,
"Dr Neave",,,5,"prose","!Dr Deming and Dr Neave | 10 VACANCIES (educational requirements minimal) 1 RECORDER — able to write neatly and to perform simple arithmetic 1 CHIEF INSPECTOR — able to compare figures a | When I began this project I shared early drafts privately, and I did not want to publish the site widely without Dr Neave's approval. Through Richard Hamilton, ",TRUE,,,
"dynamic scientific",,,5,"prose","### ""A dynamic scientific process of acquiring knowledge"" | > ""The three steps constitute a dynamic scientific process of acquiring knowledge."" | A dynamic scientific process of acquiring knowledge! Rather different from *done; finished; gone!* And this was back in 1939---hardly ""rocket science""! But emin",TRUE,,,
"dynamic scientific process",,,5,"prose","### ""A dynamic scientific process of acquiring knowledge"" | > ""The three steps constitute a dynamic scientific process of acquiring knowledge."" | A dynamic scientific process of acquiring knowledge! Rather different from *done; finished; gone!* And this was back in 1939---hardly ""rocket science""! But emin",TRUE,,,
"economic age created",,,5,"prose","**Adopt the new philosophy. We are in a new economic age,** created in Japan. We can no longer live with commonly accepted levels of delays, mistakes, defective | **POINT 2.** [Adopt the new philosophy. We are in a new economic age, created in Japan.] *(Day 4 pages 18--19.)*",TRUE,,,
"economic loss",,,5,"prose","> “So what shall we do? Anyone can set for himself a clean record from this hour henceforth on *one* of the two mistakes. But, if he does, he will achieve the m | > ""How can we aim for minimum economic loss? It is *nothing* to do with probabilities of the two kinds of mistakes. No, no, no, no: not at all. What we need is  | > ""How can we aim for minimum economic loss? It is *nothing* to do with probabilities of the two kinds of mistakes. No, no, no, no: not at all. … It is not a ma",TRUE,,,
"eight options",,,5,"prose","Two side-by-side worksheets sharing the same layout: a tall left column **Areas and their Options** (rows grouped by Area A in blue, Area B in orange, Area C in | So, as in *DemDim*, three options are adopted in both Areas A and C, and two options in Area B. Otherwise Table One simply shows that all eight options are adva | The conclusion from this basic version of the exercise is that, since there happen to be an equal number of + signs and − signs in Table Two, all that work of a",TRUE,,,
"either case",,,5,"prose","- Variation produces undesirable differences both internally and externally. Both are bad for the organisation concerned. As just observed, variation within pro | Since you have already seen the run charts of both Rules 3 and 4, you may well suspect there is not much further description necessary in either case. You'd be  | An obvious way to attempt to improve results from a process is to compare the current outcome (today's bus arrival time or the width of the socket just manufact",TRUE,,,
"either Specification",,,5,"prose","!Control chart showing an in-control process whose distance from the Central Line to either Specification Limit is only about 4.5σ, short of six-sigma quality | The process appears to be in statistical control, but the distance from the Central Line to either Specification Limit is only around 4.5σ rather than the desir | Spot the difference! Yes, we have now improved the process, i.e. reduced σ, sufficiently enough for the distance between the Central Line and either Specificati",TRUE,,,
"either Specification Limit",,,5,"prose","!Control chart showing an in-control process whose distance from the Central Line to either Specification Limit is only about 4.5σ, short of six-sigma quality | The process appears to be in statistical control, but the distance from the Central Line to either Specification Limit is only around 4.5σ rather than the desir | Spot the difference! Yes, we have now improved the process, i.e. reduced σ, sufficiently enough for the distance between the Central Line and either Specificati",TRUE,,,
"Eliminate work",,,5,"prose","**Eliminate work standards that prescribe quotas for the workforce and numerical goals for people in management.** Substitute aids and helpful leadership in ord | **POINT 11.** [Eliminate work standards that prescribe quotas for the workforce and numerical goals for people in management.] *(Day 5 pages 10--11.)*",TRUE,,,
"Eliminate work standards",,,5,"prose","**Eliminate work standards that prescribe quotas for the workforce and numerical goals for people in management.** Substitute aids and helpful leadership in ord | **POINT 11.** [Eliminate work standards that prescribe quotas for the workforce and numerical goals for people in management.] *(Day 5 pages 10--11.)*",TRUE,,,
"empirical evidence",,,5,"prose","But what about those control-chart constants like 2.66? Now, some nice mathematics *is* needed in order to derive them. And it is true that they are derived usi | > ""… the fact that the criterion which we happen to use has a fine ancestry of highbrow statistical theorems does not justify its use. Such justification must c | The conventional statistician has sometimes produced some claims about control charts, claims that indeed have a very fine ancestry. But where is their empirica",TRUE,,,
"empirical observation",,,5,"prose","9. There is no such thing as a fact concerning an empirical observation. Any two people may have different ideas about what is important to know about any event | [Don't forget: an empirical observation depends on the operational definition by which it was obtained---and an operational definition is neither ""right"" nor ""w | Many news bulletins report empirical observations on matters such as unemployment, inflation, growth, the stock market, the structural deficit, national debt, a",TRUE,,,
"Encourage effective",,,5,"prose","**Encourage effective two-way communication and other means to drive out fear throughout the organisation** so that everybody may work effectively and more prod | **POINT 8.** [Encourage effective two-way communication and other means to drive out fear throughout the organisation.] *(Day 5 pages 4--5.)*",TRUE,,,
"encourage self",,,5,"prose","**Institute a vigorous programme of education, and encourage self-improvement for everyone.** What an organisation needs is not just good people; it needs peopl | **POINT 13.** [Institute a vigorous programme of education, and encourage self-improvement for everyone.] *(Day 5 pages 14--15.)*",TRUE,,,
"encourage self improvement",,,5,"prose","**Institute a vigorous programme of education, and encourage self-improvement for everyone.** What an organisation needs is not just good people; it needs peopl | **POINT 13.** [Institute a vigorous programme of education, and encourage self-improvement for everyone.] *(Day 5 pages 14--15.)*",TRUE,,,
"ever improving",,,5,"prose","**Clearly define top management's permanent commitment to ever-improving quality and productivity,** and their obligation to implement all of these principles.  | **POINT 14.** [Clearly define top management's permanent commitment to ever-improving quality and productivity.] *(Day 5 pages 16--17.)*",TRUE,,,
"ever improving quality",,,5,"prose","**Clearly define top management's permanent commitment to ever-improving quality and productivity,** and their obligation to implement all of these principles.  | **POINT 14.** [Clearly define top management's permanent commitment to ever-improving quality and productivity.] *(Day 5 pages 16--17.)*",TRUE,,,
"ever increasing",,,5,"prose","There is obviously something wrong when a measured characteristic barely inside a specification is declared to be conforming; outside it is declared to be nonco | The content of the four-day seminars as indicated so far began to change in 1987, first steadily but then, so it seemed, at an ever-increasing pace. Dr Deming w | Associates have a vested interest in what they and their fellow-associates do in contributing to the whole. They take more joy in their work. They are listened ",TRUE,,,
"every other",,,5,"prose","The almost automatic presumption that the long-term proportion of red beads obtained in the experiment must equal the proportion of red beads in the container i | this was more information for every other child in that class. But, for the boy, this statement became *knowledge*. | Finally in this section, I cannot help but recall the times when, in school and college, there used to be prizes and ""stars"" for the work that we did. Those who",TRUE,,,
"example right",,,5,"prose","!Table One — blank (left) and filled in with the DemDim example (right) | !Table Two — blank (left) and filled in with the DemDim example (right) | !Table Three — blank (left) and filled in with the DemDim example (right)",TRUE,,,
"expanded version",,,5,"prose","After writing so much on what can and does go wrong, let's return to the System of Profound Knowledge. In case you might find it helpful, I would like to give y | In preparation for the First Project and as promised on page 2, here is a fuller version of the Triangle as used by Joiner Associates' consultants. It includes  | Here it is appropriate to recall the original expanded version of the Joiner Triangle on page 11 in addition to my subsequent suggested modification. As we saw,",TRUE,,,
"extremely useful",,,5,"prose","As you'll recall, in Major Activity 3–h you summarised your data from Rules 1 and 2 of the Funnel on histograms and your data from Rules 3 and 4 on run charts.  | On the other hand, you may of course *wish* to learn a little more or even a lot more about control charts. In that case I’ll mention three possibilities which  | By the end of 2012, I had begun to feel confident that I could incorporate much more of the experience that I had thus gained over those years into what I had s",TRUE,,,
"falling outside",,,5,"prose","**Rule 3**'s zig-zag effect is the complete opposite. (This is *negative* autocorrelation.) ""Zig-zag"" *means* up-down-up-down-up … : i.e. here the moving ranges | First, just a few weeks after initially hearing about ""six-sigma"", I read papers in two journals (which I shall not reference because I don't want you to read t | So instead, the mathematical ""truth"" enthusiasts let the process mean (and thus the whole normal distribution) wander from its ideal central position. By how mu",TRUE,,,
"familiarise yourself",,,5,"prose","I strongly recommend that you use one of your duplicate sets of tables to mimic the *DemDim* illustration as we go through it this afternoon, starting on page 1 | I shall ask you to thoroughly familiarise yourself with the following guidance *before* starting Day 10. I'm introducing these thoughts to you now to enable you | Finally, and particularly important, you will need to thoroughly familiarise yourself in advance with, as it were, the mechanics of the Second Project, i.e. wha",TRUE,,,
"fear throughout",,,5,"prose","**Encourage effective two-way communication and other means to drive out fear throughout the organisation** so that everybody may work effectively and more prod | **POINT 8.** [Encourage effective two-way communication and other means to drive out fear throughout the organisation.] *(Day 5 pages 4--5.)*",TRUE,,,
"feel free",,,5,"prose","**NB** Some of the mathematical material on this topic and others in this Technical Section may be seen as overly basic by those who are experienced in Mathemat | - I repeat the implication that my introductory notes and suggestions here are in no way ""definitive"". I have no doubt that many of them can be improved upon—so | If you are not very confident about plotting points and drawing graphs, please feel free to first study my illustration (using my own temperatures and percentag",TRUE,,,
"few minutes",,,5,"prose","So I'd better try some brief explanations in my own words! ""Analytic studies"" are indeed what we have been involved with, particularly in the early days of *12  | So on every Day of this course I shall from time to time ask you to stop and do something—let’s call it a “request for action”. At one extreme the request may s | To complete this opening day of the course, take a few minutes to imagine yourself in each of the following ten pairs of opposite environments. Then compare and",TRUE,,,
"final four",,,5,"prose","The London four-day seminars became an annual event from 1985 to 1991 inclusive, and I had the same privilege of working with Dr Deming as his assistant at all  | W Edwards Deming died on 20 December 1993, at his home in Washington where he had lived since 1946, and just ten days after completing his final four-day semina | Moving on to the ""serious"" processes, you may have noticed that my pulse-rates on Chart D1 were rather unhealthily high. Chart D2 shows my pulse-rates for a lat",TRUE,,,
"final Major",,,5,"prose","The final major difference in Part C compared with elsewhere will be for you to read through two chapters from *DemDim* that you haven't previously looked at. I | Section 6 is your final Major Activity of the course. This encourages you to develop the implications of what you have learned during the course in the context  | As you read through these pages for the first time, highlight those parts which immediately strike you as being particularly relevant and/or interesting to you ",TRUE,,,
"final section",,,5,"prose","The final section of Prelude A was: ""Performing 'within limits'"". The study of whether a process is or is not performing within its limits, and what that implie | If you decided to work through the crash-course (Part D) then it may be quite a while since you read Part C. I shall therefore start by reproducing the final se | Let's start by revisiting the development of the two illustrations on pages 37–42 in Part D of (a) tossing two coins and counting the number of Heads and of (b)",TRUE,,,
"find probabilities",,,5,"prose","Both the binomial and normal distributions were introduced in Part D. The normal distribution was covered quite fully, so there is not much to add here: I shall | Finally, since the tables only go up to , how can we find probabilities for larger values of without needing to do a lot of arithmetic? For this purpose, and re | The published tables invariably apply directly just to the *standard* normal distribution, i.e. N(0,1), the normal distribution having mean 0 and variance 1. Fo",TRUE,,,
"fine ancestry",,,5,"prose","But what about those control-chart constants like 2.66? Now, some nice mathematics *is* needed in order to derive them. And it is true that they are derived usi | > ""… the fact that the criterion which we happen to use has a fine ancestry of highbrow statistical theorems does not justify its use. Such justification must c | The conventional statistician has sometimes produced some claims about control charts, claims that indeed have a very fine ancestry. But where is their empirica",TRUE,,,
"first control chart",,,5,"prose","But, before that, it is worth making the intriguing and salutary point that Shewhart himself started out thinking that the subject *could* be developed from the | !Shewhart's 1924 control chart — ""the very first control chart"" — with guidelines placed at just one standard deviation either side of the Central Line and the  | Finally, recall where we saw our first control chart: it was in the Red Beads Experiment. The control limits there were computed from all 24 of the available da",TRUE,,,
"first day",,,5,"prose","The course was of six months' duration. In the morning sessions the students had classroom interactions with the teachers. Then, in the afternoons, they worked  | On Days 2 and 3, the Major Activities will mainly be matters of time rather than requiring a great deal of deep thought. But, after Day 3, the Major Activities  | Although I hope you will find both this morning’s Overture and this afternoon’s “Deming story” to be mostly easy reading, there are times when you should be pre",TRUE,,,
"first place",,,5,"prose","So this summarises the sequence of learning, of acquiring knowledge. Actually, we could even have begun the sequence one step earlier. Why did the little boy—or | **Eliminate the need for mass inspection as a way to achieve quality** by building quality into the product in the first place. Require statistical evidence of  | In some areas at least, the world has fortunately moved on since Dr Deming came up with the third of his 14 Points. Dependence on mass inspection for quality ha",TRUE,,,
"first points fluctuate",,,5,"prose","A control chart of all 24 values from the first process, but with the control limits computed using only the first 12 (LCL ≈ 9.75, UCL ≈ 14.59, Central Line at  | A single 48-point control chart for Process A (totals when dice are thrown). The first 30 points fluctuate quietly inside the limits — stable. **Point 31 drops  | 48-point control chart for Process B (number of Heads when coins are tossed). The first ~38 points fluctuate quietly inside the limits. From around Point 39 the",TRUE,,,
"first published",,,5,"prose","As far as other books are concerned, I must of course begin with Dr Deming’s own famous *Out of the Crisis* (1986) and *The New Economics for Industry, Governme | I carried out some fairly important updates to *DemDim* in 1992, not long before *The New Economics* was first published, and I think there is little if any inc | Coincidentally, *DemDim* was first published at about the same time as the May 1990 version of the System of Profound Knowledge. However, as you will have just ",TRUE,,,
"first saw",,,5,"prose","Does that heading seem familiar? I’ll remind you a little later of where you first saw it. | However, before we begin, here's a warning. I first read about the Experiment on Red Beads at least three years before I first saw it carried out at Dr Deming's | As mentioned, the tables for the *DemDim* case are reproduced on these left-hand pages just as a reminder. If in doubt about anything, check back to the discuss",TRUE,,,
"first stage",,,5,"prose","As regards how knowledgeable somebody may become on control charts, it seems to me that there are three stages. The first stage is the *only* absolutely vital o | There are two stages in constructing a control chart. The first stage is simply to draw a run chart of the data; so here it is: | Recall that the very first stage in Rule 3 was identical to that in Rule 2 but, as was pointed out at the time, this was simply because the funnel was initially",TRUE,,,
"first step",,,5,"prose","An updated version of the Chain Reaction appears on *Out of the Crisis* page 3 (both editions). There the final three steps stay the same. The first step become | A six-column, four-row table of red-bead counts (workers across, weeks down). At this first step, only the very first cell — Worker 1, Week 1 — is filled in: a  | **2. [The supposition that solving problems, automation, gadgets, and new machinery will transform industry.] ** (*Out of the Crisis* page 108 [pages 127–128]; ",TRUE,,,
"First Strategy",,,5,"prose","So, what are those ""various possibilities"" of what you might do next? The most challenging approach would be to throw you in at the deep end and simply suggest  | So now go ahead with Rules 1 and 2 using the data you generated on Day 3. Again, your Rule 1 (Ford's Second Strategy) data are on Day 3 page 47 and the data fro | But once you have become familiar with any particular strategy then you may soon find you can carry on without continuing to use the track. Use it for as long a",TRUE,,,
"follow naturally",,,5,"prose","> ""The 14 points for management (Out of the Crisis, Ch. 2) in industry, education, and government follow naturally as application of this outside knowledge, for | > [""The 14 Points for management ... in industry, education, and government follow naturally as application of this outside knowledge, for transformation from t | Apart from a similar statement in the Preface and a brief reference to Point 1 on page 36 [51], this is in fact his only mention of the 14 Points *in the whole ",TRUE,,,
"following table",,,5,"prose","Note in the diagrams that the area in either tail of the normal distribution beyond 3σ from the mean μ is 0.135%. (This is what led to the existence of the firs | However, as mentioned earlier, the theory underlying where we place the control limits relates to standard deviations rather than to any other type of measure o | So let's see how to construct an *X̄-R* chart. As with the control charts for single values in the main text, we will need to use data collected over a few time",TRUE,,,
"fudging figures",,,5,"prose","Two particular problems with this attitude to quality are as follows (wherever the specifications originate). First, having worked to reach the standard or targ | An obvious trouble then is that it is the *number* which becomes the aim—as opposed to (a) *quality* being the aim and (b) the number (amongst many others) bein | However, despite getting into such sad short stories toward the end of today's material, I promise you that we'll finish on what I found to be a very positive n",TRUE,,,
"further away",,,5,"prose","[""A better description of the world is the Taguchi loss function""] said Deming on *Out of the Crisis* page 120 *[141]*. What's that when it's at home?! Basicall | Sooner or later, however, the marble will finish up rather further away from the target than previously which will, in Rule 3's case, position the funnel at tha | - In practice, data from many sources are mainly clustered around their average (mean) and occur less frequently further away from their mean—which is nicely il",TRUE,,,
"generating data",,,5,"prose","Since manual sampling is now effectively out of the question, we'll need to resort to computer simulations (and it won't be the last time in these Optional Extr | As you might guess from examining those figures, I was in fact generating data from N(36.8, 0.35²). | I thought it would first be interesting to go along with the conventional statistician by generating data from a normal distribution and then examining how good",TRUE,,,
"get closer",,,5,"prose","So Deming's statement is guidance for us to focus instead on what would be *best*, and work steadily to get closer and closer to it. It's called ""continual impr | Can you see what's happening? We are multiplying each possible value by the proportion of times that it occurs. But it is those very *proportions* that get clos | No: I don't intend to compute that unpleasant sum! We don't need to. Let's see what happens as . First, as we saw above, gets closer and closer to the distribut",TRUE,,,
"going back",,,5,"prose","Even before Prelude A began, we observed that Dr Deming, the man who largely catalysed the industrial turnround of Japan after World War Two, thought differentl | ### No going back | The other chapter for your additional reading is Chapter 7, which has the same title as above. Before turning to that chapter, I'll summarise the main features ",TRUE,,,
"good example",,,5,"prose","How about a brief explanation of ""enumerative studies"" in my own words? As we shall see later, an introductory course on conventional Statistics often begins by | For the results of the computer simulations shown here, I generated samples of various sizes from three continuous probability distributions. The first was one  | But small wonder that Ernie was so good. The truth is that he was the Plant Manager—the most senior of all those present. He had, of course, decided to set a go",TRUE,,,
"good intentions",,,5,"prose","This is a very common phenomenon (no pun intended!). Even when people get to understand the concept of common-cause variation, they almost always hopelessly und | I expect you will be familiar with the old saying that “the road to Hell is paved with good intentions”. Deming’s version, often repeated in his seminars, was: | But what could be wrong with good intentions and best efforts? Nothing—*if* (and that’s a big “if”) they are guided by genuine understanding. But if they are no",TRUE,,,
"grand total",,,5,"prose","**Step 6.** Finally, as shown in the table below and also in *DemDim* Figure 46, insert row totals in the right-hand column, column totals in the bottom row, an | **Step 8.** Step 7 included copying over the relevant row totals into the final column. Now complete Table Three by adding up and inserting on the bottom row th | **Step 12.** Finally, add up and write the new column totals and the grand total in the bottom row. Take a look at that grand total ...",TRUE,,,
"guide better",,,5,"prose","So Deming had a very different take on the word ""theory"". Theory is not the ""opposite"" to practice: to him, the purpose of theory was to guide *better* practice | So the truth is that the first of the three stages is strictly all you need to know in order to be able to understand Dr Deming’s *theory* of management, which  | And this use of the word does not just apply to statisticians! In Deming’s mind, the very *purpose* of theory is to help guide better *practice*. And if a theor",TRUE,,,
"guide better practice",,,5,"prose","So Deming had a very different take on the word ""theory"". Theory is not the ""opposite"" to practice: to him, the purpose of theory was to guide *better* practice | So the truth is that the first of the three stages is strictly all you need to know in order to be able to understand Dr Deming’s *theory* of management, which  | And this use of the word does not just apply to statisticians! In Deming’s mind, the very *purpose* of theory is to help guide better *practice*. And if a theor",TRUE,,,
"half hour",,,5,"prose","And for a third strong feature of the “New Climate”, I will quote from Dr Deming’s opening words in *Doctor’s Orders*, Central ITV’s half-hour 1988 documentary. | The company established a system of annual review for all employees. A software system was established plus training for all staff and reviewers. Each individua | There is one piece of advance reading that I shall definitely recommend for you near the start of each half-day. Later this afternoon I'll ask you to read some ",TRUE,,,
"hand drawn",,,5,"prose","Before considering the details, it would be useful to take a look at part of the rather famous hand-drawn *X̄-R* chart of which we have already seen something a | !Portion of the Tokai Rika *X̄-R* control chart brought back from Japan in 1982: hand-drawn on grid paper for October–November 1980, with daily subgroups of fou | A small hand-drawn sketch — the kind of run chart Peter Worthington's seminar delegates would draw when asked what ""random variation"" looks like. The line zig-z",TRUE,,,
"hand page",,,5,"prose","On each left-hand page I shall begin by stating the particular Point using the version in *DemDim* Chapter 3. As mentioned early today, these statements are all | So, having read through the top half of the left-hand page, please take each of the three foundations in turn, think about my suggestions of the link(s) between | Your first task is simply to collect together all of your 0--5 scores from Activities 10a–b and 11a–b into the table on page 4. If you haven't printed out an ex",TRUE,,,
"Heads times",,,5,"prose","| | | |-----------|---------| | 0 Heads: | 3 times | | 1 Head: | 6 times | | 2 Heads: | once | | | | | |-----------|----------| | 0 Heads: | 27 times | | 1 Head: | 53 times | | 2 Heads: | 20 times | | | | | |-----------|-------------| | 0 Heads: | 256 times | | 1 Head: | 502 times | | 2 Heads: | 242 times |",TRUE,,,
"Health Service",,,5,"prose","The Government judges by conformance to specifications. Think of the various Charters, league tables, etc, etc, … . A train meets the specification if it is no  | One of the stated aims of the British Government during the late 1990s was to reduce the number of people waiting for admission to NHS (National Health Service) | **Sweeping reforms of the National Health Service will be demanded by a public inquiry into one of the worst scandals in NHS history**",TRUE,,,
"hourly workers",,,5,"prose","**Remove the barriers that rob hourly workers, and people in management, of their right to pride of workmanship.** This implies, *inter alia*, abolition of the  | **POINT 12.** [Remove the barriers that rob hourly workers, and people in management, of their right to pride of workmanship.] *(Day 5 pages 12--13.)*",TRUE,,,
"hours preparation",,,5,"prose","## RECOMMENDED “OUT-OF-HOURS” PREPARATION | ## ""OUT-OF-HOURS"" PREPARATION FOR THE SECOND PROJECT | Second, you have now seen three short introductions to the System of Profound Knowledge: Peter Scholtes's diagram, the introduction in *DemDim* Chapter 18, and ",TRUE,,,
"house seminars",,,5,"prose","Firstly, there are a number of references in this course to events that were organised by the BDA and to the substantial series of BDA Booklets that were writte | >So, what’s new? The majority of the added material focuses on a remarkable statistical technique which, to all intents and purposes, was unknown at the time of | My public and in-house seminars on Dr Deming's work date from 1986. At that stage I simply offered a one-day introduction. Apart from a little historical backgr",TRUE,,,
"I'll ask",,,5,"prose","I'll ask you to look one more time at the Optional Extras, this time on page 49. Here we have the same pictures as you saw two pages earlier (page 47) but now w | Now, before we get into the details of the Red Beads Experiment, I'll ask you to take some time on a couple of important Pauses for Thought. I wish that, on tha | It is with those experiences in mind that I'll ask you to take on the role of Foreman twice more this afternoon: the two occasions that I've just introduced, fi",TRUE,,,
"I'll give",,,5,"prose","I collected together such a set of twelve charts a long while ago and always found them to be very useful for beginning to get my delegates and students used to | The ""mindless rule"" of course has the advantages of being both easy to express and easy to use. But how can we express the wiser approach to interpreting contro | If you are reading a printout of what follows, or alternatively have a two-page display on-screen, you will see that full-size Tables One to Five are on the rig",TRUE,,,
"ideal temperature",,,5,"prose","**1.** Write down what you would regard as the most comfortable, the ""ideal"", temperature for your work: | **3.** Presumably, whatever work you are doing, you will do it best at your ""ideal"" temperature. So let's represent that amount and quality of work done at the ",TRUE,,,
"immediately see",,,5,"prose","Interpreting the red beads as ""defective items"", we immediately see that the method for computing the limits described there is indeed appropriate for Red Beads | In this case where you don't move the funnel at all, you may be able to stop using the track almost straight-away. As I've just said, you simply put the funnel  | A company was having trouble with a cutting operation for metal rods, etc—or, rather, its customers were having trouble! The cutting process had been designed t",TRUE,,,
"important point",,,5,"prose","Apart from the feature of possibly wandering off to relatively enormous distances from wherever it starts, there is another aspect of Rule 4 which is often seen | Suppose we are studying a particular process. Let's assume we know of five factors that are likely to be affecting its performance. After observing the process  | Apologies if all this seems to have been something of an elaborate hoax—although I have given you plenty of clues that all might not be as it seemed! There was ",TRUE,,,
"Improve constantly",,,5,"prose","**Improve constantly and forever the system** of planning, production, and service, in order to improve every process and activity in the company, to improve qu | **POINT 5.** [Improve constantly and for ever the system.] *(Day 4 pages 24--25.)*",TRUE,,,
"individual student",,,5,"prose","Although, as always, I am including some suggested timings, today's very straightforward four-part structure will make it easy for you to adapt them, if desired | Finally, while developing this course, I have primarily been thinking of it as being used for self-study so that, in particular, the activities are reasonable a",TRUE,,,
"institute leadership aimed",,,5,"prose","**Adopt and institute leadership aimed at helping people to do a better job.** The responsibility of managers and supervisors must be changed from sheer numbers | **POINT 7.** [Adopt and institute leadership aimed at helping people to do a better job.] *(Day 5 pages 2--3.)*",TRUE,,,
"Institute modern",,,5,"prose","**Institute modern methods of training** for everybody's job, including management, to make better use of every employee. New skills are required to keep up wit | **POINT 6.** [Institute modern methods of training.] *(Day 4 pages 26--27.)*",TRUE,,,
"Institute modern methods",,,5,"prose","**Institute modern methods of training** for everybody's job, including management, to make better use of every employee. New skills are required to keep up wit | **POINT 6.** [Institute modern methods of training.] *(Day 4 pages 26--27.)*",TRUE,,,
"interpret control",,,5,"prose","- A very long while ago, I used to teach control-charting the “conventional” way, i.e. trying to interpret control limits in terms of probabilities, saying that | - Awareness of the distinction between common and special causes of variation and of how to interpret control charts; - Learning how to ask the right questions; | Let me re-emphasise that what follows, all the way up to page 34, is effectively ""extra-curricular"" as far as this course is concerned. Neither this afternoon's",TRUE,,,
"introductory Statistics course",,,5,"prose","- Introduction - Part A: Using control charts on Funnel Experiment data — an extension of Major Activity 3–h 1. Introduction 2. Rules 1 and 2 of the Funnel *(** | So I'd better try some brief explanations in my own words! ""Analytic studies"" are indeed what we have been involved with, particularly in the early days of *12  | ### A typical syllabus for an introductory Statistics course",TRUE,,,
"invisible figures",,,5,"prose","With that summary of invisible figures in mind, the obstructive effect to real quality of dependence on only visible figures becomes immediately evident—frighte | The summary already includes the value of a specific team as amongst the important invisible figures. How much more massive and yet invisible (regarding actual  | The big gain is not the \$500 per year that the men saved. What is important is that these men could now take pride in the improvement. They felt important to t",TRUE,,,
"it's easy",,,5,"prose","Attempting to judge quality as conformance to specifications has one advantage for those doing the judging: it's easy! Set a specification (i.e. choose one or t | [] In this sort of case, the sample mean cannot really do a very good job of genuinely reflecting the typical kind of values being recorded: it will still be a  | The best way to do this that I can think of is to employ a very useful technique called ""mathematical induction"". Mathematical induction works in a case such as",TRUE,,,
"it's rather",,,5,"prose","And how about the second of the pair of control charts, the *R*-chart, on which we plot subgroup ranges? Obviously enough, the Central Line here will be the mea | If the value of σ is known then the first and last parts of this relationship can be evaluated, thus providing an interval within which we ""are 95% confident th | It should also be noted that there is a considerable non-symmetry in such a testing procedure. If we consider continuous distributions in particular then, while",TRUE,,,
"it's time",,,5,"prose","Of course, usually our sample sizes *n* are rather small compared with "" ""! But what makes the Central Limit Theorem even more attractive is that, almost always | Next, as I had to do when running the experiment for the statisticians, it's time for you to multi-task! You now take over as the Recorder and draw a run chart  | Now it's time to take a break to watch the video *Management's Five Deadly Diseases* (see the link on page 1). Delegates used to appreciate my description of th",TRUE,,,
"job hopping",,,5,"prose","## Disease 4. Management job-hopping *( )* | It is evident that mobility of management increases variation; how could it do otherwise? In the case of a ""job-hopping"" culture as opposed to a learning cultur | This really is a vital part of your learning. The 14 Points and the Diseases cover a multitude of topics: they include leadership, training, education, the impo",TRUE,,,
"Ken ichi",,,5,"prose","KOYANAGI Ken-Ichi, *The Deming Prize*. See under ""Booklets"". | KOYANAGI Ken-Ichi, *The Deming Prize*. Union of Japanese Scientists and Engineers (JUSE), 1960. | !Ken-ichi Koyanagi with Dr Deming",TRUE,,,
"kind enough",,,5,"prose","The process appears to be in statistical control, but the distance from the Central Line to either Specification Limit is only around 4.5σ rather than the desir | While speaking with a headteacher some years ago, he mentioned his school's ""Grade C club"". Seeing my puzzled look, he was kind enough to tell me what it was. I | Instead however, as described earlier, the Major Activity here is based on the idea of the exercise which occupies the final nine pages of *DemDim* Chapter 15. ",TRUE,,,
"know it's",,,5,"prose","So if you obtained either of those short control charts in practice then there'd have been no point in extending their control limits into the future. The purpo | Let's say (a) it's easy to see that the result is true for . Then we no longer have to *assume* it's true for : we *know* it's true! But that means we can use ( | *M:* I don't know. It's not my Department.",TRUE,,,
"large number",,,5,"prose","As already implied when referring to random sampling, many examples of probability calculations, both at the introductory stage and later, make use of considera | I therefore wrote a program to generate a large number of series of data from a normal distribution having σ = 1, and in each case calculate *MR̄* ÷ 1.128. I ch | Drawing a run chart is straightforward. Of course, with a very large number of data-points such as were used for the run chart alongside, it would also be very ",TRUE,,,
"league table",,,5,"prose","* It’s certainly one in which far greater respect is paid to what psychologists call “intrinsic” motivation, as opposed to “extrinsic” motivation which is sadly | While speaking with a headteacher some years ago, he mentioned his school's ""Grade C club"". Seeing my puzzled look, he was kind enough to tell me what it was. I | Targets, appraisals, pay for performance, league-tabling, and all the rest: one aspect common to them all is the use of ""performance indicators"". A target is se",TRUE,,,
"learning material",,,5,"prose","The full course material is available as free PDF downloads from several sources, including the New Zealand Organisation for Quality (NZOQ) and SPC Press. These | I began drafting some distance-learning material based on Dr Deming’s invaluable teaching as long ago as 1999. But various events, combined with lack of time, i | By the end of 2012, I had begun to feel confident that I could incorporate much more of the experience that I had thus gained over those years into what I had s",TRUE,,,
"Let me tell",,,5,"prose","Let me tell you about a fancy-dress festival organised as part of a school gathering at a famous school in Pune. All the children came dressed in the most ridic | Today, when I teach my students about how Dr Deming's teachings have been abused, I talk to them about the ""Six-Sigma Superstition"". I'm sure you'll love the wa | In case that might be possible, let me tell you what I did in my seminars. As you will remember, Dr Nelson's original version of the experiment is rather tricky",TRUE,,,
"Let's look",,,5,"prose","Let's look at a couple of true stories to illustrate these important matters. | Again let's look first at the short control charts of the two simulations. The second one does not appear to have anything much to tell us, but I suggest the fi | Let's look straightaway at results from the simulation study:",TRUE,,,
"Let's recall",,,5,"prose","Apart from the feature of possibly wandering off to relatively enormous distances from wherever it starts, there is another aspect of Rule 4 which is often seen | Let's recall Deming's very first words today: he defined a system as: [""a network of … components … that work together for the aim … ""] . I then immediately emp | Let's recall a couple of short extracts from Day 1. Firstly from , when discussing what is meant by ""understanding variation"", we had:",TRUE,,,
"let's return",,,5,"prose","After writing so much on what can and does go wrong, let's return to the System of Profound Knowledge. In case you might find it helpful, I would like to give y | [] Finally as far as variances are concerned, let's return to that mystery of why, given a random sample of size , the sample variance was defined with the divi | Now, also as previously promised, let's return to the illustrative example with which we started Day 2. So, if you need to, take a quick look back at the first ",TRUE,,,
"lie between",,,5,"prose","(2) Control limits inform us about the extent of variation being produced by the system. It follows that *where* a result lies between those limits—relatively h | A run chart of all 24 red-bead counts in time order, with no control limits yet. Most points lie between 6 and 12. Two points stand out from the rest: the value | Having now seen our first control chart, it won't be difficult for you to guess how it helps us to discriminate between the two states. The simplest guidance (w",TRUE,,,
"limits computed",,,5,"prose","Apart from the feature of possibly wandering off to relatively enormous distances from wherever it starts, there is another aspect of Rule 4 which is often seen | [] In this sort of case, the sample mean cannot really do a very good job of genuinely reflecting the typical kind of values being recorded: it will still be a  | A control chart of all 24 values from the first process, but with the control limits computed using only the first 12 (LCL ≈ 9.75, UCL ≈ 14.59, Central Line at ",TRUE,,,
"limits used",,,5,"prose","> ""Points outside the limits are noted on September 25 and 26, 1980. Having noted that exceptional variation was present, they looked for the Assignable *[Speci | Before returning to the matter of how to easily obtain numerical values for all those binomial probabilities (binomial coefficients and all!) there is one loose | Lastly, although we have been using Charts A3–F3 in this discussion, do not forget the importance of Charts A2–F2. These showed control limits which had been co",TRUE,,,
"little girl",,,5,"prose","A little girl comes to you and asks you why the Sun is so bright. You promptly reply: ""Because it is very hot"". (""Very Hot ⇒ Bright."") Very quickly she associat | So how do we create theory? How do we start? We have seen some different ways. First, the young boy observed the scooter starting and wondered: ""What makes it s | These were the starting-points in the three cases. Then what? In the case of the young boy, he began to observe carefully and eventually came up with his initia",TRUE,,,
"little trouble",,,5,"prose","> “ ... the harder they tried, the worse were the effects. … When anything bad occurred, they went to work on it to try to correct it. A noble aim. There was on | > “ ... the harder they tried, the worse were the effects. The more they tried to shrink variation, the larger it got. They were naturally also interested in cu | ""Part of Western Electric's business involved making equipment for telephone systems. The aim was, of course, reliability: to make things alike so that people c",TRUE,,,
"little while later",,,5,"prose","> A little boy is in the bath (or, in view of the American source, I guess I should say ""tub""!). He shouts for help: > > *Little boy:* The water's too cold! > > | > ""When introducing control charts (for one-at-a-time data) to delegates at my seminars, reactions were usually very positive, even from those who started out b | When introducing control charts (for one-at-a-time data) to delegates at my seminars, reactions were usually very positive, even from those who started out by s",TRUE,,,
"long Rule",,,5,"prose","!Two long Rule 1 control charts, each continuing the baseline (red) with a green extension to 50 points; both remain comfortably inside the control limits throu | !First long Rule 2 control chart: persistent zig-zag pattern throughout all 50 points, with the run line never approaching either control limit — the hugging-th | !Second long Rule 2 control chart: a less pronounced but still noticeably tight pattern — none of the 50 values come close to either the upper or lower control ",TRUE,,,
"long Rule control",,,5,"prose","!Two long Rule 1 control charts, each continuing the baseline (red) with a green extension to 50 points; both remain comfortably inside the control limits throu | !First long Rule 2 control chart: persistent zig-zag pattern throughout all 50 points, with the run line never approaching either control limit — the hugging-th | !Second long Rule 2 control chart: a less pronounced but still noticeably tight pattern — none of the 50 values come close to either the upper or lower control ",TRUE,,,
"long term proportion",,,5,"prose","The almost automatic presumption that the long-term proportion of red beads obtained in the experiment must equal the proportion of red beads in the container i | - Summarising ""raw data"" through pictures such as histograms and the calculation of ""sample statistics"" such as the sample mean *X̄* and the sample standard dev | The idea of the *probability* of an *event* occurring in some particular situation is often described in terms of the *long-term proportion of occurrences* of t",TRUE,,,
"look ahead",,,5,"prose","All four types of request for action just discussed are clearly signalled in the text. On each day, the Pauses for Thought and Activities are sequentially label | My friend Malcolm Gall once pointed out to me that a ""Scientific Approach""—which I suppose might be interpreted as something like a ""Purely Logical Approach""—ma | Today's study is, in essence, structured in four parts. The work just described on conformance to specifications is the third of those four parts, and the Major",TRUE,,,
"look forward",,,5,"prose","Now, don't start jumping to wrong conclusions here. What he meant was that, if my learning process were known and understood, and I was therefore put onto the a | So, as we shall see on the next page, in *The New Economics* Dr Deming said that our need is to [""restore the individual, and do so in the complexities of inter | Careless thought about the concept of “average” can have various peculiar consequences, either serious or humorous depending upon circumstances. I relate a few ",TRUE,,,
"lower control limits",,,5,"prose","The upper and lower control limits for the statisticians’ data are UCL = 16.4 and LCL = 0.5. | The upper and lower control limits for the Spaniards’ data are UCL = 20.1 and LCL = 2.4. | Finally, the distance from out to the two control limits is . This gives the upper and lower control limits as",TRUE,,,
"main themes",,,5,"prose","Continuing the musical analogy, let's suppose you've arranged an evening out at a theatre to enjoy some kind of musical production. Perhaps it's a light modern  | In that optional excursion into the Appendix to discuss the first paradox, I included a couple of recommendations of books which will be useful if at some stage | Finally, just as a passing comment for now but of great relevance to what follows later in the course, here are two other word-counts from Dr Deming’s contribut",TRUE,,,
"major issues",,,5,"prose","In a nutshell, Peter Scholtes's ""tremendously good guidance"" referenced on regarding major issues was that, in general, management needs to start to develop som | As will have been clear to you on Day 6, during the 1980s Gallery Furniture was infested with many of the major issues discussed yesterday and more besides: app | As mentioned when we first saw it on Day 1, Peter's diagram of the System of Profound Knowledge immediately depicts the interlinking nature of the four parts of",TRUE,,,
"management Day",,,5,"prose","**POINT 11.** [Eliminate work standards that prescribe quotas for the workforce and numerical goals for people in management.] *(Day 5 pages 10--11.)* | **Quality, theory, philosophy, management...** (Day 1 pages 20–22)",TRUE,,,
"management Day pages",,,5,"prose","**POINT 11.** [Eliminate work standards that prescribe quotas for the workforce and numerical goals for people in management.] *(Day 5 pages 10--11.)* | **Quality, theory, philosophy, management...** (Day 1 pages 20–22)",TRUE,,,
"management's permanent",,,5,"prose","**Clearly define top management's permanent commitment to ever-improving quality and productivity,** and their obligation to implement all of these principles.  | **POINT 14.** [Clearly define top management's permanent commitment to ever-improving quality and productivity.] *(Day 5 pages 16--17.)*",TRUE,,,
"management's permanent commitment",,,5,"prose","**Clearly define top management's permanent commitment to ever-improving quality and productivity,** and their obligation to implement all of these principles.  | **POINT 14.** [Clearly define top management's permanent commitment to ever-improving quality and productivity.] *(Day 5 pages 16--17.)*",TRUE,,,
"many organisations",,,5,"prose","Training budgets in many organisations are absurdly small. So how do people learn the skills necessary for their jobs? Notice Deming's emphasis in his second se | The three-word heading to this Point is one that everybody who has heard or read it seems to easily remember. Perhaps that is because it is one of the bluntest  | Many organisations protest that this does not reflect *their* appraisal system—that is there to help the individual, for coaching, for seeing how management can",TRUE,,,
"many ways",,,5,"prose","Again, is all this really as pessimistic as it sounds? No, it is not. Although it is not possible to gain ""complete"" knowledge about a system, there are most ce | Quite simply, the Quality Circle concept was created as one of many ways to promote cooperation and learning. Let me now take this a step further. I would like  | Shewhart, in so many ways, became Deming’s *mentor*. A mentor is a priceless asset: someone in whom we can trust, and from whom we can thus confidently learn. D",TRUE,,,
"marble finishes",,,5,"prose","With the equipment as described, when the marble is dropped through the funnel it will finish up either to the left or right of the funnel or sometimes directly | In contrast to Rule 2, let's now be relatively idle by simply putting the funnel at 30 and *leaving it there, irrespective* of the outcomes, i.e. of where the m | In this case where you don't move the funnel at all, you may be able to stop using the track almost straight-away. As I've just said, you simply put the funnel ",TRUE,,,
"mathematical derivations",,,5,"prose","So it is not surprising that conventional statisticians often use the normal distribution in their mathematical derivations with the hope that their results wil | The answer to the first pair of questions is that, quite simply, despite being easier and quicker for you and me to calculate, the MAD turns out to be very awkw | Such symbolism often looks pretty scary to newcomers but, as you can see, its purpose is simply to provide a mathematical ""shorthand"" to prevent mathematical de",TRUE,,,
"mathematical models",,,5,"prose","You know that in 1985 I initially thought of Dr Deming as a statistician and a fine mathematician. Of course, I soon found out that he was much more than either | *Right!* So where does that leave those who depend in practical applications only on standard statistical theory based on ideal mathematical models and random s | **6. [Poor teaching of statistical methods in industry.] ** (*Out of the Crisis* pages 111–113[131–133]; Appendix pages 33–34.) A basic problem here is that the",TRUE,,,
"mathrm text",,,5,"prose","$$\begin \mathrm (3 \text ) &= \mathrm (\text six on the second die \emph six on the third die}) \\ &= \mathrm (\text ) . \mathrm (\text ) . \mathrm (\text ) \\",TRUE,,,
"maybe even",,,5,"prose","Indeed, ranking and rating are not just senseless—they are harmful. Reflecting the question posed on page 1, why should people [""work together""] (for the advant | The HR Manager calculated the average: 9.38. Ah! we see that the first three workers all produced less than the average number of rejects, the second three prod | So the All-Knowing, looking down at the system from on high, has full comprehension of it. But to the Un-Knowing, looking up at it from floor level, it is far t",TRUE,,,
"me tell",,,5,"prose","Let me tell you about a fancy-dress festival organised as part of a school gathering at a famous school in Pune. All the children came dressed in the most ridic | Today, when I teach my students about how Dr Deming's teachings have been abused, I talk to them about the ""Six-Sigma Superstition"". I'm sure you'll love the wa | In case that might be possible, let me tell you what I did in my seminars. As you will remember, Dr Nelson's original version of the experiment is rather tricky",TRUE,,,
"measurement process",,,5,"prose","However, as you would expect, it was pretty difficult to figure out how to upset the Red Beads data! All I could think of was (for the final six points) to add  | 48-point control chart for Process C (numbers of red beads from the Red Beads Experiment). Points 1–42 fluctuate inside the limits in the familiar Red Beads pat | [*The quality of the* **measurement process** *itself seems to be too little considered by conventional statisticians, let alone non-statisticians. The numbers ",TRUE,,,
"medium sized",,,5,"prose","In the 1970s, a medium-sized American company, the Nashua Corporation, was an agent for copying machines made by Ricoh, the well-known Japanese manufacturer. In | But Mack was not in that ""large majority of circumstances"". His situation was far more favourable than most. For a start, he was (and still is at this time of w | Finally, while developing this course, I have primarily been thinking of it as being used for self-study so that, in particular, the activities are reasonable a",TRUE,,,
"met Dr",,,5,"prose","But let me repeat my above warning: ""I must advise you *not* to copy *[such a method of data-collection]* unless you already have really considerable knowledge  | But even the conventional statistician will probably not be familiar with some or all of what I shall now introduce—so you're on a level playing-field for the t | A couple of points of clarification will be useful here. Firstly, the original editions of these little books of Statistics Tables were published as long ago as",TRUE,,,
"Mitch Beedie",,,5,"prose","Yet again, the thrust of this Point is that the lack of quality, productivity, behaviour, performance—just about everything—comes from the system (common causes | On the other hand, you may of course *wish* to learn a little more or even a lot more about control charts. In that case I’ll mention three possibilities which  | So almost everything that follows here has been told to me by friends who were only too happy to let me publish their stories. However, in some cases they were,",TRUE,,,
"modern methods",,,5,"prose","**Institute modern methods of training** for everybody's job, including management, to make better use of every employee. New skills are required to keep up wit | **POINT 6.** [Institute modern methods of training.] *(Day 4 pages 26--27.)*",TRUE,,,
"Modern principles",,,5,"prose","Early on Day 5 we looked at the page of ""Attributes of a Leader"" (*DemDim* page 335) which Dr Deming started to use in some four-day seminars around 1989. That  | ### Modern principles of leadership | > “Modern principles of leadership ... will replace the annual performance review. The first step in a company will be to provide education in leadership. The a",TRUE,,,
"much worse",,,5,"prose","But what could be wrong with good intentions and best efforts? Nothing—*if* (and that’s a big “if”) they are guided by genuine understanding. But if they are no | At the end of each week you hold a “progress meeting” to comment on the results. Let’s look on the grim side to start with! How much worse than the average of 1 | So, to repeat the above question, how much worse than the average of 10 dissatisfied callers would the result need to be for you to feel justified in at least c",TRUE,,,
"multiplication rule",,,5,"prose","But what about the expected value of the *product* of two random variables? (""Product"" is the jargon for *multiplying* two or more things together.) So is equal | In other words, we were (quite reasonably!) *assuming* that the three events ""six on the first die"" and ""six on the second die"" and ""six on the third die"" were  | In order to prove this important multiplication rule for expected values, i.e. that if and are *independent* random variables then , it's easiest to first verif",TRUE,,,
"must come",,,5,"prose","Deming told Japan's leadership that industry, government, education and healthcare must come together as a system and work forward getting Japan out of their cr | Well, there is nothing wrong with earning; but there is a need for people to understand that they also have a duty to make a contribution—be it to industry, to  | But what about those control-chart constants like 2.66? Now, some nice mathematics *is* needed in order to derive them. And it is true that they are derived usi",TRUE,,,
"my career",,,5,"prose","So I'd better try some brief explanations in my own words! ""Analytic studies"" are indeed what we have been involved with, particularly in the early days of *12  | [] Now, don't get me wrong. I'm not trying to imply that, because the Mathematician's assumptions are rarely if ever attainable in practice, Mathematics is usel | >So, what’s new? The majority of the added material focuses on a remarkable statistical technique which, to all intents and purposes, was unknown at the time of",TRUE,,,
"my comments",,,5,"prose","My public and in-house seminars on Dr Deming's work date from 1986. At that stage I simply offered a one-day introduction. Apart from a little historical backgr | Nowadays, as I re-read my comments on the 14 Points in *DemDim* Chapter 3, which are largely based on those which I included in my earlier materials, it is almo | An obvious trouble then is that it is the *number* which becomes the aim—as opposed to (a) *quality* being the aim and (b) the number (amongst many others) bein",TRUE,,,
"my good",,,5,"prose","Finally, during the second half of *12 Days to Deming*, you will be reading some excellent material by my good friend Balaji Reddie, founder of the Deming Forum | However, *all* we see in the main material of this course that is related to the subject of Statistics is what I like to summarise in just two words: “understan | Having just raised the matter of ""patterns"", I would like to mention something that my good friend Dr Peter Worthington often did near the beginning of some of ",TRUE,,,
"my good friend",,,5,"prose","Finally, during the second half of *12 Days to Deming*, you will be reading some excellent material by my good friend Balaji Reddie, founder of the Deming Forum | However, *all* we see in the main material of this course that is related to the subject of Statistics is what I like to summarise in just two words: “understan | Having just raised the matter of ""patterns"", I would like to mention something that my good friend Dr Peter Worthington often did near the beginning of some of ",TRUE,,,
"my pulse",,,5,"prose","Apart from the feature of possibly wandering off to relatively enormous distances from wherever it starts, there is another aspect of Rule 4 which is often seen | Regarding the ""serious"" processes, where nobody is ""All-Knowing"", the charts for Process D show my pulse-rate taken at breakfast-time over a period of 24 consec | Moving on to the ""serious"" processes, you may have noticed that my pulse-rates on Chart D1 were rather unhealthily high. Chart D2 shows my pulse-rates for a lat",TRUE,,,
"my students",,,5,"prose","I remember a nasty joke one of my students blurted out when I mentioned this in class. He said: ""If you keep looking at your competitor and what he is doing whe | Today, when I teach my students about how Dr Deming's teachings have been abused, I talk to them about the ""Six-Sigma Superstition"". I'm sure you'll love the wa | That's well expressed, Jackie. Yes, that is indeed what I would love my students to do.",TRUE,,,
"natural process limits",,,5,"prose","It is when processes are *only* being affected by such inherent causes that they fluctuate between their natural process limits. We say that processes are ""norm | Do you remember how to compute those natural process limits? Deming usually called them the ""control limits"". You may have to do it on Day 3. Day 3 may seem a l | This method of determining process limits can be used for many kinds of processes. For instance, it has been used extensively in the field of medicine. When we ",TRUE,,,
"Nelson's original version",,,5,"prose","So, returning to our version of the Funnel Experiment, if tampering doesn't do any good (to put it mildly), how might we really ""improve the process"", i.e. redu | As you know, **Rule 1** simply produces the unadulterated data coming from the underlying process of throwing the dice or, in Dr Nelson's original version of th | In case that might be possible, let me tell you what I did in my seminars. As you will remember, Dr Nelson's original version of the experiment is rather tricky",TRUE,,,
"new edition",,,5,"prose",">So, what’s new? The majority of the added material focuses on a remarkable statistical technique which, to all intents and purposes, was unknown at the time of | NB New editions of *Out of the Crisis* (Second Edition) and *The New Economics* (Third Edition) were published in 2018, both now including contributions from re | These really were ""honest"" data—I didn't keep on throwing the dice until I obtained a sequence which would make a good story! Indeed, it didn't even occur to me",TRUE,,,
"new product",,,5,"prose","That note was written by Dr Deming's elder daughter, Diana. One of the most distinguishing features of the Deming philosophy is the understanding of the pros an | For illustration, imagine we have just launched a new product on the market, and consider how its monthly sales figures might develop and how the management mig | Despite what can be gained by using pictures rather than lists or tables of numbers, such monthly management data are often interpreted without using run charts",TRUE,,,
"normally distributed data",,,5,"prose","- A very long while ago, I used to teach control-charting the “conventional” way, i.e. trying to interpret control limits in terms of probabilities, saying that | Nevertheless, the normal distribution has such appealing mathematical properties for the conventional statistician that I need to tell you a little more about i | - Introduction - Part A: Using control charts on Funnel Experiment data — an extension of Major Activity 3–h 1. Introduction 2. Rules 1 and 2 of the Funnel *(**",TRUE,,,
"nothing else",,,5,"prose","Having worked with some thousands of delegates at my seminars over the years, I am particularly conscious of the need to treat those on Stats-level 0 very gentl | —both [A] and [B]. Now, [A] is very generally applicable to different kinds of processes that we are concerned with in practice but, of course, [B] is not. In p | Obviously, all that the control chart ""knows"" anything about is how to help us interpret data from a process. It knows nothing else. So, in that sense, it plays",TRUE,,,
"now become",,,5,"prose","With subgrouped data it is usual to construct not just one but *two* control charts, one for the subgroup *means* (the term introduced in the previous section f | But remember, as I emphasised in Pause for Thought 2–a, ""these were not real sales figures, and this was not a real management team"". Why did I use artificial d | Before we begin, a few words about the nature and purpose of the Funnel Experiment, some of which you will recognise as having been just as relevant to the Red ",TRUE,,,
"Now read",,,5,"prose","As an introduction to the Activity, please now **read the final section of *DemDim* Chapter 15 (pages 232–240)**. Read it reasonably carefully in order to get t | Second, we have the short introduction to the System of Profound Knowledge in *DemDim*. Soon after you start reading it, you will recognise that it is not in my | Now read through *DemDim* pages 264–270, revising your earlier comments and adding any new points below.",TRUE,,,
"now take",,,5,"prose","The big gain is not the \$500 per year that the men saved. What is important is that these men could now take pride in the improvement. They felt important to t | Quite simply, the Quality Circle concept was created as one of many ways to promote cooperation and learning. Let me now take this a step further. I would like  | Let's now take the whole set of results from this run of the experiment and summarise some of the Foreman's reactions and comments. Knowing something of the kin",TRUE,,,
"often described",,,5,"prose","A useful start is a sentence from : [""If you are uncomfortable with the use of the concept of 'distribution' … , you can simply think in terms of a histogram ha | As a consequence of its interconnectedness, it is important to realise that we cannot hope to understand a system by simply breaking it down into its separate c | If you'd like to examine this period by drawing the *X̄-R* chart on the graph-paper below, you will see that the process remained in control during this time, a",TRUE,,,
"only make",,,5,"prose","It was related to me during a seminar that the management of a company that makes furniture, doing well, took it into their heads to expand their line into pian | Dr Shewhart decided that this was the root of Western Electric's problems. They were failing to understand the difference between common causes and special caus | On page 2 Dr Deming claimed that, if we mix up the two types of variation, ""we only make things worse. This is easy to prove."" So let's prove it! Here is a well",TRUE,,,
"optional extra",,,5,"prose","Yes: this material *is* all ""optional extra"". Your understanding of the main material of *12 Days to Deming* does *not* depend on your reading any of this. So t | On Days 2 and 3 and during parts of both of the projects, the emphasis was on understanding variation and why that is useful, and the role it plays in the impro | Assuming you do not have much or any background in conventional Statistics, this section will (like the first section) contain some words, terms and phrases wit",TRUE,,,
"optional material",,,5,"prose","Actually, the good news is that, for the purpose of constructing and using control charts for a-few-at-a-time data, i.e. using *subgroups* rather than one-at-a- | That is clearly a matter touching upon the very management philosophy and approach of the organisation in which the control charts are being used—thus it is str | And lastly, if you are *really* keen to have a comprehensive introduction to control charts—going well beyond what is necessary for this course—there is the fai",TRUE,,,
"org uk",,,5,"prose","Deming Transformation Forum (UK): www.deming.org.uk | Firstly, there are a number of references in this course to events that were organised by the BDA and to the substantial series of BDA Booklets that were writte | [^a]: On 6 July 1989 Dr Deming spoke at a meeting which was organised by the Association Française Edwards Deming and held at the Palace of Versailles. I was pr",TRUE,,,
"organisation Day",,,5,"prose","**POINT 8.** [Encourage effective two-way communication and other means to drive out fear throughout the organisation.] *(Day 5 pages 4--5.)* | **Activities, Major Activities, Pauses for Thought, Projects and ""Your Organisation""** (Day 1 pages 14–15)",TRUE,,,
"organisation Day pages",,,5,"prose","**POINT 8.** [Encourage effective two-way communication and other means to drive out fear throughout the organisation.] *(Day 5 pages 4--5.)* | **Activities, Major Activities, Pauses for Thought, Projects and ""Your Organisation""** (Day 1 pages 14–15)",TRUE,,,
"other kind",,,5,"prose","> “So what shall we do? Anyone can set for himself a clean record from this hour henceforth on *one* of the two mistakes. But, if he does, he will achieve the m | All evidence points to the fallacy of this supposition. Competent men in every position, if they are doing their best, know all there is to know about their wor | You may be quite used to trying to convert a collection of notes into a more organised form in preparation for writing up a report or some other kind of documen",TRUE,,,
"other means",,,5,"prose","**Encourage effective two-way communication and other means to drive out fear throughout the organisation** so that everybody may work effectively and more prod | **POINT 8.** [Encourage effective two-way communication and other means to drive out fear throughout the organisation.] *(Day 5 pages 4--5.)*",TRUE,,,
"other occasions",,,5,"prose","Remember Dr Deming's familiar observation: [""Quality is made at the top""] (which was discussed on in the very first Pause for Thought) or equivalently, on other | Furthermore, doesn't that type of management behaviour remind you of what you were doing yesterday when playing the part of the Foreman in the Red Beads Experim | *This picture and that of Mack on the previous page are stills from the NTSC video of the event—and so, as on a few other occasions in this material (particular",TRUE,,,
"own control",,,5,"prose","So, what are those ""various possibilities"" of what you might do next? The most challenging approach would be to throw you in at the deep end and simply suggest  | So the Recorder in the Red Beads Experiment has a final task to complete: to draw a control chart of the data he has just been recording. Unfortunately, althoug | **NB** We have now reached the stage where I strongly advise Stats-level 0 students and, even more so, Stats-level 00 students *not* to work hard at the followi",TRUE,,,
"own data",,,5,"prose","Having worked on control charts for all four Rules using your own data, then move on to my control charts and discussion, starting on page 9, for the two simula | A possibly more appealing approach might be to reverse the suggestions I've just made. That is, *first* read the material on my two simulations beginning on pag | As usual, there are ""pros and cons"" regarding this alternative method. I have already discussed the important ""pro"": its relative resistance to the effect of a ",TRUE,,,
"own work",,,5,"prose","Since there is considerable discussion on the Funnel Experiment in *DemDim* Chapter 5 and also in both *Out of the Crisis* (pages 280–284 [327–332]) and *The Ne | Rule 2 is the case where, as we know both from the Ford example and from your own work in the Major Activity, the situation is undesirable compared with Rule 1, | Let's now summarise and develop what we have learned in these last few pages. Note that we haven't really been studying the four processes in terms of control c",TRUE,,,
"page Deming",,,5,"prose","You will probably be familiar with Charles Darwin's famous expression: ""Survival of the Fittest"". People have often interpreted this in the sense of ""Red in Too | It’s not surprising that there should have been such a change or development of emphasis in Dr Deming’s teaching in the late 1980s. An inevitable consequence of | **5. [Obsolescence in Schools [i.e. Schools of Business].] ** (*Out of the Crisis* pages 110–111[130–131]; Appendix page 33.) On *Out of the Crisis* page 110[13",TRUE,,,
"per cent",,,5,"prose","> *""The inspector was insecure, in fear. Rumour had it throughout the plant that the manager would close the plant down and sweep it out if the proportion defec | - Sending pupils home for disciplinary reasons without recording it as an exclusion—6.7 per cent of schools were guilty of this (1,600 schools) | - Sending children with statements of special education needs home if their teaching assistant is unavailable—2.7 per cent (650 schools)",TRUE,,,
"per worker",,,5,"prose","One important fact to learn and appreciate is how *large* common-cause variation (variation produced by the system) can be. With 20% of the beads being red, it  | Several further “profound messages” are to be found in the references provided earlier. But I shall content myself here with just one more. And this is (or shou | A work standard is prescribed: 50 units of production per worker per week. It is important that this standard be achieved and maintained. If production were to ",TRUE,,,
"per worker per",,,5,"prose","One important fact to learn and appreciate is how *large* common-cause variation (variation produced by the system) can be. With 20% of the beads being red, it  | Several further “profound messages” are to be found in the references provided earlier. But I shall content myself here with just one more. And this is (or shou | A work standard is prescribed: 50 units of production per worker per week. It is important that this standard be achieved and maintained. If production were to ",TRUE,,,
"permanent commitment",,,5,"prose","**Clearly define top management's permanent commitment to ever-improving quality and productivity,** and their obligation to implement all of these principles.  | **POINT 14.** [Clearly define top management's permanent commitment to ever-improving quality and productivity.] *(Day 5 pages 16--17.)*",TRUE,,,
"PLEASE START",,,5,"prose","*Some colleagues (see my Preface in the ""A. PLEASE START HERE"" file) and I have made considerable efforts to trace copyright holders of content quoted in the co | Also in America, SPC Press Inc ( ), who published my book *The Deming Dimension* in 1990 (see pages 12–13 in the Welcome section of file A. PLEASE START HERE),  | There is some detailed information about *The Deming Dimension* on pages 12–13 of the Welcome section in the “A. PLEASE START HERE” file.",TRUE,,,
"POINT End",,,5,"prose","## Point 4. End lowest-tender contracts | **POINT 4.** [End the practice of awarding business solely on the basis of price tag.] *(Day 4 pages 22--23.)*",TRUE,,,
"POINT Improve",,,5,"prose","## Point 5. Improve every process | **POINT 5.** [Improve constantly and for ever the system.] *(Day 4 pages 24--25.)*",TRUE,,,
"Point onward",,,5,"prose","A single 48-point control chart for Process A (totals when dice are thrown). The first 30 points fluctuate quietly inside the limits — stable. **Point 31 drops  | 48-point control chart for Process B (number of Heads when coins are tossed). The first ~38 points fluctuate quietly inside the limits. From around Point 39 the | That again is an accurate interpretation of what actually happened: two extra coins were added every time from Point 39 onward. This was a relatively steep tren",TRUE,,,
"points below",,,5,"prose","Finally, recall that the data in Chart F3 show the monthly US trade deficits for the years 2006–2009. The striking feature is the considerable downward trend fo | Now read through *DemDim* pages 264–270, revising your earlier comments and adding any new points below. | Now read through *DemDim* pages 270–274, revising your earlier comments and adding new points below.",TRUE,,,
"prescribed text",,,5,"prose","Again as with other courses, although there is no requirement for you to provide yourself with anything other than the prescribed text, naturally there are furt | That title speaks for itself. The only essential additional source for the course is the prescribed text: my book The Deming Dimension which was first published | ## The prescribed text: *The Deming Dimension*",TRUE,,,
"previous knowledge",,,5,"prose","I am tackling the first paradox here rather than in the main text because I do need to refer to matters covered in the usual kind of Statistics courses. If you  | To carry out Day 3's experiment does not actually need any ""previous knowledge"": previous knowledge is only involved with *interpreting* the results from the ex | Adding to your learning by reading a book about a topic with which you are already somewhat familiar is often absolutely fine: you already have the foundations ",TRUE,,,
"previous paragraph",,,5,"prose","[] Finally, what is the probability of there being exactly two sixes? We *could* produce a similar argument as in the previous paragraph, but there is a neater  | But now here's a different ""Of course"". Of course, if our Un-Knowing friend wasn't *totally* unknowing, but had one special piece of knowledge, he might stand a | Further weight to the above argument comes from the fact that, even if a process remains blissfully in statistical control, control limits computed from two dif",TRUE,,,
"prime purpose",,,5,"prose","The prime purpose of Day 3 as a whole is best summarised by the short title of Don Wheeler's excellent little book: *Understanding Variation*. So, looking forwa | From the practical viewpoint, one could simply express the prime purpose of Statistics as being ""data analysis"". So let's suppose we have available for analysis | Not a lot! Firstly, as you may know and unlike most techniques in traditional Statistics, control charts are specifically designed for what Deming referred to a",TRUE,,,
"probability distributions particularly",,,5,"prose","- Introduction - Part A: Using control charts on Funnel Experiment data — an extension of Major Activity 3–h 1. Introduction 2. Rules 1 and 2 of the Funnel *(** | - Summarising ""raw data"" through pictures such as histograms and the calculation of ""sample statistics"" such as the sample mean *X̄* and the sample standard dev | ## Probability distributions, particularly the binomial distribution",TRUE,,,
"process itself",,,5,"prose","Variation inherent to the process and the circumstances in which it is being operated — the way it has been designed, built, set up, and operated. Common causes | 3. One type of variation is inherent to the process and the circumstances in which it is being operated—the way it has been designed, built, set up, the way peo | Returning to the question at the bottom of the previous page (concerning the All-Knowing's viewpoint, did any of the management team's interpretations of the da",TRUE,,,
"profound messages",,,5,"prose","Several further “profound messages” are to be found in the references provided earlier. But I shall content myself here with just one more. And this is (or shou | Let's begin at the beginning. As I introduced the experiment, I made no secret of Dr Deming's description of it as ""stupidly simple"" —indeed, I even gave delega | So now we have yet more of the profound messages which this ""stupidly simple"" experiment communicates. The emotions raised and havoc wreaked by treating common-",TRUE,,,
"Prophet Unheard",,,5,"prose","*A Prophet Unheard*. ""Business Matters"" series, British Broadcasting Corporation (1992) | *A Prophet Unheard*: | Regarding videos, there were two quite well-known short British-made TV documentaries: *Doctor’s Orders* (produced by Central ITV in 1988) and *A Prophet Unhear",TRUE,,,
"quality improvement",,,5,"prose","I believe that the large majority do indeed want to do a good job. But mostly they find that “quality assurance” hinders rather than helps. Yes, it can introduc | All One Team means what it says. Many approaches to quality improvement involve formation of teams, maybe lots of them—but, as previously observed (during Point | At the time of first hearing of ""six-sigma"" quality, one of my frequent battles had been (and continued to be) that of getting people to think seriously of impr",TRUE,,,
"Quality Management",,,5,"prose","Unfortunately, Quality Control Departments have taken the job of quality away from the people that can contribute most to quality—management, supervisors, manag | Just one further example of poor understanding—although this one is not from Japan. In 1995 I embarked on a course in Management of Quality which was titled: ""P | By now you know that, from time to time, I tell you some bits and pieces of personal history. Here comes another. Some time in 1988, Dr Gopal Kanji was planning",TRUE,,,
"quite difficult",,,5,"prose","**Rule 2** is yet another matter. Unusually, this overcompensation problem is often quite difficult to recognise by comparing run charts alone. There is some te | So, in both cases, compute the positions of the Central Line and control limits from the data over your chosen baseline and draw them in on your run chart. Now, | So, in shorthand, how can we compute for ? Referring back to those early pages of Part D, there are two steps in this computation: one is easy but the other one",TRUE,,,
"quite short",,,5,"prose","From the 1990s, Japan (along with some other countries) has, as we know, suffered some economic problems. And certain people have pointed to those difficulties  | *DemDim* Chapters 13 and 14 are quite short—only six and ten pages respectively. Chapter 15 is quite a lot longer, and so I have allocated extra time for the re | I would describe what I have included in this morning's material as just sketching a background, rather like an artist's very broad brush-strokes at the earlies",TRUE,,,
"quite similar",,,5,"prose","As we would have hoped, the Central Lines and the control limits are quite similar in the two simulations—although, of course, they're not in exactly the same p | One aspect immediately noticeable about Rule 3's short control charts is their similarity to those of Rule 2 on page 10. A moment's reflection will show why. Re | For the second part of the question I'll simply suggest that you repeatedly refer to Charts A1–F1 (or, to be on the safe side, A1–E1). As I've already pointed o",TRUE,,,
"quite simply",,,5,"prose","Part E of the Optional Extras: ""Is There *Anything* Normal about Control Charts?"" is effectively a rewrite of the sixth of those short articles. That article wa | Quite simply, the Quality Circle concept was created as one of many ways to promote cooperation and learning. Let me now take this a step further. I would like  | The answer to the first pair of questions is that, quite simply, despite being easier and quicker for you and me to calculate, the MAD turns out to be very awkw",TRUE,,,
"quite well",,,5,"prose","Regarding videos, there were two quite well-known short British-made TV documentaries: *Doctor’s Orders* (produced by Central ITV in 1988) and *A Prophet Unhear | Yet again, this pattern is quite well-reflected in what happens during this course. For example, there is often some discussion on the various requests for acti | This morning's Part A contains considerably more material in the May 1990 version than in the other three parts. Thus, rather than also cramming the relevant Ac",TRUE,,,
"rather less",,,5,"prose","So, already by the end of the first week, the pressure was off. No way was this team of Willing Workers going to go anywhere near as badly as the previous Spani | Today involves rather less than the fairly full day's work designed for most days in this course. So, if you need more time on parts of today's study than I am  | (b) if something goes wrong, it is rather less likely that the ""thing"" itself will get blamed, so investigators will instead now look for ""What caused it?"". Thi",TRUE,,,
"rd edition",,,5,"prose","DEMING W Edwards, *The New Economics for Industry, Government, Education*. Massachusetts Institute of Technology, Center for Advanced Engineering Study, Cambrid | ISHIWAWA I, *Introduction to Quality Control*. Chapman and Hall (3rd edition 1990). Originally published as *Hinshitsu Kanri Nyūmon* JUSE Press Ltd (1954, 3rd e | SCHOLTES P R, *The Team Handbook*. Joiner Associates, Madison, WI (1988), Oriel Inc, Madison, WI (3rd edition 2003).",TRUE,,,
"read off",,,5,"prose","On the next page there are the same three ""graphs of the normal curve"" as above but now with some ""proportions of area thereunder"" inserted. So, as an example,  | Let's read off a few values. For a start, and . Remembering that probabilities are represented by areas under the normal curve, you might like to check the valu | There's just one piece of the jigsaw left to fit in. You'll recall the guidance that it's reasonable to use the normal distribution as an approximation if (with",TRUE,,,
"read Part",,,5,"prose","But beware! If you read Part E of the Optional Extras you will find me referring on page 60 to the famous British statistician, the late Professor George Box, s | We're starting off on quite familiar ground, particularly if you have read Part B of these Optional Extras, and so this first section is very short. | If you decided to work through the crash-course (Part D) then it may be quite a while since you read Part C. I shall therefore start by reproducing the final se",TRUE,,,
"real processes",,,5,"prose","And there’s the difficulty. What kind of “terms and conditions” could possibly be specified that would apply in practice to data from processes of all the kinds | After that final paragraph, those of you “in the know” will, I think, now begin to understand why “traditional” Mathematical Statisticians have tended to shy aw | You know that in 1985 I initially thought of Dr Deming as a statistician and a fine mathematician. Of course, I soon found out that he was much more than either",TRUE,,,
"real sales",,,5,"prose","Even though these were not real sales figures, and this was not a real management team, do you think that this was a reasonable account of how management might  | But remember, as I emphasised in Pause for Thought 2–a, ""these were not real sales figures, and this was not a real management team"". Why did I use artificial d | —both [A] and [B]. Now, [A] is very generally applicable to different kinds of processes that we are concerned with in practice but, of course, [B] is not. In p",TRUE,,,
"really need",,,5,"prose","What do you think—is the trait of competing against each other and its consequences *born* with us or was it *acquired* by us? I am sure that very many of us ha | I hope you will have found it helpful to gain that additional experience of constructing and interpreting control charts. However, to be fair, Funnel Experiment | On the other hand, the third stage is *truly* optional as far as this course is concerned. Quite a lot of the “how” is largely common sense, but some of it does",TRUE,,,
"recorded pretty",,,5,"prose","Let me emphasise a few basics. By ""a-few-at-a-time"" data I am implying that we are now dealing with what were referred to above as ""samples"" rather than just si | Why ""subgroups""? Actually, I can't recall ever having seen that word very precisely described! But presumably the idea is that there is some *group* of observat | Also as previously, we are likely to be interested in some way of measuring the *variation* of the numbers in our subgroup. On Day 3 we became familiar with the",TRUE,,,
"recorded pretty much",,,5,"prose","Let me emphasise a few basics. By ""a-few-at-a-time"" data I am implying that we are now dealing with what were referred to above as ""samples"" rather than just si | Why ""subgroups""? Actually, I can't recall ever having seen that word very precisely described! But presumably the idea is that there is some *group* of observat | Also as previously, we are likely to be interested in some way of measuring the *variation* of the numbers in our subgroup. On Day 3 we became familiar with the",TRUE,,,
"recruitment advertisement",,,5,"prose","First, a brief overview. As we've seen, the seminar leader (me) plays the role of Foreman, and my first task is to recruit the ten volunteers. On the left is a  | Referring back to my comment on the reverse of today's ID page, the distortion was particularly bad on this recruitment advertisement. Indeed in this case even  | The second of the two sentences in the qualifications for Willing Workers in my recruitment advertisement would sometimes elicit mutterings from delegates such ",TRUE,,,
"Red Beads data",,,5,"prose","So let's now carry on as we did through much of yesterday with the various sets of Red Beads data: let's now upgrade the run chart to a control chart by inserti | As a minor point of detail, notice the thin blue line in the middle of the chart. This is the ""Central Line"" representing the average of the data-values from wh | Interpreting the red beads as ""defective items"", we immediately see that the method for computing the limits described there is indeed appropriate for Red Beads",TRUE,,,
"red box",,,5,"prose","All four types of request for action just discussed are clearly signalled in the text. On each day, the Pauses for Thought and Activities are sequentially label | The red box indicates there will now be a Pause for Thought or Activity which is immediately followed by some relevant commentary. My commentary will be in the  | Unlike a red box, a green box indicates an Activity or Pause for Thought with no associated box of commentary.",TRUE,,,
"relatively easy",,,5,"prose","However, when one or more values clearly fall outside the process limits then the situation is wholly different. (Note that I am not talking about a very occasi | Now, as I said, using moving ranges is not a *perfect* solution for obtaining control limits that purely reflect common-cause variation even if computed when th | Let's return to the interesting feature observed on page 28 that, rather than being properly in statistical control, there was some indication of a seasonal eff",TRUE,,,
"rob hourly",,,5,"prose","**Remove the barriers that rob hourly workers, and people in management, of their right to pride of workmanship.** This implies, *inter alia*, abolition of the  | **POINT 12.** [Remove the barriers that rob hourly workers, and people in management, of their right to pride of workmanship.] *(Day 5 pages 12--13.)*",TRUE,,,
"rob hourly workers",,,5,"prose","**Remove the barriers that rob hourly workers, and people in management, of their right to pride of workmanship.** This implies, *inter alia*, abolition of the  | **POINT 12.** [Remove the barriers that rob hourly workers, and people in management, of their right to pride of workmanship.] *(Day 5 pages 12--13.)*",TRUE,,,
"same scale",,,5,"prose","However, as mentioned earlier, the theory underlying where we place the control limits relates to standard deviations rather than to any other type of measure o | So firstly let's take the issue that, because the constants we use to find our control limits have been computed by mathematicians after they assume the data co | However, to conclude here, there was yet another example of the use of an unbiased estimator in Part B of these Optional Extras: see page 20. It was adjustment ",TRUE,,,
"sample variance",,,5,"prose","- Summarising ""raw data"" through pictures such as histograms and the calculation of ""sample statistics"" such as the sample mean *X̄* and the sample standard dev | [] Finally as far as variances are concerned, let's return to that mystery of why, given a random sample of size , the sample variance was defined with the divi | Clearly, if we knew the value of , it would have made sense to use it in the expression for the sample variance rather than . is there because, in general, we *",TRUE,,,
"scientific process",,,5,"prose","### ""A dynamic scientific process of acquiring knowledge"" | > ""The three steps constitute a dynamic scientific process of acquiring knowledge."" | A dynamic scientific process of acquiring knowledge! Rather different from *done; finished; gone!* And this was back in 1939---hardly ""rocket science""! But emin",TRUE,,,
"scooter start",,,5,"prose","## What makes the scooter start? | Now, after some years, the son reached the eighth standard. His question of ""How did the scooter start?"" had remained unanswered. One day in class, his teacher  | When *information* answers a question that has come from *theory*, it becomes *knowledge*. Now the boy understood that, when he or his father kicked the lever o",TRUE,,,
"second book",,,5,"prose","However, in my early days of studying Dr Deming’s work, I also found it useful to enjoy some lighter read- ing—I am sure the relevant authors will not object to | Finally, now that you have seen the Deming/Shewhart Cycle as well as being familiar with the general concept of Shewhart's circle definition of the ""New Way"", I | However, in addition, if at some time in the future you would like to study a rather different---though highly compatible---approach to the System of Profound K",TRUE,,,
"second phase",,,5,"prose","So what's the third phase? This is the one that really reflects Deming's *Dream* (see ): ""This formation of a *System* was *of management*"" (although the style  | Table Two below reflects the beginning of the second phase in which the effects of the options on *all three areas* are now brought into consideration. (On *Dem | The conclusion from this basic version of the exercise is that, since there happen to be an equal number of + signs and − signs in Table Two, all that work of a",TRUE,,,
"second sentence",,,5,"prose","How may we be sure about what the customer will receive from us if we do not use mass inspection techniques? Answer: By getting processes and the product/servic | Training budgets in many organisations are absurdly small. So how do people learn the skills necessary for their jobs? Notice Deming's emphasis in his second se | However, Deming's second sentence indicates that he is thinking in much broader terms than just this. That second sentence is obviously true. But why does it ap",TRUE,,,
"selling feature",,,5,"prose","### Unique selling feature | I think any business has to have a unique selling feature. In other words, what is it that this company does that the other companies won't do, or are unable to | We had a customer buying furniture a couple of Saturdays ago. She lived about 60 miles from our store. It was a very unusual situation. Her house had burned dow",TRUE,,,
"set aside",,,5,"prose","But a lot of other stuff that Deming had written did appeal to me, so I rather set aside that business about the two types of statistical studies and read about | She was ""fiddling the figures""! Could you blame her? Wouldn't you have done the same? Her kind of action is sometimes called ""sandbagging"". On ""good days"" she w | Obviously, what you decide upon will depend on whether you (and your colleagues if you are studying in a group) are already involved in other full- or part-time",TRUE,,,
"several years",,,5,"prose","In the “Springboard” article just mentioned on , as indeed in much of my other writing, I have largely followed the guidance of Dr Donald J Wheeler by using som | I was delighted when, several years ago, I first heard the phrase ""six-sigma quality"", made famous through the quality programme bearing that name at Motorola,  | One of Dr Deming’s first recommendations was that Nashua acquire the services of an experienced statistician. On Deming’s advice, Bill “head-hunted” Dr Lloyd S ",TRUE,,,
"shall use",,,5,"prose","No probabilities, no fancy theory, no assumptions about any particular probability distribution, etc—*experience*! Shewhart carried out a lot of experimentation | Let's now move on to a more comprehensive description of the Experiment on Red Beads. I will try to make it come alive for you as much as possible as the day pr | **NB** Just in case you really cannot find any dice to use then I have provided below a couple of sample sequences of dice-throws for you to choose between and ",TRUE,,,
"short articles",,,5,"prose","This article that Balaji Reddie has been very keen for me to show you (see his ""Contributions"" page 33) was the seventh in a series of eight short articles that | Part E of the Optional Extras: ""Is There *Anything* Normal about Control Charts?"" is effectively a rewrite of the sixth of those short articles. That article wa | As I was developing the current section of the course, I realised that the content of his series of short articles could be extremely valuable to *12 Days* stud",TRUE,,,
"short extracts",,,5,"prose","To put a little flesh on the bones, it would be a good idea for you to compute these various control limits and see them in action. The easiest way to do that i | If you explore the internet, you are likely to find several links to videos involving the Red Beads Experiment. However, most of them, whether or not they featu | Let's recall a couple of short extracts from Day 1. Firstly from , when discussing what is meant by ""understanding variation"", we had:",TRUE,,,
"short sentence",,,5,"prose","In effect, Shewhart was considering the tightness or the looseness of the criterion which should be used as the dividing-line between judging the process to be  | One obvious possibility of how to start---and this will certainly be quick and easy---is for you to describe your immediate reaction(s) upon reading an item. Th | Some care is needed in interpreting that first short sentence. A common reaction is: ""Of course, people are different""---often intended pejoratively. But, in pa",TRUE,,,
"simple arithmetic",,,5,"prose","So how can I guide you through these various possibilities? I’m going to ask you to choose which of four “Stats-levels” you feel is most suitable for you. Stats | After the delegates returned from their coffee-break on the Wednesday morning, Dr Deming briefly introduced the experiment. Then there was some pleasant humour  | 10 VACANCIES (educational requirements minimal) 1 RECORDER — able to write neatly and to perform simple arithmetic 1 CHIEF INSPECTOR — able to compare figures a",TRUE,,,
"simple binomial",,,5,"prose","Let's develop the same theme to find the *standard deviation* σ or the *variance* σ² of this simple binomial distribution. So now we want to find the long-term  | However, only two very simple binomial distributions were introduced in Part D: those involving the count of Heads when two coins are tossed and then the number | If it is a while since you read that material on the simple binomial distributions at the beginning of Part D then I suggest, in order to put yourself back in t",TRUE,,,
"simple example",,,5,"prose","Then recall the simple example on . I observed that changing the *average* of my process there would be very easy. And, in my experience, it is indeed very ofte | So now you know that, if you see either the zig-zag effect or the ""wandering"" effect in a control chart, you might immediately have a suggestion as to what migh | Let's demonstrate by means of a very simple example: the number of Heads obtained when two coins are tossed. Assuming that the coins obey the mathematical ideal",TRUE,,,
"single sided",,,5,"prose","The material for Day 6 includes a substantial case study on pages 7–16. Day 6's Major Activity then follows on pages 18–20. After you've read the first few para | Now that you know what this Major Activity involves, I also strongly recommend that you take my advice on by reading through Mack's story once more before conti | 2. On I advised you that you would need to print some copies of the tables to be used in today's Major Activity. I recommend that you print out single-sided cop",TRUE,,,
"single word",,,5,"prose","I have but a single word for it: absurd. | Indeed, ranking and rating are not just senseless—they are harmful. Reflecting the question posed on page 1, why should people [""work together""] (for the advant | In fact, the people at Joiner Associates used only *six* words, with the top of the Triangle being condensed to just ""Quality"". However, that struck me as being",TRUE,,,
"six points",,,5,"prose","However, as you would expect, it was pretty difficult to figure out how to upset the Red Beads data! All I could think of was (for the final six points) to add  | 48-point control chart for Process C (numbers of red beads from the Red Beads Experiment). Points 1–42 fluctuate inside the limits in the familiar Red Beads pat | There is little to discuss with the Red Beads illustration: you will recall that I contrived to double the recorded values for the last six points. In fact, it ",TRUE,,,
"small samples",,,5,"prose","Another great value of Don’s work is that, whereas it used to be the case that control charts were generally considered to require small *samples* of data to be | > ""Another great value of Don *[Wheeler]*'s books is that, whereas it used to be the case that control charts were generally considered to require small *sample | After all this, it's hardly surprising that, in developing their theory as well as their tools and techniques, conventional statisticians have been very happy t",TRUE,,,
"someone else",,,5,"prose","Indeed, ranking and rating are not just senseless—they are harmful. Reflecting the question posed on page 1, why should people [""work together""] (for the advant | Understanding the distinction between ""competing with"" and ""competing against"" can make all the difference between success and failure. But, if we look around u | Thus, in Deming’s terms, teaching and learning details about how to *construct* control charts is *training*. Teaching and learning how to interpret the charts ",TRUE,,,
"soon found",,,5,"prose","You know that in 1985 I initially thought of Dr Deming as a statistician and a fine mathematician. Of course, I soon found out that he was much more than either | I well remember that, the first few times I was preparing to run the Red Beads Experiment in public, I felt rather nervous. Wouldn't you—knowing that you (as th | Well, in Activity 2-f you've now had your own initial experience of the same situation, albeit without the pressure of performing in front of a paying audience.",TRUE,,,
"statistical tool",,,5,"prose","Less trivially, suppose the data alternately measure efficiency or productivity etc of both a day-shift and a night-shift. There could be many reasons for a zig | My main initial task was to help set up and supervise a company-wide training scheme, mostly on some of what are often referred to as the “old tools” or “seven  | Now, depending on your background, one feature of the previous section may have already started making you feel a little queasy. And that is the repeated refere",TRUE,,,
"Stats levels",,,5,"prose","So how can I guide you through these various possibilities? I’m going to ask you to choose which of four “Stats-levels” you feel is most suitable for you. Stats | If you are following my timing guidance, the difference between Stats-level 0 (including 00, of course) and the rest creates a small problem: on both Days 2 and | **NB** There will be no separation between Stats-levels 0 and Stats-levels 1–3 this afternoon, and so then the timing guidance will only be included on the righ",TRUE,,,
"Step Step",,,5,"prose","> “This may be a new experience: you have come to learn. You *may* have come for a formula. There is no formula. There is no Step 1, Step 2, Step 3, ... . We ar | **Step 8.** Step 7 included copying over the relevant row totals into the final column. Now complete Table Three by adding up and inserting on the bottom row th | - Do I need to do other things before embarking upon this item? If so, what? - Will I need to get somebody's support in order to proceed with this? If so, whom?",TRUE,,,
"still largely",,,5,"prose","In extract from *EST* on , I referred to the control chart (process behaviour chart) as being “a remarkable statistical technique which, to all intents and purp | >So, what’s new? The majority of the added material focuses on a remarkable statistical technique which, to all intents and purposes, was unknown at the time of | Let's gather together some thoughts. What might our basic learning about variation tell us? One crucial matter which is (a) obvious but (b) largely ignored by t",TRUE,,,
"still need",,,5,"prose","Most (if not all) of us know people who have particular skills, abilities, imagination and inspiration that provide invaluable contributions to what we and othe | Now, having nearly completed this course, you are hardly likely to fall into that kind of trap! But you still need to be wary. Many consultants and other ""exper | There is still more good news to come! The almost universally accepted way of computing control limits for control charts based on a-few-at-a-time data, i.e. us",TRUE,,,
"stock market",,,5,"prose","There are also lots of circumstances which will lead to positively autocorrelated data. Financial data are a good case in point. Stock market indices, inflation | A run chart provides a picture of how a value or a measurement etc changes over time. It's the kind of graph often seen in, for example, the Business or Money s | I well remember that, the first few times I was preparing to run the Red Beads Experiment in public, I felt rather nervous. Wouldn't you—knowing that you (as th",TRUE,,,
"strong link",,,5,"prose","The strong link here is wholly obvious. But note the implications concerning management style. Anything (and there is often much) that management does to erect  | So here, as pointed out at the very end of Prelude A, we have an immediate strong link between our first two Preludes. The salesman who lied to the customers an | The third sentence of the statement of this Point (""We can no longer live…"") provides a clear and strong link with the Obsession With Quality. This is improveme",TRUE,,,
"Study Act",,,5,"prose","As we know, Points 1 and 5 and the first Deadly Disease are concerned with genuine, sustained and sustainable improvement, and that most certainly is what the D | ## PDSA cycle (Plan-Do-Study-Act) | An iterative improvement cycle: Plan, Do, Study, Act. Deming preferred ""Study"" over the simpler ""Check"" because the third step is where the real learning takes ",TRUE,,,
"such activities",,,5,"prose","As mentioned on page 11 of the introductory Welcome section, you will need to carry out some preparation for your Major Activity 3-a on Day 3. It was envisaged  | To carry out Day 3's experiment does not actually need any ""previous knowledge"": previous knowledge is only involved with *interpreting* the results from the ex | I soon began to appreciate the potential value of relating the 14 Points to the Joiner Triangle's three foundations. I suspected that this might be just the veh",TRUE,,,
"such cases",,,5,"prose","Thus, in summary, we have emphasised that the different parts of a system need to optimise their combined performances (""work together"") rather than maximising  | Probability distributions divide themselves into two types depending on what kind of data they represent. So far, we have only been considering what we might ca | So the ARLs steadily *increase (worsen)* as the baseline gets longer. This might indeed initially appear rather surprising since the conventional statistician's",TRUE,,,
"such circumstances",,,5,"prose","Similar situations can and often do occur in the workplace. We have already discussed the possibility of a ""reward and recognition"" scheme being introduced whic | Now, don't start jumping to wrong conclusions here. What he meant was that, if my learning process were known and understood, and I was therefore put onto the a | But what do we see in the name of ""motivation"" these days? We get *extrinsic* motivation. Managers and others think that people get motivated by dangling a carr",TRUE,,,
"such data",,,5,"prose","Apart from the feature of possibly wandering off to relatively enormous distances from wherever it starts, there is another aspect of Rule 4 which is often seen | **Rule 3**'s zig-zag effect is the complete opposite. (This is *negative* autocorrelation.) ""Zig-zag"" *means* up-down-up-down-up … : i.e. here the moving ranges | Tomorrow, on Day 2, we shall describe and work with Dr Deming’s renowned “Experiment on the Red Beads”, performed (to the best of my knowledge) at every one of ",TRUE,,,
"such terms",,,5,"prose","But let me quote Deming directly from his dedication in the 1980 reprint of Shewhart’s famous 1931 book: *Economic Control of Quality of Manufactured Product*.  | 1. Good quality of a product or service surely implies that it can be described in such terms as reliable, dependable, predictable—no nasty surprises. The quali | Not only did Dr Deming write extremely concisely, he would consistently use a few words and terms in very specific ways: ways that might not always be apparent ",TRUE,,,
"Summary of Teachings to Top Management",,,5,"prose","If and when the time comes that you might like to learn more about the man as well as his message (for this final recommendation does both), treat yourself to * | ## A Summary of Teachings to Top Management and to Engineers in Japan | I would describe what I have included in this morning's material as just sketching a background, rather like an artist's very broad brush-strokes at the earlies",TRUE,,,
"system itself",,,5,"prose","Many years ago the late Dr Myron Tribus, a respected consultant and speaker, took around with him some randomly-generated data, displayed in a format somewhat s | Only recently, the entire management of a large manufacturing concern supposed, by their own declaration, that if all 2,700 operations in the plant were carried | What causes the ""delays, mistakes, defective materials, and defective workmanship""? Maybe the underlying system itself is reasonably good but is suffering from ",TRUE,,,
"take another",,,5,"prose","Let's take another look at the calculations of the sample mean at the end of the previous section. You saw that we finished up writing them like this: | it's so that . As we saw on page 65, an estimator whose expected value is equal to the thing that it is trying to estimate is known as an *unbiased estimator*.  | Peter was then able to point out to them that this is definitely *not* random variation! Random variation does not have patterns (except occasionally and briefl",TRUE,,,
"take another look",,,5,"prose","Let's take another look at the calculations of the sample mean at the end of the previous section. You saw that we finished up writing them like this: | it's so that . As we saw on page 65, an estimator whose expected value is equal to the thing that it is trying to estimate is known as an *unbiased estimator*.  | Peter was then able to point out to them that this is definitely *not* random variation! Random variation does not have patterns (except occasionally and briefl",TRUE,,,
"take joy",,,5,"prose","> “Just think what this country could be—think what North America could be—if half the people, even make it 25%, could take pride in their work, could take joy  | > [""A system of schools (public schools, private schools, parochial schools, trade schools, for example) is not merely pupils, teachers, school boards, and pare | A system of schools (public schools, private schools, parochial schools, trade schools, for example) is not merely pupils, teachers, school boards, and parents.",TRUE,,,
"technical details",,,5,"prose","The technical details as to how this table is derived will be left (as you would expect!) to the Technical Section (page 83). With our illustrative subgroup of  | In this section we'll introduce the type of control charts that are almost universally employed for studying subgrouped data. There are other possibilities but, | But now here's a different ""Of course"". Of course, if our Un-Knowing friend wasn't *totally* unknowing, but had one special piece of knowledge, he might stand a",TRUE,,,
"term average value",,,5,"prose","We shall make further use of this concept of long-term average values in this Technical Section. But ""long-term average value"" is also rather a mouthful. And so | With a discrete distribution, sometimes is a possible value of . For example, when we considered tossing two coins and counting the number of Heads, then , i.e. | A straightforward yet vital property of expected values is that they are *additive*. If we express this property in terms of ""long-term averages"" you will soon ",TRUE,,,
"term proportion",,,5,"prose","The almost automatic presumption that the long-term proportion of red beads obtained in the experiment must equal the proportion of red beads in the container i | - Summarising ""raw data"" through pictures such as histograms and the calculation of ""sample statistics"" such as the sample mean *X̄* and the sample standard dev | The idea of the *probability* of an *event* occurring in some particular situation is often described in terms of the *long-term proportion of occurrences* of t",TRUE,,,
"term thinking defeats",,,5,"prose","**Short-term thinking defeats constancy of purpose to stay in business with long-term growth.** | **DISEASE 2.** [Short-term thinking defeats constancy of purpose.] *(Day 5 pages 20--21.)*",TRUE,,,
"thinking defeats",,,5,"prose","**Short-term thinking defeats constancy of purpose to stay in business with long-term growth.** | **DISEASE 2.** [Short-term thinking defeats constancy of purpose.] *(Day 5 pages 20--21.)*",TRUE,,,
"thinking defeats constancy",,,5,"prose","**Short-term thinking defeats constancy of purpose to stay in business with long-term growth.** | **DISEASE 2.** [Short-term thinking defeats constancy of purpose.] *(Day 5 pages 20--21.)*",TRUE,,,
"through DemDim pages",,,5,"prose","Now read through *DemDim* pages 264–270, revising your earlier comments and adding any new points below. | Now read through *DemDim* pages 270–274, revising your earlier comments and adding new points below. | But don't forget to prepare for Part D as well! So, following the previous pattern, first remind yourself of what's in Prelude D. Then read through *DemDim* pag",TRUE,,,
"through Dr",,,5,"prose","Our challenge at Gallery Furniture is to stay on the Deming course that we have learned. When I read the Wall Street Journal and the newspapers, and I see these | With these three sources you therefore have (1) the opportunity to study the System of Profound Knowledge as it was in the relatively early days, May 1990, of i | First, use your notes made with respect to the final bullet-points in both Steps 2 and 3 above to jot down relevant comments against some of the Points and/or D",TRUE,,,
"through Dr Deming's",,,5,"prose","Our challenge at Gallery Furniture is to stay on the Deming course that we have learned. When I read the Wall Street Journal and the newspapers, and I see these | With these three sources you therefore have (1) the opportunity to study the System of Profound Knowledge as it was in the relatively early days, May 1990, of i | First, use your notes made with respect to the final bullet-points in both Steps 2 and 3 above to jot down relevant comments against some of the Points and/or D",TRUE,,,
"time ago",,,5,"prose","Some time ago my friend Fran Wheeler sent me a Calvin and Hobbes cartoon which she had recognised as a rather sweet illustration of the ""zig-zag"" effect. Partic | You will recall that this topic of Statistical Thinking was born in the 1920s due to the brilliant insights of Dr Walter Shewhart. He made a discovery about pro | On the other hand, you may of course *wish* to learn a little more or even a lot more about control charts. In that case I’ll mention three possibilities which ",TRUE,,,
"time thinking",,,5,"prose","Considering the breadth indicated in the title of Dr Deming’s final book: *The New Economics for Industry, Government, Education*, it will be worthwhile for you | (3) On *DemDim* pages 34–35 we saw Lloyd Nelson's statement about the importance of ""unknown and unknowable"" figures, followed by a number of illustrations. Spe | Firstly, for your own interest and later use, I'd like you to spend some time thinking and ""scoring"" your organisation with reference to the 14 Points and Deadl",TRUE,,,
"times before",,,5,"prose","On the following day this man was given a job of carrying out some soldering. All he had to do was to take a board with components on it and immerse it in a ves | It is time for me to come clean as to the nature of the ""work"" in the Red Beads Experiment, and how it is performed. This description is quite lengthy (more tha | You will find it helpful to make yourself quite familiar with Mack's account before you embark upon today's Major Activity. It is a pleasantly easy read, and th",TRUE,,,
"too much time",,,5,"prose","### Too much time, too little time | Let’s move on now to considering how to manage the time within each of our “days”. Again you can be quite flexible as suits you personally or the group with who | But again, don’t go to extremes. Rather less obviously, spending considerably too much time, conscientious as that would show you to be, also has its drawbacks.",TRUE,,,
"top left",,,5,"prose","I therefore wrote a program to generate a large number of series of data from a normal distribution having σ = 1, and in each case calculate *MR̄* ÷ 1.128. I ch | The resulting histograms are shown on page 67. Now, presumably if there *were* any truth in the notion that normality is *necessary* for the standard method of  | Four large boxes arranged in a 2×2 grid, each pointing inward toward a small empty central box that holds the four parts together (the visual is reminiscent of ",TRUE,,,
"top management's",,,5,"prose","**Clearly define top management's permanent commitment to ever-improving quality and productivity,** and their obligation to implement all of these principles.  | **POINT 14.** [Clearly define top management's permanent commitment to ever-improving quality and productivity.] *(Day 5 pages 16--17.)*",TRUE,,,
"top management's permanent",,,5,"prose","**Clearly define top management's permanent commitment to ever-improving quality and productivity,** and their obligation to implement all of these principles.  | **POINT 14.** [Clearly define top management's permanent commitment to ever-improving quality and productivity.] *(Day 5 pages 16--17.)*",TRUE,,,
"trade deficits",,,5,"prose","Twelve control charts arranged as six pairs (rows A through F). The **left column (A1–F1)** shows six different stable processes — dice totals, coin tosses, Red | Regarding the ""serious"" processes, where nobody is ""All-Knowing"", the charts for Process D show my pulse-rate taken at breakfast-time over a period of 24 consec | Process F was the only one whose details I have changed from my initial version of the six processes. Despite the more than 30 years that have passed since then",TRUE,,,
"Understanding Statistical Process",,,5,"prose","During Day 3 you were introduced to the ancient but valuable study by Don Wheeler of ""A Japanese Control Chart"": it is examined in some detail in Part B of the  | WHEELER D J and CHAMBERS D S, *Understanding Statistical Process Control*. SPC Press, Knoxville, TN (1985, 3rd edition 2010). | Before considering the details, it would be useful to take a look at part of the rather famous hand-drawn *X̄-R* chart of which we have already seen something a",TRUE,,,
"uniform distribution",,,5,"prose","For the results of the computer simulations shown here, I generated samples of various sizes from three continuous probability distributions. The first was one  | Firstly, I generated samples of size just *n* = 2 from a uniform distribution: here is the histogram of values of the ""standardised"" version of (i.e. the ""*Z*""  | The feature of the uniform distribution which really helps the Central Limit Theorem's effect to become clear so quickly is the fact that, like the normal distr",TRUE,,,
"unique selling",,,5,"prose","### Unique selling feature | I think any business has to have a unique selling feature. In other words, what is it that this company does that the other companies won't do, or are unable to | We had a customer buying furniture a couple of Saturdays ago. She lived about 60 miles from our store. It was a very unusual situation. Her house had burned dow",TRUE,,,
"unique selling feature",,,5,"prose","### Unique selling feature | I think any business has to have a unique selling feature. In other words, what is it that this company does that the other companies won't do, or are unable to | We had a customer buying furniture a couple of Saturdays ago. She lived about 60 miles from our store. It was a very unusual situation. Her house had burned dow",TRUE,,,
"upper limit",,,5,"prose","I'll illustrate that very simply with the time it takes me to travel to work. Suppose that I have been keeping records and have carried out some simple calculat | With the data on page 24 the control limits for the *X̄*-chart are at 15.895 mm and 15.908 mm, while the (upper) limit on the *R*-chart is at 0.0207 mm. | With the data on page 25 the control limits for the *X̄*-chart are at 15.871 mm and 15.899 mm, while the (upper) limit on the *R*-chart is at 0.0440 mm.",TRUE,,,
"Upper Specification",,,5,"prose","We'll restrict attention for now to situations where specifications are provided, e.g. by the customer (internal or external)—or by the boss! That is, there is  | You may recall that the Ford histograms on page 5 showed the positions of Lower and Upper Specification Limits. Deming's disapproval of judging quality merely i | A horizontal number line marked with two vertical tick-marks: **LSL** (Lower Specification Limit) on the left and **USL** (Upper Specification Limit) on the rig",TRUE,,,
"us back",,,5,"prose","That immediately brings us back to the earlier part of Dr Deming's description of a system: [""a network of interdependent components that work together""] . Ever | Also as previously, we are likely to be interested in some way of measuring the *variation* of the numbers in our subgroup. On Day 3 we became familiar with the | There is one final type of control chart that I would like to mention to you. This takes us back to one-at-a-time data and is an interesting variant on the fami",TRUE,,,
"US trade",,,5,"prose","Twelve control charts arranged as six pairs (rows A through F). The **left column (A1–F1)** shows six different stable processes — dice totals, coin tosses, Red | Process F was the only one whose details I have changed from my initial version of the six processes. Despite the more than 30 years that have passed since then | 48-point control chart for Process F (monthly US trade deficits, in billions of dollars, for 2006–2009). The first 31 points fluctuate inside the limits with a ",TRUE,,,
"used during",,,5,"prose","There is, of course, so much to learn from the Experiment on Red Beads that I could not possibly attempt to cover everything here. Regarding messages from the e | In case that might be possible, let me tell you what I did in my seminars. As you will remember, Dr Nelson's original version of the experiment is rather tricky | >At that first seminar, I was looking forward to discovering how all my knowledge of Mathematical Statistics fitted into Dr Deming’s management teaching. It did",TRUE,,,
"vacuum cleaner",,,5,"prose","He next immediately moves on to two examples of non-human systems: a car and a vacuum-cleaner. If just one component is getting worn or completely breaks down,  | A system is a network of functions or activities (sub-processes, stages---hereinafter components) within an organisation that work together for the aim of the o | So this is about what Dr Deming (amongst others) refers to as a ""system"" and describes as a ""network"". To illustrate this, William W Scherkenbach (a Director of",TRUE,,,
"ve already",,,5,"prose","So what does all this imply about my approach to control charts in this course? As in Dr Deming’s seminars, you will not have to construct any control charts if | In addition to this afternoon’s “Deming story”, there is a broader sense in which this course is designed in a “telling the story” mode. By and large (but not s | People in the Western Electric Company at that time were heavily involved in the development of telephone technology and related equipment. They were investing ",TRUE,,,
"Vice President",,,5,"prose","Specifications can not tell the whole story. The supplier must know what the material is to be used for. If the supplier knows that the steel will be used for t | Let's consider a longer illustration. A senior manager in a company is taking a walk in the workshop and notices a puddle of oil on the floor underneath a machi | But at the end of one month it was discovered that the vouchers and the amount of petrol taken did not match up. This meant that some petrol was being taken ill",TRUE,,,
"vigorous programme",,,5,"prose","**Institute a vigorous programme of education, and encourage self-improvement for everyone.** What an organisation needs is not just good people; it needs peopl | **POINT 13.** [Institute a vigorous programme of education, and encourage self-improvement for everyone.] *(Day 5 pages 14--15.)*",TRUE,,,
"Washington DC",,,5,"prose","SCHERKENBACH W W, *The Deming Route to Quality and Productivity*. CEEPress Books, Washington DC (1986). | SHEWHART W A, *Economic Control of Quality of Manufactured Product*. Van Nostrand (1931); American Society for Quality Control (1980); CEEPress Books, Washingto | SHEWHART W A, *Statistical Method from the Viewpoint of Quality Control*. Graduate School of the Department of Agriculture, Washington DC (1939); Dover Publicat",TRUE,,,
"way communication",,,5,"prose","**Encourage effective two-way communication and other means to drive out fear throughout the organisation** so that everybody may work effectively and more prod | **POINT 8.** [Encourage effective two-way communication and other means to drive out fear throughout the organisation.] *(Day 5 pages 4--5.)*",TRUE,,,
"well beyond",,,5,"prose","At the time of first hearing of ""six-sigma"" quality, one of my frequent battles had been (and continued to be) that of getting people to think seriously of impr | !Two long Rule 3 control charts stacked: the first holds to a modest range for much of its length before zig-zagging out, while the second blows up into a rapid | If you'd like to examine this period by drawing the *X̄-R* chart on the graph-paper below, you will see that the process remained in control during this time, a",TRUE,,,
"Western Electric Company",,,5,"prose","I have mentioned the 1920s several times during the Overture, and so you know what’s coming here. Yes: Dr Walter Shewhart at the Western Electric Company, and u | Just like many students these days, Mr Deming (as, of course, he still was at the time) had to “work his way through college”: he needed to find temporary jobs  | People in the Western Electric Company at that time were heavily involved in the development of telephone technology and related equipment. They were investing ",TRUE,,,
"while later",,,5,"prose","> A little boy is in the bath (or, in view of the American source, I guess I should say ""tub""!). He shouts for help: > > *Little boy:* The water's too cold! > > | > ""When introducing control charts (for one-at-a-time data) to delegates at my seminars, reactions were usually very positive, even from those who started out b | When introducing control charts (for one-at-a-time data) to delegates at my seminars, reactions were usually very positive, even from those who started out by s",TRUE,,,
"wide range",,,5,"prose","If your position can be described as ""staff"" then, equally obviously, your focus will be on the ""Guidance for Staff"" section (pages 14--18). However, ""staff"" co | If you are already in middle management then that term also covers a wide range: from ""lower middle"" to ""upper middle"". So, in addition to the half-dozen items  | There is no need for me to summarise the content of the course here since that is provided on Day 1 pages 16–19. However, the morning of Day 1 covers quite a wi",TRUE,,,
"wise words",,,5,"prose","On , I include what I trust are some wise words on putting theory into practice. I advise doing things gradually rather than precipitously and I spend a little  | ### Wise Words from Dr Don Wheeler | There is one aspect of the *Japanese Control Chart* that I must advise you *not* to copy unless you already have really considerable knowledge and understanding",TRUE,,,
"within limits",,,5,"prose","## Performing ""within limits"" | Long ago in your *12 Days to Deming* course you became familiar with the importance of a system or parts of a system or processes performing ""within limits""—it  | When a process is performing ""within limits"", it is essentially the *process* which is producing the results. But nevertheless, even when this is the case, peop",TRUE,,,
"worker per",,,5,"prose","One important fact to learn and appreciate is how *large* common-cause variation (variation produced by the system) can be. With 20% of the beads being red, it  | Several further “profound messages” are to be found in the references provided earlier. But I shall content myself here with just one more. And this is (or shou | A work standard is prescribed: 50 units of production per worker per week. It is important that this standard be achieved and maintained. If production were to ",TRUE,,,
"worker per week",,,5,"prose","One important fact to learn and appreciate is how *large* common-cause variation (variation produced by the system) can be. With 20% of the beads being red, it  | Several further “profound messages” are to be found in the references provided earlier. But I shall content myself here with just one more. And this is (or shou | A work standard is prescribed: 50 units of production per worker per week. It is important that this standard be achieved and maintained. If production were to ",TRUE,,,
"Worker Worker",,,5,"prose","| | Day 1 | Day 2 | Day 3 | Day 4 | Average | |---|---|---|---|---|---| | Worker 1 | 9 | 11 | 7 | 8 | 8.75 | | Worker 2 | 6 | 11 | 11 | 9 | 9.25 | | Worker 3 | ",TRUE,,,
"worth pointing",,,5,"prose","Earlier I described Shewhart’s work in the 1920s as a “crucially important breakthrough” in understanding variation. It would be unfair of me to express it in s | To support that remark it is worth pointing out that, as you'll probably have realised, there are some pretty obvious connections between the three vertices of  | It is worth pointing out to start with that, in addition to your being familiar with the 14 Points and the Deadly Diseases from the First Project, you are also ",TRUE,,,
